timestamp,record_id,service,environment,trace_id,transaction_id,endpoint,request_count,error_rate,p95_latency_ms,status_code_breakdown
2026-03-27T17:32:00Z,API-0001,mobile-app,prod,,,/app/v1/session,1238,0.0036,415.2,"{""2xx"": 1222, ""4xx"": 12, ""5xx"": 4}"
2026-03-27T17:32:00Z,API-0002,net-banking,prod,,,/web/v1/session,796,0.0034,381.7,"{""2xx"": 785, ""4xx"": 8, ""5xx"": 3}"
2026-03-27T17:32:00Z,API-0003,api-gateway,prod,,,/gw/v1/route,2647,0.0023,172.8,"{""2xx"": 2615, ""4xx"": 26, ""5xx"": 6}"
2026-03-27T17:32:00Z,API-0004,auth-service,prod,,,/auth/v1/login,905,0.0021,123.0,"{""2xx"": 894, ""4xx"": 9, ""5xx"": 2}"
2026-03-27T17:32:00Z,API-0005,payments-service,prod,,,/payments/v1/payments,589,0.0062,258.7,"{""2xx"": 579, ""4xx"": 6, ""5xx"": 4}"
2026-03-27T17:32:00Z,API-0006,accounts-service,prod,,,/accounts/v1/balance,1068,0.0033,147.6,"{""2xx"": 1053, ""4xx"": 11, ""5xx"": 4}"
2026-03-27T17:32:00Z,API-0007,notification-service,prod,,,/notify/v1/send,493,0.0023,93.8,"{""2xx"": 487, ""4xx"": 5, ""5xx"": 1}"
2026-03-27T17:32:00Z,API-0008,payment-network-gateway,prod,,,/routes/card,185,0.0035,350.4,"{""2xx"": 182, ""4xx"": 2, ""5xx"": 1}"
2026-03-27T17:32:00Z,API-0009,payment-network-gateway,prod,,,/routes/upi,228,0.0036,303.4,"{""2xx"": 225, ""4xx"": 2, ""5xx"": 1}"
2026-03-27T17:32:00Z,API-0010,payment-network-gateway,prod,,,/routes/neft,60,0.0045,444.8,"{""2xx"": 59, ""4xx"": 1, ""5xx"": 0}"
2026-03-27T17:33:00Z,API-0011,mobile-app,prod,,,/app/v1/session,1257,0.0037,427.5,"{""2xx"": 1239, ""4xx"": 13, ""5xx"": 5}"
2026-03-27T17:33:00Z,API-0012,net-banking,prod,,,/web/v1/session,833,0.0046,389.6,"{""2xx"": 821, ""4xx"": 8, ""5xx"": 4}"
2026-03-27T17:33:00Z,API-0013,api-gateway,prod,,,/gw/v1/route,2617,0.0027,175.9,"{""2xx"": 2584, ""4xx"": 26, ""5xx"": 7}"
2026-03-27T17:33:00Z,API-0014,auth-service,prod,,,/auth/v1/login,877,0.002,115.9,"{""2xx"": 866, ""4xx"": 9, ""5xx"": 2}"
2026-03-27T17:33:00Z,API-0015,payments-service,prod,,,/payments/v1/payments,578,0.0054,270.7,"{""2xx"": 569, ""4xx"": 6, ""5xx"": 3}"
2026-03-27T17:33:00Z,API-0016,accounts-service,prod,,,/accounts/v1/balance,1058,0.0031,152.9,"{""2xx"": 1044, ""4xx"": 11, ""5xx"": 3}"
2026-03-27T17:33:00Z,API-0017,notification-service,prod,,,/notify/v1/send,481,0.0023,90.2,"{""2xx"": 475, ""4xx"": 5, ""5xx"": 1}"
2026-03-27T17:33:00Z,API-0018,payment-network-gateway,prod,,,/routes/card,184,0.0049,342.7,"{""2xx"": 181, ""4xx"": 2, ""5xx"": 1}"
2026-03-27T17:33:00Z,API-0019,payment-network-gateway,prod,,,/routes/upi,228,0.0041,299.8,"{""2xx"": 225, ""4xx"": 2, ""5xx"": 1}"
2026-03-27T17:33:00Z,API-0020,payment-network-gateway,prod,,,/routes/neft,58,0.0048,453.8,"{""2xx"": 57, ""4xx"": 1, ""5xx"": 0}"
2026-03-27T17:34:00Z,API-0021,mobile-app,prod,,,/app/v1/session,1245,0.0043,433.4,"{""2xx"": 1228, ""4xx"": 12, ""5xx"": 5}"
2026-03-27T17:34:00Z,API-0022,net-banking,prod,,,/web/v1/session,760,0.0039,382.5,"{""2xx"": 749, ""4xx"": 8, ""5xx"": 3}"
2026-03-27T17:34:00Z,API-0023,api-gateway,prod,,,/gw/v1/route,2718,0.0035,185.9,"{""2xx"": 2681, ""4xx"": 27, ""5xx"": 10}"
2026-03-27T17:34:00Z,API-0024,auth-service,prod,,,/auth/v1/login,920,0.0021,121.0,"{""2xx"": 909, ""4xx"": 9, ""5xx"": 2}"
2026-03-27T17:34:00Z,API-0025,payments-service,prod,,,/payments/v1/payments,598,0.0039,247.7,"{""2xx"": 590, ""4xx"": 6, ""5xx"": 2}"
2026-03-27T17:34:00Z,API-0026,accounts-service,prod,,,/accounts/v1/balance,1114,0.0029,143.9,"{""2xx"": 1100, ""4xx"": 11, ""5xx"": 3}"
2026-03-27T17:34:00Z,API-0027,notification-service,prod,,,/notify/v1/send,484,0.0016,90.7,"{""2xx"": 478, ""4xx"": 5, ""5xx"": 1}"
2026-03-27T17:34:00Z,API-0028,payment-network-gateway,prod,,,/routes/card,172,0.0031,334.0,"{""2xx"": 169, ""4xx"": 2, ""5xx"": 1}"
2026-03-27T17:34:00Z,API-0029,payment-network-gateway,prod,,,/routes/upi,220,0.0039,313.9,"{""2xx"": 217, ""4xx"": 2, ""5xx"": 1}"
2026-03-27T17:34:00Z,API-0030,payment-network-gateway,prod,,,/routes/neft,59,0.0033,464.8,"{""2xx"": 58, ""4xx"": 1, ""5xx"": 0}"
2026-03-27T17:35:00Z,API-0031,mobile-app,prod,,,/app/v1/session,1148,0.005,426.9,"{""2xx"": 1131, ""4xx"": 11, ""5xx"": 6}"
2026-03-27T17:35:00Z,API-0032,net-banking,prod,,,/web/v1/session,785,0.004,364.9,"{""2xx"": 774, ""4xx"": 8, ""5xx"": 3}"
2026-03-27T17:35:00Z,API-0033,api-gateway,prod,,,/gw/v1/route,2578,0.0035,187.2,"{""2xx"": 2543, ""4xx"": 26, ""5xx"": 9}"
2026-03-27T17:35:00Z,API-0034,auth-service,prod,,,/auth/v1/login,862,0.0019,121.3,"{""2xx"": 851, ""4xx"": 9, ""5xx"": 2}"
2026-03-27T17:35:00Z,API-0035,payments-service,prod,,,/payments/v1/payments,597,0.0058,250.5,"{""2xx"": 588, ""4xx"": 6, ""5xx"": 3}"
2026-03-27T17:35:00Z,API-0036,accounts-service,prod,,,/accounts/v1/balance,1121,0.0033,152.1,"{""2xx"": 1106, ""4xx"": 11, ""5xx"": 4}"
2026-03-27T17:35:00Z,API-0037,notification-service,prod,,,/notify/v1/send,492,0.0022,87.1,"{""2xx"": 486, ""4xx"": 5, ""5xx"": 1}"
2026-03-27T17:35:00Z,API-0038,payment-network-gateway,prod,,,/routes/card,176,0.0042,337.7,"{""2xx"": 173, ""4xx"": 2, ""5xx"": 1}"
2026-03-27T17:35:00Z,API-0039,payment-network-gateway,prod,,,/routes/upi,220,0.0042,313.9,"{""2xx"": 217, ""4xx"": 2, ""5xx"": 1}"
2026-03-27T17:35:00Z,API-0040,payment-network-gateway,prod,,,/routes/neft,58,0.0035,431.5,"{""2xx"": 57, ""4xx"": 1, ""5xx"": 0}"
2026-03-27T17:36:00Z,API-0041,mobile-app,prod,,,/app/v1/session,1229,0.0034,418.0,"{""2xx"": 1213, ""4xx"": 12, ""5xx"": 4}"
2026-03-27T17:36:00Z,API-0042,net-banking,prod,,,/web/v1/session,767,0.0046,392.6,"{""2xx"": 755, ""4xx"": 8, ""5xx"": 4}"
2026-03-27T17:36:00Z,API-0043,api-gateway,prod,,,/gw/v1/route,2516,0.0027,176.8,"{""2xx"": 2484, ""4xx"": 25, ""5xx"": 7}"
2026-03-27T17:36:00Z,API-0044,auth-service,prod,,,/auth/v1/login,909,0.0015,124.6,"{""2xx"": 899, ""4xx"": 9, ""5xx"": 1}"
2026-03-27T17:36:00Z,API-0045,payments-service,prod,,,/payments/v1/payments,604,0.0042,251.5,"{""2xx"": 595, ""4xx"": 6, ""5xx"": 3}"
2026-03-27T17:36:00Z,API-0046,accounts-service,prod,,,/accounts/v1/balance,1153,0.0031,146.8,"{""2xx"": 1137, ""4xx"": 12, ""5xx"": 4}"
2026-03-27T17:36:00Z,API-0047,notification-service,prod,,,/notify/v1/send,521,0.002,91.5,"{""2xx"": 515, ""4xx"": 5, ""5xx"": 1}"
2026-03-27T17:36:00Z,API-0048,payment-network-gateway,prod,,,/routes/card,188,0.0035,338.5,"{""2xx"": 185, ""4xx"": 2, ""5xx"": 1}"
2026-03-27T17:36:00Z,API-0049,payment-network-gateway,prod,,,/routes/upi,215,0.0033,304.8,"{""2xx"": 212, ""4xx"": 2, ""5xx"": 1}"
2026-03-27T17:36:00Z,API-0050,payment-network-gateway,prod,,,/routes/neft,63,0.0041,464.6,"{""2xx"": 62, ""4xx"": 1, ""5xx"": 0}"
2026-03-27T17:37:00Z,API-0051,mobile-app,prod,,,/app/v1/session,1178,0.0039,400.1,"{""2xx"": 1161, ""4xx"": 12, ""5xx"": 5}"
2026-03-27T17:37:00Z,API-0052,net-banking,prod,,,/web/v1/session,789,0.0042,364.7,"{""2xx"": 778, ""4xx"": 8, ""5xx"": 3}"
2026-03-27T17:37:00Z,API-0053,api-gateway,prod,,,/gw/v1/route,2491,0.0032,174.2,"{""2xx"": 2458, ""4xx"": 25, ""5xx"": 8}"
2026-03-27T17:37:00Z,API-0054,auth-service,prod,,,/auth/v1/login,866,0.0024,121.5,"{""2xx"": 855, ""4xx"": 9, ""5xx"": 2}"
2026-03-27T17:37:00Z,API-0055,payments-service,prod,,,/payments/v1/payments,573,0.0038,252.7,"{""2xx"": 565, ""4xx"": 6, ""5xx"": 2}"
2026-03-27T17:37:00Z,API-0056,accounts-service,prod,,,/accounts/v1/balance,1141,0.0024,149.8,"{""2xx"": 1127, ""4xx"": 11, ""5xx"": 3}"
2026-03-27T17:37:00Z,API-0057,notification-service,prod,,,/notify/v1/send,482,0.0024,89.5,"{""2xx"": 476, ""4xx"": 5, ""5xx"": 1}"
2026-03-27T17:37:00Z,API-0058,payment-network-gateway,prod,,,/routes/card,179,0.0041,339.2,"{""2xx"": 176, ""4xx"": 2, ""5xx"": 1}"
2026-03-27T17:37:00Z,API-0059,payment-network-gateway,prod,,,/routes/upi,216,0.0046,285.9,"{""2xx"": 213, ""4xx"": 2, ""5xx"": 1}"
2026-03-27T17:37:00Z,API-0060,payment-network-gateway,prod,,,/routes/neft,60,0.0033,431.9,"{""2xx"": 59, ""4xx"": 1, ""5xx"": 0}"
2026-03-27T17:38:00Z,API-0061,mobile-app,prod,,,/app/v1/session,1236,0.0043,414.3,"{""2xx"": 1219, ""4xx"": 12, ""5xx"": 5}"
2026-03-27T17:38:00Z,API-0062,net-banking,prod,,,/web/v1/session,814,0.0044,384.2,"{""2xx"": 802, ""4xx"": 8, ""5xx"": 4}"
2026-03-27T17:38:00Z,API-0063,api-gateway,prod,,,/gw/v1/route,2491,0.0027,182.2,"{""2xx"": 2459, ""4xx"": 25, ""5xx"": 7}"
2026-03-27T17:38:00Z,API-0064,auth-service,prod,,,/auth/v1/login,892,0.002,125.6,"{""2xx"": 881, ""4xx"": 9, ""5xx"": 2}"
2026-03-27T17:38:00Z,API-0065,payments-service,prod,,,/payments/v1/payments,609,0.0062,253.9,"{""2xx"": 599, ""4xx"": 6, ""5xx"": 4}"
2026-03-27T17:38:00Z,API-0066,accounts-service,prod,,,/accounts/v1/balance,1057,0.0036,146.5,"{""2xx"": 1042, ""4xx"": 11, ""5xx"": 4}"
2026-03-27T17:38:00Z,API-0067,notification-service,prod,,,/notify/v1/send,522,0.0018,90.6,"{""2xx"": 516, ""4xx"": 5, ""5xx"": 1}"
2026-03-27T17:38:00Z,API-0068,payment-network-gateway,prod,,,/routes/card,188,0.0046,341.2,"{""2xx"": 185, ""4xx"": 2, ""5xx"": 1}"
2026-03-27T17:38:00Z,API-0069,payment-network-gateway,prod,,,/routes/upi,218,0.0048,288.4,"{""2xx"": 215, ""4xx"": 2, ""5xx"": 1}"
2026-03-27T17:38:00Z,API-0070,payment-network-gateway,prod,,,/routes/neft,63,0.0049,457.2,"{""2xx"": 62, ""4xx"": 1, ""5xx"": 0}"
2026-03-27T17:39:00Z,API-0071,mobile-app,prod,,,/app/v1/session,1183,0.0044,418.2,"{""2xx"": 1166, ""4xx"": 12, ""5xx"": 5}"
2026-03-27T17:39:00Z,API-0072,net-banking,prod,,,/web/v1/session,788,0.004,382.9,"{""2xx"": 777, ""4xx"": 8, ""5xx"": 3}"
2026-03-27T17:39:00Z,API-0073,api-gateway,prod,,,/gw/v1/route,2527,0.0023,175.9,"{""2xx"": 2496, ""4xx"": 25, ""5xx"": 6}"
2026-03-27T17:39:00Z,API-0074,auth-service,prod,,,/auth/v1/login,890,0.0016,126.0,"{""2xx"": 880, ""4xx"": 9, ""5xx"": 1}"
2026-03-27T17:39:00Z,API-0075,payments-service,prod,,,/payments/v1/payments,614,0.0047,260.2,"{""2xx"": 605, ""4xx"": 6, ""5xx"": 3}"
2026-03-27T17:39:00Z,API-0076,accounts-service,prod,,,/accounts/v1/balance,1075,0.0035,155.7,"{""2xx"": 1060, ""4xx"": 11, ""5xx"": 4}"
2026-03-27T17:39:00Z,API-0077,notification-service,prod,,,/notify/v1/send,494,0.0023,91.6,"{""2xx"": 488, ""4xx"": 5, ""5xx"": 1}"
2026-03-27T17:39:00Z,API-0078,payment-network-gateway,prod,,,/routes/card,173,0.0043,334.3,"{""2xx"": 170, ""4xx"": 2, ""5xx"": 1}"
2026-03-27T17:39:00Z,API-0079,payment-network-gateway,prod,,,/routes/upi,219,0.0032,308.7,"{""2xx"": 216, ""4xx"": 2, ""5xx"": 1}"
2026-03-27T17:39:00Z,API-0080,payment-network-gateway,prod,,,/routes/neft,62,0.0036,429.5,"{""2xx"": 61, ""4xx"": 1, ""5xx"": 0}"
2026-03-27T17:40:00Z,API-0081,mobile-app,prod,,,/app/v1/session,1165,0.0033,439.2,"{""2xx"": 1149, ""4xx"": 12, ""5xx"": 4}"
2026-03-27T17:40:00Z,API-0082,net-banking,prod,,,/web/v1/session,792,0.0036,385.4,"{""2xx"": 781, ""4xx"": 8, ""5xx"": 3}"
2026-03-27T17:40:00Z,API-0083,api-gateway,prod,,,/gw/v1/route,2646,0.0036,172.8,"{""2xx"": 2610, ""4xx"": 26, ""5xx"": 10}"
2026-03-27T17:40:00Z,API-0084,auth-service,prod,,,/auth/v1/login,908,0.0018,124.5,"{""2xx"": 897, ""4xx"": 9, ""5xx"": 2}"
2026-03-27T17:40:00Z,API-0085,payments-service,prod,,,/payments/v1/payments,628,0.0058,252.4,"{""2xx"": 618, ""4xx"": 6, ""5xx"": 4}"
2026-03-27T17:40:00Z,API-0086,accounts-service,prod,,,/accounts/v1/balance,1067,0.0026,157.2,"{""2xx"": 1053, ""4xx"": 11, ""5xx"": 3}"
2026-03-27T17:40:00Z,API-0087,notification-service,prod,,,/notify/v1/send,514,0.0023,86.9,"{""2xx"": 508, ""4xx"": 5, ""5xx"": 1}"
2026-03-27T17:40:00Z,API-0088,payment-network-gateway,prod,,,/routes/card,173,0.0042,329.2,"{""2xx"": 170, ""4xx"": 2, ""5xx"": 1}"
2026-03-27T17:40:00Z,API-0089,payment-network-gateway,prod,,,/routes/upi,212,0.0033,292.1,"{""2xx"": 209, ""4xx"": 2, ""5xx"": 1}"
2026-03-27T17:40:00Z,API-0090,payment-network-gateway,prod,,,/routes/neft,59,0.0041,452.5,"{""2xx"": 58, ""4xx"": 1, ""5xx"": 0}"
2026-03-27T17:41:00Z,API-0091,mobile-app,prod,,,/app/v1/session,1150,0.0032,433.9,"{""2xx"": 1134, ""4xx"": 12, ""5xx"": 4}"
2026-03-27T17:41:00Z,API-0092,net-banking,prod,,,/web/v1/session,763,0.0037,391.0,"{""2xx"": 752, ""4xx"": 8, ""5xx"": 3}"
2026-03-27T17:41:00Z,API-0093,api-gateway,prod,,,/gw/v1/route,2517,0.0032,188.7,"{""2xx"": 2484, ""4xx"": 25, ""5xx"": 8}"
2026-03-27T17:41:00Z,API-0094,auth-service,prod,,,/auth/v1/login,901,0.0022,114.2,"{""2xx"": 890, ""4xx"": 9, ""5xx"": 2}"
2026-03-27T17:41:00Z,API-0095,payments-service,prod,,,/payments/v1/payments,586,0.0042,259.2,"{""2xx"": 578, ""4xx"": 6, ""5xx"": 2}"
2026-03-27T17:41:00Z,API-0096,accounts-service,prod,,,/accounts/v1/balance,1094,0.0027,147.9,"{""2xx"": 1080, ""4xx"": 11, ""5xx"": 3}"
2026-03-27T17:41:00Z,API-0097,notification-service,prod,,,/notify/v1/send,519,0.0019,87.6,"{""2xx"": 513, ""4xx"": 5, ""5xx"": 1}"
2026-03-27T17:41:00Z,API-0098,payment-network-gateway,prod,,,/routes/card,174,0.004,356.4,"{""2xx"": 171, ""4xx"": 2, ""5xx"": 1}"
2026-03-27T17:41:00Z,API-0099,payment-network-gateway,prod,,,/routes/upi,230,0.003,305.8,"{""2xx"": 227, ""4xx"": 2, ""5xx"": 1}"
2026-03-27T17:41:00Z,API-0100,payment-network-gateway,prod,,,/routes/neft,57,0.0045,461.4,"{""2xx"": 56, ""4xx"": 1, ""5xx"": 0}"
2026-03-27T17:42:00Z,API-0101,mobile-app,prod,,,/app/v1/session,1256,0.0032,403.8,"{""2xx"": 1239, ""4xx"": 13, ""5xx"": 4}"
2026-03-27T17:42:00Z,API-0102,net-banking,prod,,,/web/v1/session,786,0.0036,377.1,"{""2xx"": 775, ""4xx"": 8, ""5xx"": 3}"
2026-03-27T17:42:00Z,API-0103,api-gateway,prod,,,/gw/v1/route,2556,0.0034,183.7,"{""2xx"": 2521, ""4xx"": 26, ""5xx"": 9}"
2026-03-27T17:42:00Z,API-0104,auth-service,prod,,,/auth/v1/login,895,0.002,123.5,"{""2xx"": 884, ""4xx"": 9, ""5xx"": 2}"
2026-03-27T17:42:00Z,API-0105,payments-service,prod,,,/payments/v1/payments,581,0.0048,259.4,"{""2xx"": 572, ""4xx"": 6, ""5xx"": 3}"
2026-03-27T17:42:00Z,API-0106,accounts-service,prod,,,/accounts/v1/balance,1109,0.0035,155.3,"{""2xx"": 1094, ""4xx"": 11, ""5xx"": 4}"
2026-03-27T17:42:00Z,API-0107,notification-service,prod,,,/notify/v1/send,519,0.0018,90.3,"{""2xx"": 513, ""4xx"": 5, ""5xx"": 1}"
2026-03-27T17:42:00Z,API-0108,payment-network-gateway,prod,,,/routes/card,187,0.0043,355.2,"{""2xx"": 184, ""4xx"": 2, ""5xx"": 1}"
2026-03-27T17:42:00Z,API-0109,payment-network-gateway,prod,,,/routes/upi,212,0.0036,297.6,"{""2xx"": 209, ""4xx"": 2, ""5xx"": 1}"
2026-03-27T17:42:00Z,API-0110,payment-network-gateway,prod,,,/routes/neft,58,0.0047,434.9,"{""2xx"": 57, ""4xx"": 1, ""5xx"": 0}"
2026-03-27T17:43:00Z,API-0111,mobile-app,prod,,,/app/v1/session,1187,0.0041,413.5,"{""2xx"": 1170, ""4xx"": 12, ""5xx"": 5}"
2026-03-27T17:43:00Z,API-0112,net-banking,prod,,,/web/v1/session,809,0.0032,388.8,"{""2xx"": 798, ""4xx"": 8, ""5xx"": 3}"
2026-03-27T17:43:00Z,API-0113,api-gateway,prod,,,/gw/v1/route,2591,0.0025,186.1,"{""2xx"": 2559, ""4xx"": 26, ""5xx"": 6}"
2026-03-27T17:43:00Z,API-0114,auth-service,prod,,,/auth/v1/login,939,0.0019,120.3,"{""2xx"": 928, ""4xx"": 9, ""5xx"": 2}"
2026-03-27T17:43:00Z,API-0115,payments-service,prod,,,/payments/v1/payments,630,0.0059,251.6,"{""2xx"": 620, ""4xx"": 6, ""5xx"": 4}"
2026-03-27T17:43:00Z,API-0116,accounts-service,prod,,,/accounts/v1/balance,1140,0.0026,145.9,"{""2xx"": 1126, ""4xx"": 11, ""5xx"": 3}"
2026-03-27T17:43:00Z,API-0117,notification-service,prod,,,/notify/v1/send,516,0.0025,90.6,"{""2xx"": 510, ""4xx"": 5, ""5xx"": 1}"
2026-03-27T17:43:00Z,API-0118,payment-network-gateway,prod,,,/routes/card,172,0.005,349.5,"{""2xx"": 169, ""4xx"": 2, ""5xx"": 1}"
2026-03-27T17:43:00Z,API-0119,payment-network-gateway,prod,,,/routes/upi,224,0.0043,298.7,"{""2xx"": 221, ""4xx"": 2, ""5xx"": 1}"
2026-03-27T17:43:00Z,API-0120,payment-network-gateway,prod,,,/routes/neft,61,0.0041,466.7,"{""2xx"": 60, ""4xx"": 1, ""5xx"": 0}"
2026-03-27T17:44:00Z,API-0121,mobile-app,prod,,,/app/v1/session,1169,0.0039,409.7,"{""2xx"": 1152, ""4xx"": 12, ""5xx"": 5}"
2026-03-27T17:44:00Z,API-0122,net-banking,prod,,,/web/v1/session,777,0.0033,378.4,"{""2xx"": 766, ""4xx"": 8, ""5xx"": 3}"
2026-03-27T17:44:00Z,API-0123,api-gateway,prod,,,/gw/v1/route,2484,0.0034,172.5,"{""2xx"": 2451, ""4xx"": 25, ""5xx"": 8}"
2026-03-27T17:44:00Z,API-0124,auth-service,prod,,,/auth/v1/login,894,0.0016,121.2,"{""2xx"": 884, ""4xx"": 9, ""5xx"": 1}"
2026-03-27T17:44:00Z,API-0125,payments-service,prod,,,/payments/v1/payments,598,0.0062,251.6,"{""2xx"": 588, ""4xx"": 6, ""5xx"": 4}"
2026-03-27T17:44:00Z,API-0126,accounts-service,prod,,,/accounts/v1/balance,1125,0.0037,146.7,"{""2xx"": 1110, ""4xx"": 11, ""5xx"": 4}"
2026-03-27T17:44:00Z,API-0127,notification-service,prod,,,/notify/v1/send,496,0.0022,90.4,"{""2xx"": 490, ""4xx"": 5, ""5xx"": 1}"
2026-03-27T17:44:00Z,API-0128,payment-network-gateway,prod,,,/routes/card,183,0.0036,350.0,"{""2xx"": 180, ""4xx"": 2, ""5xx"": 1}"
2026-03-27T17:44:00Z,API-0129,payment-network-gateway,prod,,,/routes/upi,225,0.0033,305.6,"{""2xx"": 222, ""4xx"": 2, ""5xx"": 1}"
2026-03-27T17:44:00Z,API-0130,payment-network-gateway,prod,,,/routes/neft,58,0.0045,452.7,"{""2xx"": 57, ""4xx"": 1, ""5xx"": 0}"
2026-03-27T17:45:00Z,API-0131,mobile-app,prod,,,/app/v1/session,1161,0.0045,438.6,"{""2xx"": 1144, ""4xx"": 12, ""5xx"": 5}"
2026-03-27T17:45:00Z,API-0132,net-banking,prod,,,/web/v1/session,767,0.0038,392.3,"{""2xx"": 756, ""4xx"": 8, ""5xx"": 3}"
2026-03-27T17:45:00Z,API-0133,api-gateway,prod,,,/gw/v1/route,2699,0.0028,183.7,"{""2xx"": 2664, ""4xx"": 27, ""5xx"": 8}"
2026-03-27T17:45:00Z,API-0134,auth-service,prod,,,/auth/v1/login,922,0.002,125.3,"{""2xx"": 911, ""4xx"": 9, ""5xx"": 2}"
2026-03-27T17:45:00Z,API-0135,payments-service,prod,,,/payments/v1/payments,614,0.004,262.4,"{""2xx"": 606, ""4xx"": 6, ""5xx"": 2}"
2026-03-27T17:45:00Z,API-0136,accounts-service,prod,,,/accounts/v1/balance,1082,0.0031,157.3,"{""2xx"": 1068, ""4xx"": 11, ""5xx"": 3}"
2026-03-27T17:45:00Z,API-0137,notification-service,prod,,,/notify/v1/send,480,0.002,90.0,"{""2xx"": 474, ""4xx"": 5, ""5xx"": 1}"
2026-03-27T17:45:00Z,API-0138,payment-network-gateway,prod,,,/routes/card,174,0.0036,353.2,"{""2xx"": 171, ""4xx"": 2, ""5xx"": 1}"
2026-03-27T17:45:00Z,API-0139,payment-network-gateway,prod,,,/routes/upi,229,0.0045,311.6,"{""2xx"": 226, ""4xx"": 2, ""5xx"": 1}"
2026-03-27T17:45:00Z,API-0140,payment-network-gateway,prod,,,/routes/neft,57,0.0037,467.9,"{""2xx"": 56, ""4xx"": 1, ""5xx"": 0}"
2026-03-27T17:46:00Z,API-0141,mobile-app,prod,,,/app/v1/session,1141,0.0042,405.1,"{""2xx"": 1125, ""4xx"": 11, ""5xx"": 5}"
2026-03-27T17:46:00Z,API-0142,net-banking,prod,,,/web/v1/session,811,0.0031,367.0,"{""2xx"": 800, ""4xx"": 8, ""5xx"": 3}"
2026-03-27T17:46:00Z,API-0143,api-gateway,prod,,,/gw/v1/route,2712,0.0028,185.9,"{""2xx"": 2677, ""4xx"": 27, ""5xx"": 8}"
2026-03-27T17:46:00Z,API-0144,auth-service,prod,,,/auth/v1/login,881,0.0018,122.2,"{""2xx"": 870, ""4xx"": 9, ""5xx"": 2}"
2026-03-27T17:46:00Z,API-0145,payments-service,prod,,,/payments/v1/payments,593,0.0049,253.9,"{""2xx"": 584, ""4xx"": 6, ""5xx"": 3}"
2026-03-27T17:46:00Z,API-0146,accounts-service,prod,,,/accounts/v1/balance,1052,0.0028,147.6,"{""2xx"": 1038, ""4xx"": 11, ""5xx"": 3}"
2026-03-27T17:46:00Z,API-0147,notification-service,prod,,,/notify/v1/send,486,0.0021,90.7,"{""2xx"": 480, ""4xx"": 5, ""5xx"": 1}"
2026-03-27T17:46:00Z,API-0148,payment-network-gateway,prod,,,/routes/card,179,0.0046,346.7,"{""2xx"": 176, ""4xx"": 2, ""5xx"": 1}"
2026-03-27T17:46:00Z,API-0149,payment-network-gateway,prod,,,/routes/upi,222,0.0049,305.8,"{""2xx"": 219, ""4xx"": 2, ""5xx"": 1}"
2026-03-27T17:46:00Z,API-0150,payment-network-gateway,prod,,,/routes/neft,61,0.0042,448.7,"{""2xx"": 60, ""4xx"": 1, ""5xx"": 0}"
2026-03-27T17:47:00Z,API-0151,mobile-app,prod,,,/app/v1/session,1237,0.0043,411.4,"{""2xx"": 1220, ""4xx"": 12, ""5xx"": 5}"
2026-03-27T17:47:00Z,API-0152,net-banking,prod,,,/web/v1/session,763,0.0049,370.4,"{""2xx"": 751, ""4xx"": 8, ""5xx"": 4}"
2026-03-27T17:47:00Z,API-0153,api-gateway,prod,,,/gw/v1/route,2683,0.0025,171.9,"{""2xx"": 2649, ""4xx"": 27, ""5xx"": 7}"
2026-03-27T17:47:00Z,API-0154,auth-service,prod,,,/auth/v1/login,916,0.0018,124.5,"{""2xx"": 905, ""4xx"": 9, ""5xx"": 2}"
2026-03-27T17:47:00Z,API-0155,payments-service,prod,,,/payments/v1/payments,574,0.0048,259.5,"{""2xx"": 565, ""4xx"": 6, ""5xx"": 3}"
2026-03-27T17:47:00Z,API-0156,accounts-service,prod,,,/accounts/v1/balance,1075,0.0031,155.3,"{""2xx"": 1061, ""4xx"": 11, ""5xx"": 3}"
2026-03-27T17:47:00Z,API-0157,notification-service,prod,,,/notify/v1/send,493,0.0023,92.2,"{""2xx"": 487, ""4xx"": 5, ""5xx"": 1}"
2026-03-27T17:47:00Z,API-0158,payment-network-gateway,prod,,,/routes/card,181,0.0045,340.4,"{""2xx"": 178, ""4xx"": 2, ""5xx"": 1}"
2026-03-27T17:47:00Z,API-0159,payment-network-gateway,prod,,,/routes/upi,220,0.0032,290.8,"{""2xx"": 217, ""4xx"": 2, ""5xx"": 1}"
2026-03-27T17:47:00Z,API-0160,payment-network-gateway,prod,,,/routes/neft,60,0.0045,470.6,"{""2xx"": 59, ""4xx"": 1, ""5xx"": 0}"
2026-03-27T17:48:00Z,API-0161,mobile-app,prod,,,/app/v1/session,1253,0.0031,406.9,"{""2xx"": 1236, ""4xx"": 13, ""5xx"": 4}"
2026-03-27T17:48:00Z,API-0162,net-banking,prod,,,/web/v1/session,825,0.0037,381.3,"{""2xx"": 814, ""4xx"": 8, ""5xx"": 3}"
2026-03-27T17:48:00Z,API-0163,api-gateway,prod,,,/gw/v1/route,2560,0.0023,172.8,"{""2xx"": 2528, ""4xx"": 26, ""5xx"": 6}"
2026-03-27T17:48:00Z,API-0164,auth-service,prod,,,/auth/v1/login,876,0.0024,122.5,"{""2xx"": 865, ""4xx"": 9, ""5xx"": 2}"
2026-03-27T17:48:00Z,API-0165,payments-service,prod,,,/payments/v1/payments,596,0.005,261.9,"{""2xx"": 587, ""4xx"": 6, ""5xx"": 3}"
2026-03-27T17:48:00Z,API-0166,accounts-service,prod,,,/accounts/v1/balance,1097,0.0035,151.2,"{""2xx"": 1082, ""4xx"": 11, ""5xx"": 4}"
2026-03-27T17:48:00Z,API-0167,notification-service,prod,,,/notify/v1/send,501,0.0016,91.7,"{""2xx"": 495, ""4xx"": 5, ""5xx"": 1}"
2026-03-27T17:48:00Z,API-0168,payment-network-gateway,prod,,,/routes/card,186,0.0045,356.3,"{""2xx"": 183, ""4xx"": 2, ""5xx"": 1}"
2026-03-27T17:48:00Z,API-0169,payment-network-gateway,prod,,,/routes/upi,210,0.0048,299.0,"{""2xx"": 207, ""4xx"": 2, ""5xx"": 1}"
2026-03-27T17:48:00Z,API-0170,payment-network-gateway,prod,,,/routes/neft,63,0.0033,431.7,"{""2xx"": 62, ""4xx"": 1, ""5xx"": 0}"
2026-03-27T17:49:00Z,API-0171,mobile-app,prod,,,/app/v1/session,1189,0.0039,430.0,"{""2xx"": 1172, ""4xx"": 12, ""5xx"": 5}"
2026-03-27T17:49:00Z,API-0172,net-banking,prod,,,/web/v1/session,802,0.0041,385.0,"{""2xx"": 791, ""4xx"": 8, ""5xx"": 3}"
2026-03-27T17:49:00Z,API-0173,api-gateway,prod,,,/gw/v1/route,2681,0.0023,179.3,"{""2xx"": 2648, ""4xx"": 27, ""5xx"": 6}"
2026-03-27T17:49:00Z,API-0174,auth-service,prod,,,/auth/v1/login,923,0.0018,118.5,"{""2xx"": 912, ""4xx"": 9, ""5xx"": 2}"
2026-03-27T17:49:00Z,API-0175,payments-service,prod,,,/payments/v1/payments,571,0.0044,260.0,"{""2xx"": 562, ""4xx"": 6, ""5xx"": 3}"
2026-03-27T17:49:00Z,API-0176,accounts-service,prod,,,/accounts/v1/balance,1140,0.0025,150.0,"{""2xx"": 1126, ""4xx"": 11, ""5xx"": 3}"
2026-03-27T17:49:00Z,API-0177,notification-service,prod,,,/notify/v1/send,489,0.0018,88.7,"{""2xx"": 483, ""4xx"": 5, ""5xx"": 1}"
2026-03-27T17:49:00Z,API-0178,payment-network-gateway,prod,,,/routes/card,179,0.0037,350.5,"{""2xx"": 176, ""4xx"": 2, ""5xx"": 1}"
2026-03-27T17:49:00Z,API-0179,payment-network-gateway,prod,,,/routes/upi,228,0.0044,290.5,"{""2xx"": 225, ""4xx"": 2, ""5xx"": 1}"
2026-03-27T17:49:00Z,API-0180,payment-network-gateway,prod,,,/routes/neft,57,0.003,467.6,"{""2xx"": 56, ""4xx"": 1, ""5xx"": 0}"
2026-03-27T17:50:00Z,API-0181,mobile-app,prod,,,/app/v1/session,1254,0.0035,408.6,"{""2xx"": 1237, ""4xx"": 13, ""5xx"": 4}"
2026-03-27T17:50:00Z,API-0182,net-banking,prod,,,/web/v1/session,772,0.004,385.4,"{""2xx"": 761, ""4xx"": 8, ""5xx"": 3}"
2026-03-27T17:50:00Z,API-0183,api-gateway,prod,,,/gw/v1/route,2685,0.0028,177.1,"{""2xx"": 2650, ""4xx"": 27, ""5xx"": 8}"
2026-03-27T17:50:00Z,API-0184,auth-service,prod,,,/auth/v1/login,886,0.0017,119.7,"{""2xx"": 875, ""4xx"": 9, ""5xx"": 2}"
2026-03-27T17:50:00Z,API-0185,payments-service,prod,,,/payments/v1/payments,598,0.0057,252.1,"{""2xx"": 589, ""4xx"": 6, ""5xx"": 3}"
2026-03-27T17:50:00Z,API-0186,accounts-service,prod,,,/accounts/v1/balance,1045,0.0037,148.4,"{""2xx"": 1031, ""4xx"": 10, ""5xx"": 4}"
2026-03-27T17:50:00Z,API-0187,notification-service,prod,,,/notify/v1/send,523,0.0016,91.5,"{""2xx"": 517, ""4xx"": 5, ""5xx"": 1}"
2026-03-27T17:50:00Z,API-0188,payment-network-gateway,prod,,,/routes/card,176,0.0036,334.3,"{""2xx"": 173, ""4xx"": 2, ""5xx"": 1}"
2026-03-27T17:50:00Z,API-0189,payment-network-gateway,prod,,,/routes/upi,221,0.0044,298.2,"{""2xx"": 218, ""4xx"": 2, ""5xx"": 1}"
2026-03-27T17:50:00Z,API-0190,payment-network-gateway,prod,,,/routes/neft,63,0.0044,468.1,"{""2xx"": 62, ""4xx"": 1, ""5xx"": 0}"
2026-03-27T17:51:00Z,API-0191,mobile-app,prod,,,/app/v1/session,1254,0.0038,431.3,"{""2xx"": 1236, ""4xx"": 13, ""5xx"": 5}"
2026-03-27T17:51:00Z,API-0192,net-banking,prod,,,/web/v1/session,782,0.0036,382.3,"{""2xx"": 771, ""4xx"": 8, ""5xx"": 3}"
2026-03-27T17:51:00Z,API-0193,api-gateway,prod,,,/gw/v1/route,2621,0.0032,184.0,"{""2xx"": 2587, ""4xx"": 26, ""5xx"": 8}"
2026-03-27T17:51:00Z,API-0194,auth-service,prod,,,/auth/v1/login,860,0.0016,124.5,"{""2xx"": 850, ""4xx"": 9, ""5xx"": 1}"
2026-03-27T17:51:00Z,API-0195,payments-service,prod,,,/payments/v1/payments,585,0.0042,271.4,"{""2xx"": 577, ""4xx"": 6, ""5xx"": 2}"
2026-03-27T17:51:00Z,API-0196,accounts-service,prod,,,/accounts/v1/balance,1093,0.0028,155.3,"{""2xx"": 1079, ""4xx"": 11, ""5xx"": 3}"
2026-03-27T17:51:00Z,API-0197,notification-service,prod,,,/notify/v1/send,477,0.0016,88.9,"{""2xx"": 471, ""4xx"": 5, ""5xx"": 1}"
2026-03-27T17:51:00Z,API-0198,payment-network-gateway,prod,,,/routes/card,184,0.0047,353.3,"{""2xx"": 181, ""4xx"": 2, ""5xx"": 1}"
2026-03-27T17:51:00Z,API-0199,payment-network-gateway,prod,,,/routes/upi,219,0.0039,302.7,"{""2xx"": 216, ""4xx"": 2, ""5xx"": 1}"
2026-03-27T17:51:00Z,API-0200,payment-network-gateway,prod,,,/routes/neft,61,0.0034,456.2,"{""2xx"": 60, ""4xx"": 1, ""5xx"": 0}"
2026-03-27T17:52:00Z,API-0201,mobile-app,prod,,,/app/v1/session,1181,0.0033,438.4,"{""2xx"": 1165, ""4xx"": 12, ""5xx"": 4}"
2026-03-27T17:52:00Z,API-0202,net-banking,prod,,,/web/v1/session,805,0.0033,369.5,"{""2xx"": 794, ""4xx"": 8, ""5xx"": 3}"
2026-03-27T17:52:00Z,API-0203,api-gateway,prod,,,/gw/v1/route,2552,0.0036,177.8,"{""2xx"": 2517, ""4xx"": 26, ""5xx"": 9}"
2026-03-27T17:52:00Z,API-0204,auth-service,prod,,,/auth/v1/login,914,0.0023,115.9,"{""2xx"": 903, ""4xx"": 9, ""5xx"": 2}"
2026-03-27T17:52:00Z,API-0205,payments-service,prod,,,/payments/v1/payments,620,0.0046,247.0,"{""2xx"": 611, ""4xx"": 6, ""5xx"": 3}"
2026-03-27T17:52:00Z,API-0206,accounts-service,prod,,,/accounts/v1/balance,1146,0.0036,150.7,"{""2xx"": 1131, ""4xx"": 11, ""5xx"": 4}"
2026-03-27T17:52:00Z,API-0207,notification-service,prod,,,/notify/v1/send,486,0.0016,85.7,"{""2xx"": 480, ""4xx"": 5, ""5xx"": 1}"
2026-03-27T17:52:00Z,API-0208,payment-network-gateway,prod,,,/routes/card,186,0.0041,330.0,"{""2xx"": 183, ""4xx"": 2, ""5xx"": 1}"
2026-03-27T17:52:00Z,API-0209,payment-network-gateway,prod,,,/routes/upi,216,0.0048,288.5,"{""2xx"": 213, ""4xx"": 2, ""5xx"": 1}"
2026-03-27T17:52:00Z,API-0210,payment-network-gateway,prod,,,/routes/neft,61,0.0037,466.6,"{""2xx"": 60, ""4xx"": 1, ""5xx"": 0}"
2026-03-27T17:53:00Z,API-0211,mobile-app,prod,,,/app/v1/session,1232,0.0042,433.8,"{""2xx"": 1215, ""4xx"": 12, ""5xx"": 5}"
2026-03-27T17:53:00Z,API-0212,net-banking,prod,,,/web/v1/session,791,0.004,377.7,"{""2xx"": 780, ""4xx"": 8, ""5xx"": 3}"
2026-03-27T17:53:00Z,API-0213,api-gateway,prod,,,/gw/v1/route,2568,0.0033,173.2,"{""2xx"": 2534, ""4xx"": 26, ""5xx"": 8}"
2026-03-27T17:53:00Z,API-0214,auth-service,prod,,,/auth/v1/login,940,0.0018,120.0,"{""2xx"": 929, ""4xx"": 9, ""5xx"": 2}"
2026-03-27T17:53:00Z,API-0215,payments-service,prod,,,/payments/v1/payments,579,0.0056,258.0,"{""2xx"": 570, ""4xx"": 6, ""5xx"": 3}"
2026-03-27T17:53:00Z,API-0216,accounts-service,prod,,,/accounts/v1/balance,1146,0.0034,147.2,"{""2xx"": 1131, ""4xx"": 11, ""5xx"": 4}"
2026-03-27T17:53:00Z,API-0217,notification-service,prod,,,/notify/v1/send,507,0.0018,92.6,"{""2xx"": 501, ""4xx"": 5, ""5xx"": 1}"
2026-03-27T17:53:00Z,API-0218,payment-network-gateway,prod,,,/routes/card,173,0.0039,343.3,"{""2xx"": 170, ""4xx"": 2, ""5xx"": 1}"
2026-03-27T17:53:00Z,API-0219,payment-network-gateway,prod,,,/routes/upi,218,0.0039,306.6,"{""2xx"": 215, ""4xx"": 2, ""5xx"": 1}"
2026-03-27T17:53:00Z,API-0220,payment-network-gateway,prod,,,/routes/neft,59,0.004,429.6,"{""2xx"": 58, ""4xx"": 1, ""5xx"": 0}"
2026-03-27T17:54:00Z,API-0221,mobile-app,prod,,,/app/v1/session,1155,0.0038,437.0,"{""2xx"": 1139, ""4xx"": 12, ""5xx"": 4}"
2026-03-27T17:54:00Z,API-0222,net-banking,prod,,,/web/v1/session,805,0.0035,398.0,"{""2xx"": 794, ""4xx"": 8, ""5xx"": 3}"
2026-03-27T17:54:00Z,API-0223,api-gateway,prod,,,/gw/v1/route,2507,0.0031,171.0,"{""2xx"": 2474, ""4xx"": 25, ""5xx"": 8}"
2026-03-27T17:54:00Z,API-0224,auth-service,prod,,,/auth/v1/login,904,0.0017,114.2,"{""2xx"": 893, ""4xx"": 9, ""5xx"": 2}"
2026-03-27T17:54:00Z,API-0225,payments-service,prod,,,/payments/v1/payments,591,0.0061,260.9,"{""2xx"": 581, ""4xx"": 6, ""5xx"": 4}"
2026-03-27T17:54:00Z,API-0226,accounts-service,prod,,,/accounts/v1/balance,1118,0.0026,143.4,"{""2xx"": 1104, ""4xx"": 11, ""5xx"": 3}"
2026-03-27T17:54:00Z,API-0227,notification-service,prod,,,/notify/v1/send,502,0.0023,86.6,"{""2xx"": 496, ""4xx"": 5, ""5xx"": 1}"
2026-03-27T17:54:00Z,API-0228,payment-network-gateway,prod,,,/routes/card,172,0.0034,356.4,"{""2xx"": 169, ""4xx"": 2, ""5xx"": 1}"
2026-03-27T17:54:00Z,API-0229,payment-network-gateway,prod,,,/routes/upi,221,0.0042,304.4,"{""2xx"": 218, ""4xx"": 2, ""5xx"": 1}"
2026-03-27T17:54:00Z,API-0230,payment-network-gateway,prod,,,/routes/neft,61,0.0032,449.8,"{""2xx"": 60, ""4xx"": 1, ""5xx"": 0}"
2026-03-27T17:55:00Z,API-0231,mobile-app,prod,,,/app/v1/session,1233,0.0032,409.1,"{""2xx"": 1217, ""4xx"": 12, ""5xx"": 4}"
2026-03-27T17:55:00Z,API-0232,net-banking,prod,,,/web/v1/session,769,0.0037,393.1,"{""2xx"": 758, ""4xx"": 8, ""5xx"": 3}"
2026-03-27T17:55:00Z,API-0233,api-gateway,prod,,,/gw/v1/route,2575,0.0037,171.9,"{""2xx"": 2539, ""4xx"": 26, ""5xx"": 10}"
2026-03-27T17:55:00Z,API-0234,auth-service,prod,,,/auth/v1/login,911,0.0016,119.0,"{""2xx"": 901, ""4xx"": 9, ""5xx"": 1}"
2026-03-27T17:55:00Z,API-0235,payments-service,prod,,,/payments/v1/payments,592,0.0056,272.4,"{""2xx"": 583, ""4xx"": 6, ""5xx"": 3}"
2026-03-27T17:55:00Z,API-0236,accounts-service,prod,,,/accounts/v1/balance,1119,0.0035,147.5,"{""2xx"": 1104, ""4xx"": 11, ""5xx"": 4}"
2026-03-27T17:55:00Z,API-0237,notification-service,prod,,,/notify/v1/send,507,0.0017,89.2,"{""2xx"": 501, ""4xx"": 5, ""5xx"": 1}"
2026-03-27T17:55:00Z,API-0238,payment-network-gateway,prod,,,/routes/card,174,0.0038,332.2,"{""2xx"": 171, ""4xx"": 2, ""5xx"": 1}"
2026-03-27T17:55:00Z,API-0239,payment-network-gateway,prod,,,/routes/upi,212,0.0047,302.8,"{""2xx"": 209, ""4xx"": 2, ""5xx"": 1}"
2026-03-27T17:55:00Z,API-0240,payment-network-gateway,prod,,,/routes/neft,57,0.0048,469.7,"{""2xx"": 56, ""4xx"": 1, ""5xx"": 0}"
2026-03-27T17:56:00Z,API-0241,mobile-app,prod,,,/app/v1/session,1248,0.0034,419.1,"{""2xx"": 1232, ""4xx"": 12, ""5xx"": 4}"
2026-03-27T17:56:00Z,API-0242,net-banking,prod,,,/web/v1/session,776,0.0034,373.8,"{""2xx"": 765, ""4xx"": 8, ""5xx"": 3}"
2026-03-27T17:56:00Z,API-0243,api-gateway,prod,,,/gw/v1/route,2529,0.0035,173.0,"{""2xx"": 2495, ""4xx"": 25, ""5xx"": 9}"
2026-03-27T17:56:00Z,API-0244,auth-service,prod,,,/auth/v1/login,881,0.0016,116.2,"{""2xx"": 871, ""4xx"": 9, ""5xx"": 1}"
2026-03-27T17:56:00Z,API-0245,payments-service,prod,,,/payments/v1/payments,606,0.0039,261.2,"{""2xx"": 598, ""4xx"": 6, ""5xx"": 2}"
2026-03-27T17:56:00Z,API-0246,accounts-service,prod,,,/accounts/v1/balance,1090,0.0032,144.5,"{""2xx"": 1076, ""4xx"": 11, ""5xx"": 3}"
2026-03-27T17:56:00Z,API-0247,notification-service,prod,,,/notify/v1/send,486,0.0022,88.5,"{""2xx"": 480, ""4xx"": 5, ""5xx"": 1}"
2026-03-27T17:56:00Z,API-0248,payment-network-gateway,prod,,,/routes/card,188,0.0042,352.1,"{""2xx"": 185, ""4xx"": 2, ""5xx"": 1}"
2026-03-27T17:56:00Z,API-0249,payment-network-gateway,prod,,,/routes/upi,214,0.0039,295.2,"{""2xx"": 211, ""4xx"": 2, ""5xx"": 1}"
2026-03-27T17:56:00Z,API-0250,payment-network-gateway,prod,,,/routes/neft,62,0.0033,447.0,"{""2xx"": 61, ""4xx"": 1, ""5xx"": 0}"
2026-03-27T17:57:00Z,API-0251,mobile-app,prod,,,/app/v1/session,1200,0.004,400.4,"{""2xx"": 1183, ""4xx"": 12, ""5xx"": 5}"
2026-03-27T17:57:00Z,API-0252,net-banking,prod,,,/web/v1/session,816,0.0046,363.6,"{""2xx"": 804, ""4xx"": 8, ""5xx"": 4}"
2026-03-27T17:57:00Z,API-0253,api-gateway,prod,,,/gw/v1/route,2585,0.0031,176.4,"{""2xx"": 2551, ""4xx"": 26, ""5xx"": 8}"
2026-03-27T17:57:00Z,API-0254,auth-service,prod,,,/auth/v1/login,912,0.0015,119.2,"{""2xx"": 902, ""4xx"": 9, ""5xx"": 1}"
2026-03-27T17:57:00Z,API-0255,payments-service,prod,,,/payments/v1/payments,616,0.0043,252.9,"{""2xx"": 607, ""4xx"": 6, ""5xx"": 3}"
2026-03-27T17:57:00Z,API-0256,accounts-service,prod,,,/accounts/v1/balance,1094,0.0025,148.8,"{""2xx"": 1080, ""4xx"": 11, ""5xx"": 3}"
2026-03-27T17:57:00Z,API-0257,notification-service,prod,,,/notify/v1/send,515,0.0021,87.0,"{""2xx"": 509, ""4xx"": 5, ""5xx"": 1}"
2026-03-27T17:57:00Z,API-0258,payment-network-gateway,prod,,,/routes/card,176,0.0042,336.9,"{""2xx"": 173, ""4xx"": 2, ""5xx"": 1}"
2026-03-27T17:57:00Z,API-0259,payment-network-gateway,prod,,,/routes/upi,227,0.0049,298.4,"{""2xx"": 224, ""4xx"": 2, ""5xx"": 1}"
2026-03-27T17:57:00Z,API-0260,payment-network-gateway,prod,,,/routes/neft,61,0.005,441.2,"{""2xx"": 60, ""4xx"": 1, ""5xx"": 0}"
2026-03-27T17:58:00Z,API-0261,mobile-app,prod,,,/app/v1/session,1239,0.0039,408.8,"{""2xx"": 1222, ""4xx"": 12, ""5xx"": 5}"
2026-03-27T17:58:00Z,API-0262,net-banking,prod,,,/web/v1/session,774,0.0031,398.4,"{""2xx"": 764, ""4xx"": 8, ""5xx"": 2}"
2026-03-27T17:58:00Z,API-0263,api-gateway,prod,,,/gw/v1/route,2714,0.003,186.1,"{""2xx"": 2679, ""4xx"": 27, ""5xx"": 8}"
2026-03-27T17:58:00Z,API-0264,auth-service,prod,,,/auth/v1/login,880,0.0016,118.9,"{""2xx"": 870, ""4xx"": 9, ""5xx"": 1}"
2026-03-27T17:58:00Z,API-0265,payments-service,prod,,,/payments/v1/payments,599,0.004,270.6,"{""2xx"": 591, ""4xx"": 6, ""5xx"": 2}"
2026-03-27T17:58:00Z,API-0266,accounts-service,prod,,,/accounts/v1/balance,1133,0.0031,152.0,"{""2xx"": 1118, ""4xx"": 11, ""5xx"": 4}"
2026-03-27T17:58:00Z,API-0267,notification-service,prod,,,/notify/v1/send,482,0.002,87.0,"{""2xx"": 476, ""4xx"": 5, ""5xx"": 1}"
2026-03-27T17:58:00Z,API-0268,payment-network-gateway,prod,,,/routes/card,183,0.0041,323.5,"{""2xx"": 180, ""4xx"": 2, ""5xx"": 1}"
2026-03-27T17:58:00Z,API-0269,payment-network-gateway,prod,,,/routes/upi,210,0.0033,292.0,"{""2xx"": 207, ""4xx"": 2, ""5xx"": 1}"
2026-03-27T17:58:00Z,API-0270,payment-network-gateway,prod,,,/routes/neft,62,0.0048,429.9,"{""2xx"": 61, ""4xx"": 1, ""5xx"": 0}"
2026-03-27T17:59:00Z,API-0271,mobile-app,prod,,,/app/v1/session,1191,0.0047,400.9,"{""2xx"": 1173, ""4xx"": 12, ""5xx"": 6}"
2026-03-27T17:59:00Z,API-0272,net-banking,prod,,,/web/v1/session,814,0.003,379.1,"{""2xx"": 804, ""4xx"": 8, ""5xx"": 2}"
2026-03-27T17:59:00Z,API-0273,api-gateway,prod,,,/gw/v1/route,2536,0.0035,187.8,"{""2xx"": 2502, ""4xx"": 25, ""5xx"": 9}"
2026-03-27T17:59:00Z,API-0274,auth-service,prod,,,/auth/v1/login,906,0.0019,122.8,"{""2xx"": 895, ""4xx"": 9, ""5xx"": 2}"
2026-03-27T17:59:00Z,API-0275,payments-service,prod,,,/payments/v1/payments,582,0.0049,266.2,"{""2xx"": 573, ""4xx"": 6, ""5xx"": 3}"
2026-03-27T17:59:00Z,API-0276,accounts-service,prod,,,/accounts/v1/balance,1125,0.0027,147.7,"{""2xx"": 1111, ""4xx"": 11, ""5xx"": 3}"
2026-03-27T17:59:00Z,API-0277,notification-service,prod,,,/notify/v1/send,479,0.0015,86.3,"{""2xx"": 473, ""4xx"": 5, ""5xx"": 1}"
2026-03-27T17:59:00Z,API-0278,payment-network-gateway,prod,,,/routes/card,187,0.0031,352.0,"{""2xx"": 184, ""4xx"": 2, ""5xx"": 1}"
2026-03-27T17:59:00Z,API-0279,payment-network-gateway,prod,,,/routes/upi,221,0.0034,303.3,"{""2xx"": 218, ""4xx"": 2, ""5xx"": 1}"
2026-03-27T17:59:00Z,API-0280,payment-network-gateway,prod,,,/routes/neft,63,0.0034,457.6,"{""2xx"": 62, ""4xx"": 1, ""5xx"": 0}"
2026-03-27T18:00:00Z,API-0281,mobile-app,prod,,,/app/v1/session,1240,0.0046,400.5,"{""2xx"": 1222, ""4xx"": 12, ""5xx"": 6}"
2026-03-27T18:00:00Z,API-0282,net-banking,prod,,,/web/v1/session,807,0.0035,393.5,"{""2xx"": 796, ""4xx"": 8, ""5xx"": 3}"
2026-03-27T18:00:00Z,API-0283,api-gateway,prod,,,/gw/v1/route,2730,0.0023,187.0,"{""2xx"": 2697, ""4xx"": 27, ""5xx"": 6}"
2026-03-27T18:00:00Z,API-0284,auth-service,prod,,,/auth/v1/login,938,0.002,117.4,"{""2xx"": 927, ""4xx"": 9, ""5xx"": 2}"
2026-03-27T18:00:00Z,API-0285,payments-service,prod,,,/payments/v1/payments,584,0.0045,259.9,"{""2xx"": 575, ""4xx"": 6, ""5xx"": 3}"
2026-03-27T18:00:00Z,API-0286,accounts-service,prod,,,/accounts/v1/balance,1133,0.0024,151.9,"{""2xx"": 1119, ""4xx"": 11, ""5xx"": 3}"
2026-03-27T18:00:00Z,API-0287,notification-service,prod,,,/notify/v1/send,490,0.0016,87.6,"{""2xx"": 484, ""4xx"": 5, ""5xx"": 1}"
2026-03-27T18:00:00Z,API-0288,payment-network-gateway,prod,,,/routes/card,182,0.0039,335.6,"{""2xx"": 179, ""4xx"": 2, ""5xx"": 1}"
2026-03-27T18:00:00Z,API-0289,payment-network-gateway,prod,,,/routes/upi,223,0.003,303.9,"{""2xx"": 220, ""4xx"": 2, ""5xx"": 1}"
2026-03-27T18:00:00Z,API-0290,payment-network-gateway,prod,,,/routes/neft,61,0.0043,467.3,"{""2xx"": 60, ""4xx"": 1, ""5xx"": 0}"
2026-03-27T18:01:00Z,API-0291,mobile-app,prod,,,/app/v1/session,1236,0.0038,401.7,"{""2xx"": 1219, ""4xx"": 12, ""5xx"": 5}"
2026-03-27T18:01:00Z,API-0292,net-banking,prod,,,/web/v1/session,822,0.0043,375.9,"{""2xx"": 810, ""4xx"": 8, ""5xx"": 4}"
2026-03-27T18:01:00Z,API-0293,api-gateway,prod,,,/gw/v1/route,2606,0.0035,185.2,"{""2xx"": 2571, ""4xx"": 26, ""5xx"": 9}"
2026-03-27T18:01:00Z,API-0294,auth-service,prod,,,/auth/v1/login,932,0.0018,119.9,"{""2xx"": 921, ""4xx"": 9, ""5xx"": 2}"
2026-03-27T18:01:00Z,API-0295,payments-service,prod,,,/payments/v1/payments,572,0.0039,255.6,"{""2xx"": 564, ""4xx"": 6, ""5xx"": 2}"
2026-03-27T18:01:00Z,API-0296,accounts-service,prod,,,/accounts/v1/balance,1097,0.0037,151.2,"{""2xx"": 1082, ""4xx"": 11, ""5xx"": 4}"
2026-03-27T18:01:00Z,API-0297,notification-service,prod,,,/notify/v1/send,495,0.0021,90.5,"{""2xx"": 489, ""4xx"": 5, ""5xx"": 1}"
2026-03-27T18:01:00Z,API-0298,payment-network-gateway,prod,,,/routes/card,177,0.005,341.2,"{""2xx"": 174, ""4xx"": 2, ""5xx"": 1}"
2026-03-27T18:01:00Z,API-0299,payment-network-gateway,prod,,,/routes/upi,223,0.0036,305.4,"{""2xx"": 220, ""4xx"": 2, ""5xx"": 1}"
2026-03-27T18:01:00Z,API-0300,payment-network-gateway,prod,,,/routes/neft,60,0.0039,429.0,"{""2xx"": 59, ""4xx"": 1, ""5xx"": 0}"
2026-03-27T18:02:00Z,API-0301,mobile-app,prod,,,/app/v1/session,1207,0.0307,849.8,"{""2xx"": 1158, ""4xx"": 12, ""5xx"": 37}"
2026-03-27T18:02:00Z,API-0302,net-banking,prod,,,/web/v1/session,801,0.0302,791.6,"{""2xx"": 769, ""4xx"": 8, ""5xx"": 24}"
2026-03-27T18:02:00Z,API-0303,api-gateway,prod,,,/gw/v1/route,2480,0.0301,451.9,"{""2xx"": 2380, ""4xx"": 25, ""5xx"": 75}"
2026-03-27T18:02:00Z,API-0304,auth-service,prod,,,/auth/v1/login,935,0.0606,614.7,"{""2xx"": 869, ""4xx"": 9, ""5xx"": 57}"
2026-03-27T18:02:00Z,API-0305,payments-service,prod,,,/payments/v1/payments,601,0.0201,489.2,"{""2xx"": 583, ""4xx"": 6, ""5xx"": 12}"
2026-03-27T18:02:00Z,API-0306,accounts-service,prod,,,/accounts/v1/balance,1056,0.0616,689.0,"{""2xx"": 980, ""4xx"": 11, ""5xx"": 65}"
2026-03-27T18:02:00Z,API-0307,notification-service,prod,,,/notify/v1/send,500,0.0022,90.2,"{""2xx"": 494, ""4xx"": 5, ""5xx"": 1}"
2026-03-27T18:02:00Z,API-0308,payment-network-gateway,prod,,,/routes/card,173,0.0042,331.8,"{""2xx"": 170, ""4xx"": 2, ""5xx"": 1}"
2026-03-27T18:02:00Z,API-0309,payment-network-gateway,prod,,,/routes/upi,212,0.0048,306.2,"{""2xx"": 209, ""4xx"": 2, ""5xx"": 1}"
2026-03-27T18:02:00Z,API-0310,payment-network-gateway,prod,,,/routes/neft,58,0.0038,456.2,"{""2xx"": 57, ""4xx"": 1, ""5xx"": 0}"
2026-03-27T18:03:00Z,API-0311,mobile-app,prod,,,/app/v1/session,1247,0.0304,860.0,"{""2xx"": 1197, ""4xx"": 12, ""5xx"": 38}"
2026-03-27T18:03:00Z,API-0312,net-banking,prod,,,/web/v1/session,773,0.0303,778.1,"{""2xx"": 742, ""4xx"": 8, ""5xx"": 23}"
2026-03-27T18:03:00Z,API-0313,api-gateway,prod,,,/gw/v1/route,2610,0.0309,467.5,"{""2xx"": 2503, ""4xx"": 26, ""5xx"": 81}"
2026-03-27T18:03:00Z,API-0314,auth-service,prod,,,/auth/v1/login,876,0.0609,605.6,"{""2xx"": 814, ""4xx"": 9, ""5xx"": 53}"
2026-03-27T18:03:00Z,API-0315,payments-service,prod,,,/payments/v1/payments,609,0.0204,488.3,"{""2xx"": 591, ""4xx"": 6, ""5xx"": 12}"
2026-03-27T18:03:00Z,API-0316,accounts-service,prod,,,/accounts/v1/balance,1094,0.0616,706.5,"{""2xx"": 1016, ""4xx"": 11, ""5xx"": 67}"
2026-03-27T18:03:00Z,API-0317,notification-service,prod,,,/notify/v1/send,503,0.0019,91.9,"{""2xx"": 497, ""4xx"": 5, ""5xx"": 1}"
2026-03-27T18:03:00Z,API-0318,payment-network-gateway,prod,,,/routes/card,181,0.0034,338.8,"{""2xx"": 178, ""4xx"": 2, ""5xx"": 1}"
2026-03-27T18:03:00Z,API-0319,payment-network-gateway,prod,,,/routes/upi,230,0.0042,311.4,"{""2xx"": 227, ""4xx"": 2, ""5xx"": 1}"
2026-03-27T18:03:00Z,API-0320,payment-network-gateway,prod,,,/routes/neft,61,0.0045,454.8,"{""2xx"": 60, ""4xx"": 1, ""5xx"": 0}"
2026-03-27T18:04:00Z,API-0321,mobile-app,prod,,,/app/v1/session,1179,0.0311,854.0,"{""2xx"": 1130, ""4xx"": 12, ""5xx"": 37}"
2026-03-27T18:04:00Z,API-0322,net-banking,prod,,,/web/v1/session,775,0.0312,792.0,"{""2xx"": 743, ""4xx"": 8, ""5xx"": 24}"
2026-03-27T18:04:00Z,API-0323,api-gateway,prod,,,/gw/v1/route,2496,0.0312,463.1,"{""2xx"": 2393, ""4xx"": 25, ""5xx"": 78}"
2026-03-27T18:04:00Z,API-0324,auth-service,prod,,,/auth/v1/login,931,0.062,627.3,"{""2xx"": 864, ""4xx"": 9, ""5xx"": 58}"
2026-03-27T18:04:00Z,API-0325,payments-service,prod,,,/payments/v1/payments,586,0.0205,474.4,"{""2xx"": 568, ""4xx"": 6, ""5xx"": 12}"
2026-03-27T18:04:00Z,API-0326,accounts-service,prod,,,/accounts/v1/balance,1143,0.0604,677.7,"{""2xx"": 1063, ""4xx"": 11, ""5xx"": 69}"
2026-03-27T18:04:00Z,API-0327,notification-service,prod,,,/notify/v1/send,491,0.0019,86.8,"{""2xx"": 485, ""4xx"": 5, ""5xx"": 1}"
2026-03-27T18:04:00Z,API-0328,payment-network-gateway,prod,,,/routes/card,172,0.0035,335.6,"{""2xx"": 169, ""4xx"": 2, ""5xx"": 1}"
2026-03-27T18:04:00Z,API-0329,payment-network-gateway,prod,,,/routes/upi,227,0.0042,292.6,"{""2xx"": 224, ""4xx"": 2, ""5xx"": 1}"
2026-03-27T18:04:00Z,API-0330,payment-network-gateway,prod,,,/routes/neft,62,0.0042,438.3,"{""2xx"": 61, ""4xx"": 1, ""5xx"": 0}"
2026-03-27T18:05:00Z,API-0331,mobile-app,prod,,,/app/v1/session,1219,0.0309,856.1,"{""2xx"": 1169, ""4xx"": 12, ""5xx"": 38}"
2026-03-27T18:05:00Z,API-0332,net-banking,prod,,,/web/v1/session,820,0.0301,765.0,"{""2xx"": 787, ""4xx"": 8, ""5xx"": 25}"
2026-03-27T18:05:00Z,API-0333,api-gateway,prod,,,/gw/v1/route,2650,0.0307,466.8,"{""2xx"": 2543, ""4xx"": 26, ""5xx"": 81}"
2026-03-27T18:05:00Z,API-0334,auth-service,prod,,,/auth/v1/login,871,0.0623,629.5,"{""2xx"": 808, ""4xx"": 9, ""5xx"": 54}"
2026-03-27T18:05:00Z,API-0335,payments-service,prod,,,/payments/v1/payments,592,0.0205,484.3,"{""2xx"": 574, ""4xx"": 6, ""5xx"": 12}"
2026-03-27T18:05:00Z,API-0336,accounts-service,prod,,,/accounts/v1/balance,1074,0.0617,678.6,"{""2xx"": 997, ""4xx"": 11, ""5xx"": 66}"
2026-03-27T18:05:00Z,API-0337,notification-service,prod,,,/notify/v1/send,490,0.0016,86.5,"{""2xx"": 484, ""4xx"": 5, ""5xx"": 1}"
2026-03-27T18:05:00Z,API-0338,payment-network-gateway,prod,,,/routes/card,186,0.0046,336.9,"{""2xx"": 183, ""4xx"": 2, ""5xx"": 1}"
2026-03-27T18:05:00Z,API-0339,payment-network-gateway,prod,,,/routes/upi,230,0.0031,311.3,"{""2xx"": 227, ""4xx"": 2, ""5xx"": 1}"
2026-03-27T18:05:00Z,API-0340,payment-network-gateway,prod,,,/routes/neft,62,0.0031,465.9,"{""2xx"": 61, ""4xx"": 1, ""5xx"": 0}"
2026-03-27T18:06:00Z,API-0341,mobile-app,prod,,,/app/v1/session,1232,0.0309,841.7,"{""2xx"": 1182, ""4xx"": 12, ""5xx"": 38}"
2026-03-27T18:06:00Z,API-0342,net-banking,prod,,,/web/v1/session,769,0.0306,765.4,"{""2xx"": 737, ""4xx"": 8, ""5xx"": 24}"
2026-03-27T18:06:00Z,API-0343,api-gateway,prod,,,/gw/v1/route,2626,0.0301,462.7,"{""2xx"": 2521, ""4xx"": 26, ""5xx"": 79}"
2026-03-27T18:06:00Z,API-0344,auth-service,prod,,,/auth/v1/login,939,0.0616,623.1,"{""2xx"": 872, ""4xx"": 9, ""5xx"": 58}"
2026-03-27T18:06:00Z,API-0345,payments-service,prod,,,/payments/v1/payments,613,0.0203,490.4,"{""2xx"": 595, ""4xx"": 6, ""5xx"": 12}"
2026-03-27T18:06:00Z,API-0346,accounts-service,prod,,,/accounts/v1/balance,1107,0.0615,687.3,"{""2xx"": 1028, ""4xx"": 11, ""5xx"": 68}"
2026-03-27T18:06:00Z,API-0347,notification-service,prod,,,/notify/v1/send,509,0.0024,89.2,"{""2xx"": 503, ""4xx"": 5, ""5xx"": 1}"
2026-03-27T18:06:00Z,API-0348,payment-network-gateway,prod,,,/routes/card,180,0.0033,329.4,"{""2xx"": 177, ""4xx"": 2, ""5xx"": 1}"
2026-03-27T18:06:00Z,API-0349,payment-network-gateway,prod,,,/routes/upi,213,0.0048,287.5,"{""2xx"": 210, ""4xx"": 2, ""5xx"": 1}"
2026-03-27T18:06:00Z,API-0350,payment-network-gateway,prod,,,/routes/neft,57,0.0043,458.7,"{""2xx"": 56, ""4xx"": 1, ""5xx"": 0}"
2026-03-27T18:07:00Z,API-0351,mobile-app,prod,,,/app/v1/session,1215,0.0302,869.6,"{""2xx"": 1166, ""4xx"": 12, ""5xx"": 37}"
2026-03-27T18:07:00Z,API-0352,net-banking,prod,,,/web/v1/session,790,0.0308,786.8,"{""2xx"": 758, ""4xx"": 8, ""5xx"": 24}"
2026-03-27T18:07:00Z,API-0353,api-gateway,prod,,,/gw/v1/route,2611,0.0308,471.9,"{""2xx"": 2505, ""4xx"": 26, ""5xx"": 80}"
2026-03-27T18:07:00Z,API-0354,auth-service,prod,,,/auth/v1/login,924,0.0607,610.7,"{""2xx"": 859, ""4xx"": 9, ""5xx"": 56}"
2026-03-27T18:07:00Z,API-0355,payments-service,prod,,,/payments/v1/payments,585,0.0204,488.8,"{""2xx"": 567, ""4xx"": 6, ""5xx"": 12}"
2026-03-27T18:07:00Z,API-0356,accounts-service,prod,,,/accounts/v1/balance,1126,0.0608,697.9,"{""2xx"": 1047, ""4xx"": 11, ""5xx"": 68}"
2026-03-27T18:07:00Z,API-0357,notification-service,prod,,,/notify/v1/send,516,0.0017,92.9,"{""2xx"": 510, ""4xx"": 5, ""5xx"": 1}"
2026-03-27T18:07:00Z,API-0358,payment-network-gateway,prod,,,/routes/card,180,0.0043,356.0,"{""2xx"": 177, ""4xx"": 2, ""5xx"": 1}"
2026-03-27T18:07:00Z,API-0359,payment-network-gateway,prod,,,/routes/upi,222,0.004,309.9,"{""2xx"": 219, ""4xx"": 2, ""5xx"": 1}"
2026-03-27T18:07:00Z,API-0360,payment-network-gateway,prod,,,/routes/neft,60,0.0049,440.3,"{""2xx"": 59, ""4xx"": 1, ""5xx"": 0}"
2026-03-27T18:08:00Z,API-0361,mobile-app,prod,,,/app/v1/session,1245,0.0304,869.6,"{""2xx"": 1195, ""4xx"": 12, ""5xx"": 38}"
2026-03-27T18:08:00Z,API-0362,net-banking,prod,,,/web/v1/session,788,0.0302,777.1,"{""2xx"": 756, ""4xx"": 8, ""5xx"": 24}"
2026-03-27T18:08:00Z,API-0363,api-gateway,prod,,,/gw/v1/route,2552,0.0306,466.9,"{""2xx"": 2448, ""4xx"": 26, ""5xx"": 78}"
2026-03-27T18:08:00Z,API-0364,auth-service,prod,,,/auth/v1/login,909,0.0623,614.4,"{""2xx"": 843, ""4xx"": 9, ""5xx"": 57}"
2026-03-27T18:08:00Z,API-0365,payments-service,prod,,,/payments/v1/payments,584,0.0204,483.9,"{""2xx"": 566, ""4xx"": 6, ""5xx"": 12}"
2026-03-27T18:08:00Z,API-0366,accounts-service,prod,,,/accounts/v1/balance,1087,0.062,692.9,"{""2xx"": 1009, ""4xx"": 11, ""5xx"": 67}"
2026-03-27T18:08:00Z,API-0367,notification-service,prod,,,/notify/v1/send,515,0.0024,88.9,"{""2xx"": 509, ""4xx"": 5, ""5xx"": 1}"
2026-03-27T18:08:00Z,API-0368,payment-network-gateway,prod,,,/routes/card,187,0.0037,337.7,"{""2xx"": 184, ""4xx"": 2, ""5xx"": 1}"
2026-03-27T18:08:00Z,API-0369,payment-network-gateway,prod,,,/routes/upi,221,0.0049,298.8,"{""2xx"": 218, ""4xx"": 2, ""5xx"": 1}"
2026-03-27T18:08:00Z,API-0370,payment-network-gateway,prod,,,/routes/neft,59,0.0048,431.5,"{""2xx"": 58, ""4xx"": 1, ""5xx"": 0}"
2026-03-27T18:09:00Z,API-0371,mobile-app,prod,,,/app/v1/session,1164,0.0305,843.7,"{""2xx"": 1116, ""4xx"": 12, ""5xx"": 36}"
2026-03-27T18:09:00Z,API-0372,net-banking,prod,,,/web/v1/session,833,0.03,766.1,"{""2xx"": 800, ""4xx"": 8, ""5xx"": 25}"
2026-03-27T18:09:00Z,API-0373,api-gateway,prod,,,/gw/v1/route,2714,0.0307,451.8,"{""2xx"": 2604, ""4xx"": 27, ""5xx"": 83}"
2026-03-27T18:09:00Z,API-0374,auth-service,prod,,,/auth/v1/login,856,0.0602,617.3,"{""2xx"": 795, ""4xx"": 9, ""5xx"": 52}"
2026-03-27T18:09:00Z,API-0375,payments-service,prod,,,/payments/v1/payments,613,0.0205,480.6,"{""2xx"": 594, ""4xx"": 6, ""5xx"": 13}"
2026-03-27T18:09:00Z,API-0376,accounts-service,prod,,,/accounts/v1/balance,1068,0.0613,693.0,"{""2xx"": 992, ""4xx"": 11, ""5xx"": 65}"
2026-03-27T18:09:00Z,API-0377,notification-service,prod,,,/notify/v1/send,522,0.0023,91.1,"{""2xx"": 516, ""4xx"": 5, ""5xx"": 1}"
2026-03-27T18:09:00Z,API-0378,payment-network-gateway,prod,,,/routes/card,175,0.0037,334.1,"{""2xx"": 172, ""4xx"": 2, ""5xx"": 1}"
2026-03-27T18:09:00Z,API-0379,payment-network-gateway,prod,,,/routes/upi,215,0.0038,310.9,"{""2xx"": 212, ""4xx"": 2, ""5xx"": 1}"
2026-03-27T18:09:00Z,API-0380,payment-network-gateway,prod,,,/routes/neft,62,0.0043,428.9,"{""2xx"": 61, ""4xx"": 1, ""5xx"": 0}"
2026-03-27T18:10:00Z,API-0381,mobile-app,prod,,,/app/v1/session,1173,0.0301,879.7,"{""2xx"": 1126, ""4xx"": 12, ""5xx"": 35}"
2026-03-27T18:10:00Z,API-0382,net-banking,prod,,,/web/v1/session,823,0.0306,776.3,"{""2xx"": 790, ""4xx"": 8, ""5xx"": 25}"
2026-03-27T18:10:00Z,API-0383,api-gateway,prod,,,/gw/v1/route,2712,0.0303,452.0,"{""2xx"": 2603, ""4xx"": 27, ""5xx"": 82}"
2026-03-27T18:10:00Z,API-0384,auth-service,prod,,,/auth/v1/login,893,0.062,620.9,"{""2xx"": 829, ""4xx"": 9, ""5xx"": 55}"
2026-03-27T18:10:00Z,API-0385,payments-service,prod,,,/payments/v1/payments,577,0.02,477.2,"{""2xx"": 559, ""4xx"": 6, ""5xx"": 12}"
2026-03-27T18:10:00Z,API-0386,accounts-service,prod,,,/accounts/v1/balance,1134,0.0613,702.2,"{""2xx"": 1053, ""4xx"": 11, ""5xx"": 70}"
2026-03-27T18:10:00Z,API-0387,notification-service,prod,,,/notify/v1/send,497,0.0018,87.8,"{""2xx"": 491, ""4xx"": 5, ""5xx"": 1}"
2026-03-27T18:10:00Z,API-0388,payment-network-gateway,prod,,,/routes/card,176,0.0034,328.2,"{""2xx"": 173, ""4xx"": 2, ""5xx"": 1}"
2026-03-27T18:10:00Z,API-0389,payment-network-gateway,prod,,,/routes/upi,218,0.0047,314.5,"{""2xx"": 215, ""4xx"": 2, ""5xx"": 1}"
2026-03-27T18:10:00Z,API-0390,payment-network-gateway,prod,,,/routes/neft,62,0.0036,440.4,"{""2xx"": 61, ""4xx"": 1, ""5xx"": 0}"
2026-03-27T18:11:00Z,API-0391,mobile-app,prod,,,/app/v1/session,1217,0.0307,877.0,"{""2xx"": 1168, ""4xx"": 12, ""5xx"": 37}"
2026-03-27T18:11:00Z,API-0392,net-banking,prod,,,/web/v1/session,809,0.0304,795.8,"{""2xx"": 776, ""4xx"": 8, ""5xx"": 25}"
2026-03-27T18:11:00Z,API-0393,api-gateway,prod,,,/gw/v1/route,2483,0.031,455.8,"{""2xx"": 2381, ""4xx"": 25, ""5xx"": 77}"
2026-03-27T18:11:00Z,API-0394,auth-service,prod,,,/auth/v1/login,907,0.0611,604.4,"{""2xx"": 843, ""4xx"": 9, ""5xx"": 55}"
2026-03-27T18:11:00Z,API-0395,payments-service,prod,,,/payments/v1/payments,578,0.0202,491.0,"{""2xx"": 560, ""4xx"": 6, ""5xx"": 12}"
2026-03-27T18:11:00Z,API-0396,accounts-service,prod,,,/accounts/v1/balance,1137,0.0608,686.6,"{""2xx"": 1057, ""4xx"": 11, ""5xx"": 69}"
2026-03-27T18:11:00Z,API-0397,notification-service,prod,,,/notify/v1/send,494,0.0018,91.0,"{""2xx"": 488, ""4xx"": 5, ""5xx"": 1}"
2026-03-27T18:11:00Z,API-0398,payment-network-gateway,prod,,,/routes/card,182,0.0049,346.1,"{""2xx"": 179, ""4xx"": 2, ""5xx"": 1}"
2026-03-27T18:11:00Z,API-0399,payment-network-gateway,prod,,,/routes/upi,227,0.005,306.3,"{""2xx"": 224, ""4xx"": 2, ""5xx"": 1}"
2026-03-27T18:11:00Z,API-0400,payment-network-gateway,prod,,,/routes/neft,58,0.0043,446.5,"{""2xx"": 57, ""4xx"": 1, ""5xx"": 0}"
2026-03-27T18:12:00Z,API-0401,mobile-app,prod,,,/app/v1/session,1222,0.031,842.6,"{""2xx"": 1172, ""4xx"": 12, ""5xx"": 38}"
2026-03-27T18:12:00Z,API-0402,net-banking,prod,,,/web/v1/session,826,0.0305,793.8,"{""2xx"": 793, ""4xx"": 8, ""5xx"": 25}"
2026-03-27T18:12:00Z,API-0403,api-gateway,prod,,,/gw/v1/route,2645,0.03,469.8,"{""2xx"": 2540, ""4xx"": 26, ""5xx"": 79}"
2026-03-27T18:12:00Z,API-0404,auth-service,prod,,,/auth/v1/login,899,0.0603,627.1,"{""2xx"": 836, ""4xx"": 9, ""5xx"": 54}"
2026-03-27T18:12:00Z,API-0405,payments-service,prod,,,/payments/v1/payments,616,0.0203,470.7,"{""2xx"": 597, ""4xx"": 6, ""5xx"": 13}"
2026-03-27T18:12:00Z,API-0406,accounts-service,prod,,,/accounts/v1/balance,1132,0.0622,695.9,"{""2xx"": 1051, ""4xx"": 11, ""5xx"": 70}"
2026-03-27T18:12:00Z,API-0407,notification-service,prod,,,/notify/v1/send,511,0.0022,88.0,"{""2xx"": 505, ""4xx"": 5, ""5xx"": 1}"
2026-03-27T18:12:00Z,API-0408,payment-network-gateway,prod,,,/routes/card,175,0.0039,328.3,"{""2xx"": 172, ""4xx"": 2, ""5xx"": 1}"
2026-03-27T18:12:00Z,API-0409,payment-network-gateway,prod,,,/routes/upi,215,0.0033,298.7,"{""2xx"": 212, ""4xx"": 2, ""5xx"": 1}"
2026-03-27T18:12:00Z,API-0410,payment-network-gateway,prod,,,/routes/neft,58,0.0045,467.5,"{""2xx"": 57, ""4xx"": 1, ""5xx"": 0}"
2026-03-27T18:13:00Z,API-0411,mobile-app,prod,,,/app/v1/session,1230,0.0301,874.2,"{""2xx"": 1181, ""4xx"": 12, ""5xx"": 37}"
2026-03-27T18:13:00Z,API-0412,net-banking,prod,,,/web/v1/session,840,0.0308,780.0,"{""2xx"": 806, ""4xx"": 8, ""5xx"": 26}"
2026-03-27T18:13:00Z,API-0413,api-gateway,prod,,,/gw/v1/route,2501,0.0302,472.2,"{""2xx"": 2400, ""4xx"": 25, ""5xx"": 76}"
2026-03-27T18:13:00Z,API-0414,auth-service,prod,,,/auth/v1/login,926,0.0604,610.8,"{""2xx"": 861, ""4xx"": 9, ""5xx"": 56}"
2026-03-27T18:13:00Z,API-0415,payments-service,prod,,,/payments/v1/payments,599,0.0205,479.2,"{""2xx"": 581, ""4xx"": 6, ""5xx"": 12}"
2026-03-27T18:13:00Z,API-0416,accounts-service,prod,,,/accounts/v1/balance,1045,0.0622,703.1,"{""2xx"": 970, ""4xx"": 10, ""5xx"": 65}"
2026-03-27T18:13:00Z,API-0417,notification-service,prod,,,/notify/v1/send,485,0.0016,89.8,"{""2xx"": 479, ""4xx"": 5, ""5xx"": 1}"
2026-03-27T18:13:00Z,API-0418,payment-network-gateway,prod,,,/routes/card,180,0.0031,353.9,"{""2xx"": 177, ""4xx"": 2, ""5xx"": 1}"
2026-03-27T18:13:00Z,API-0419,payment-network-gateway,prod,,,/routes/upi,224,0.0038,295.1,"{""2xx"": 221, ""4xx"": 2, ""5xx"": 1}"
2026-03-27T18:13:00Z,API-0420,payment-network-gateway,prod,,,/routes/neft,60,0.005,430.1,"{""2xx"": 59, ""4xx"": 1, ""5xx"": 0}"
2026-03-27T18:14:00Z,API-0421,mobile-app,prod,,,/app/v1/session,1219,0.0304,880.4,"{""2xx"": 1170, ""4xx"": 12, ""5xx"": 37}"
2026-03-27T18:14:00Z,API-0422,net-banking,prod,,,/web/v1/session,836,0.0308,786.6,"{""2xx"": 802, ""4xx"": 8, ""5xx"": 26}"
2026-03-27T18:14:00Z,API-0423,api-gateway,prod,,,/gw/v1/route,2572,0.0303,452.8,"{""2xx"": 2468, ""4xx"": 26, ""5xx"": 78}"
2026-03-27T18:14:00Z,API-0424,auth-service,prod,,,/auth/v1/login,930,0.062,602.5,"{""2xx"": 863, ""4xx"": 9, ""5xx"": 58}"
2026-03-27T18:14:00Z,API-0425,payments-service,prod,,,/payments/v1/payments,616,0.0206,469.9,"{""2xx"": 597, ""4xx"": 6, ""5xx"": 13}"
2026-03-27T18:14:00Z,API-0426,accounts-service,prod,,,/accounts/v1/balance,1077,0.0604,708.6,"{""2xx"": 1001, ""4xx"": 11, ""5xx"": 65}"
2026-03-27T18:14:00Z,API-0427,notification-service,prod,,,/notify/v1/send,501,0.0022,93.1,"{""2xx"": 495, ""4xx"": 5, ""5xx"": 1}"
2026-03-27T18:14:00Z,API-0428,payment-network-gateway,prod,,,/routes/card,184,0.004,351.9,"{""2xx"": 181, ""4xx"": 2, ""5xx"": 1}"
2026-03-27T18:14:00Z,API-0429,payment-network-gateway,prod,,,/routes/upi,218,0.005,298.7,"{""2xx"": 215, ""4xx"": 2, ""5xx"": 1}"
2026-03-27T18:14:00Z,API-0430,payment-network-gateway,prod,,,/routes/neft,62,0.004,464.6,"{""2xx"": 61, ""4xx"": 1, ""5xx"": 0}"
2026-03-27T18:15:00Z,API-0431,mobile-app,prod,,,/app/v1/session,1199,0.0308,843.2,"{""2xx"": 1150, ""4xx"": 12, ""5xx"": 37}"
2026-03-27T18:15:00Z,API-0432,net-banking,prod,,,/web/v1/session,831,0.0301,784.9,"{""2xx"": 798, ""4xx"": 8, ""5xx"": 25}"
2026-03-27T18:15:00Z,API-0433,api-gateway,prod,,,/gw/v1/route,2486,0.0301,466.1,"{""2xx"": 2386, ""4xx"": 25, ""5xx"": 75}"
2026-03-27T18:15:00Z,API-0434,auth-service,prod,,,/auth/v1/login,932,0.062,620.2,"{""2xx"": 865, ""4xx"": 9, ""5xx"": 58}"
2026-03-27T18:15:00Z,API-0435,payments-service,prod,,,/payments/v1/payments,578,0.0208,482.9,"{""2xx"": 560, ""4xx"": 6, ""5xx"": 12}"
2026-03-27T18:15:00Z,API-0436,accounts-service,prod,,,/accounts/v1/balance,1143,0.0616,707.4,"{""2xx"": 1062, ""4xx"": 11, ""5xx"": 70}"
2026-03-27T18:15:00Z,API-0437,notification-service,prod,,,/notify/v1/send,517,0.0019,87.1,"{""2xx"": 511, ""4xx"": 5, ""5xx"": 1}"
2026-03-27T18:15:00Z,API-0438,payment-network-gateway,prod,,,/routes/card,173,0.0037,341.8,"{""2xx"": 170, ""4xx"": 2, ""5xx"": 1}"
2026-03-27T18:15:00Z,API-0439,payment-network-gateway,prod,,,/routes/upi,223,0.0036,292.6,"{""2xx"": 220, ""4xx"": 2, ""5xx"": 1}"
2026-03-27T18:15:00Z,API-0440,payment-network-gateway,prod,,,/routes/neft,58,0.0033,447.2,"{""2xx"": 57, ""4xx"": 1, ""5xx"": 0}"
2026-03-27T18:16:00Z,API-0441,mobile-app,prod,,,/app/v1/session,1216,0.0305,849.7,"{""2xx"": 1167, ""4xx"": 12, ""5xx"": 37}"
2026-03-27T18:16:00Z,API-0442,net-banking,prod,,,/web/v1/session,807,0.0301,761.0,"{""2xx"": 775, ""4xx"": 8, ""5xx"": 24}"
2026-03-27T18:16:00Z,API-0443,api-gateway,prod,,,/gw/v1/route,2554,0.031,458.3,"{""2xx"": 2449, ""4xx"": 26, ""5xx"": 79}"
2026-03-27T18:16:00Z,API-0444,auth-service,prod,,,/auth/v1/login,904,0.0602,608.4,"{""2xx"": 841, ""4xx"": 9, ""5xx"": 54}"
2026-03-27T18:16:00Z,API-0445,payments-service,prod,,,/payments/v1/payments,629,0.0205,489.9,"{""2xx"": 610, ""4xx"": 6, ""5xx"": 13}"
2026-03-27T18:16:00Z,API-0446,accounts-service,prod,,,/accounts/v1/balance,1108,0.0622,684.4,"{""2xx"": 1028, ""4xx"": 11, ""5xx"": 69}"
2026-03-27T18:16:00Z,API-0447,notification-service,prod,,,/notify/v1/send,508,0.0025,94.2,"{""2xx"": 502, ""4xx"": 5, ""5xx"": 1}"
2026-03-27T18:16:00Z,API-0448,payment-network-gateway,prod,,,/routes/card,180,0.0033,332.7,"{""2xx"": 177, ""4xx"": 2, ""5xx"": 1}"
2026-03-27T18:16:00Z,API-0449,payment-network-gateway,prod,,,/routes/upi,211,0.0033,306.0,"{""2xx"": 208, ""4xx"": 2, ""5xx"": 1}"
2026-03-27T18:16:00Z,API-0450,payment-network-gateway,prod,,,/routes/neft,63,0.0031,465.1,"{""2xx"": 62, ""4xx"": 1, ""5xx"": 0}"
2026-03-27T18:17:00Z,API-0451,mobile-app,prod,,,/app/v1/session,1233,0.0303,863.5,"{""2xx"": 1184, ""4xx"": 12, ""5xx"": 37}"
2026-03-27T18:17:00Z,API-0452,net-banking,prod,,,/web/v1/session,801,0.0305,792.4,"{""2xx"": 769, ""4xx"": 8, ""5xx"": 24}"
2026-03-27T18:17:00Z,API-0453,api-gateway,prod,,,/gw/v1/route,2572,0.031,471.4,"{""2xx"": 2466, ""4xx"": 26, ""5xx"": 80}"
2026-03-27T18:17:00Z,API-0454,auth-service,prod,,,/auth/v1/login,911,0.061,601.6,"{""2xx"": 846, ""4xx"": 9, ""5xx"": 56}"
2026-03-27T18:17:00Z,API-0455,payments-service,prod,,,/payments/v1/payments,609,0.0204,479.1,"{""2xx"": 591, ""4xx"": 6, ""5xx"": 12}"
2026-03-27T18:17:00Z,API-0456,accounts-service,prod,,,/accounts/v1/balance,1106,0.0617,686.4,"{""2xx"": 1027, ""4xx"": 11, ""5xx"": 68}"
2026-03-27T18:17:00Z,API-0457,notification-service,prod,,,/notify/v1/send,493,0.0019,93.6,"{""2xx"": 487, ""4xx"": 5, ""5xx"": 1}"
2026-03-27T18:17:00Z,API-0458,payment-network-gateway,prod,,,/routes/card,179,0.0046,345.4,"{""2xx"": 176, ""4xx"": 2, ""5xx"": 1}"
2026-03-27T18:17:00Z,API-0459,payment-network-gateway,prod,,,/routes/upi,213,0.0034,287.4,"{""2xx"": 210, ""4xx"": 2, ""5xx"": 1}"
2026-03-27T18:17:00Z,API-0460,payment-network-gateway,prod,,,/routes/neft,62,0.0037,432.3,"{""2xx"": 61, ""4xx"": 1, ""5xx"": 0}"
2026-03-27T18:18:00Z,API-0461,mobile-app,prod,,,/app/v1/session,1183,0.0301,868.4,"{""2xx"": 1135, ""4xx"": 12, ""5xx"": 36}"
2026-03-27T18:18:00Z,API-0462,net-banking,prod,,,/web/v1/session,833,0.0303,768.0,"{""2xx"": 800, ""4xx"": 8, ""5xx"": 25}"
2026-03-27T18:18:00Z,API-0463,api-gateway,prod,,,/gw/v1/route,2683,0.0303,463.6,"{""2xx"": 2575, ""4xx"": 27, ""5xx"": 81}"
2026-03-27T18:18:00Z,API-0464,auth-service,prod,,,/auth/v1/login,936,0.061,612.2,"{""2xx"": 870, ""4xx"": 9, ""5xx"": 57}"
2026-03-27T18:18:00Z,API-0465,payments-service,prod,,,/payments/v1/payments,601,0.0207,483.8,"{""2xx"": 583, ""4xx"": 6, ""5xx"": 12}"
2026-03-27T18:18:00Z,API-0466,accounts-service,prod,,,/accounts/v1/balance,1060,0.0603,689.1,"{""2xx"": 985, ""4xx"": 11, ""5xx"": 64}"
2026-03-27T18:18:00Z,API-0467,notification-service,prod,,,/notify/v1/send,523,0.0017,87.3,"{""2xx"": 517, ""4xx"": 5, ""5xx"": 1}"
2026-03-27T18:18:00Z,API-0468,payment-network-gateway,prod,,,/routes/card,181,0.0042,348.6,"{""2xx"": 178, ""4xx"": 2, ""5xx"": 1}"
2026-03-27T18:18:00Z,API-0469,payment-network-gateway,prod,,,/routes/upi,217,0.0039,299.1,"{""2xx"": 214, ""4xx"": 2, ""5xx"": 1}"
2026-03-27T18:18:00Z,API-0470,payment-network-gateway,prod,,,/routes/neft,62,0.0049,436.1,"{""2xx"": 61, ""4xx"": 1, ""5xx"": 0}"
2026-03-27T18:19:00Z,API-0471,mobile-app,prod,,,/app/v1/session,1141,0.0303,876.7,"{""2xx"": 1095, ""4xx"": 11, ""5xx"": 35}"
2026-03-27T18:19:00Z,API-0472,net-banking,prod,,,/web/v1/session,777,0.0311,778.2,"{""2xx"": 745, ""4xx"": 8, ""5xx"": 24}"
2026-03-27T18:19:00Z,API-0473,api-gateway,prod,,,/gw/v1/route,2482,0.0305,465.3,"{""2xx"": 2381, ""4xx"": 25, ""5xx"": 76}"
2026-03-27T18:19:00Z,API-0474,auth-service,prod,,,/auth/v1/login,889,0.0607,602.7,"{""2xx"": 826, ""4xx"": 9, ""5xx"": 54}"
2026-03-27T18:19:00Z,API-0475,payments-service,prod,,,/payments/v1/payments,605,0.0206,478.6,"{""2xx"": 587, ""4xx"": 6, ""5xx"": 12}"
2026-03-27T18:19:00Z,API-0476,accounts-service,prod,,,/accounts/v1/balance,1127,0.0616,699.2,"{""2xx"": 1047, ""4xx"": 11, ""5xx"": 69}"
2026-03-27T18:19:00Z,API-0477,notification-service,prod,,,/notify/v1/send,521,0.0018,89.6,"{""2xx"": 515, ""4xx"": 5, ""5xx"": 1}"
2026-03-27T18:19:00Z,API-0478,payment-network-gateway,prod,,,/routes/card,177,0.0046,325.2,"{""2xx"": 174, ""4xx"": 2, ""5xx"": 1}"
2026-03-27T18:19:00Z,API-0479,payment-network-gateway,prod,,,/routes/upi,223,0.0048,303.9,"{""2xx"": 220, ""4xx"": 2, ""5xx"": 1}"
2026-03-27T18:19:00Z,API-0480,payment-network-gateway,prod,,,/routes/neft,57,0.0044,450.5,"{""2xx"": 56, ""4xx"": 1, ""5xx"": 0}"
2026-03-27T18:20:00Z,API-0481,mobile-app,prod,,,/app/v1/session,1191,0.0307,879.9,"{""2xx"": 1142, ""4xx"": 12, ""5xx"": 37}"
2026-03-27T18:20:00Z,API-0482,net-banking,prod,,,/web/v1/session,795,0.0303,769.1,"{""2xx"": 763, ""4xx"": 8, ""5xx"": 24}"
2026-03-27T18:20:00Z,API-0483,api-gateway,prod,,,/gw/v1/route,2482,0.0306,466.0,"{""2xx"": 2381, ""4xx"": 25, ""5xx"": 76}"
2026-03-27T18:20:00Z,API-0484,auth-service,prod,,,/auth/v1/login,883,0.0615,611.3,"{""2xx"": 820, ""4xx"": 9, ""5xx"": 54}"
2026-03-27T18:20:00Z,API-0485,payments-service,prod,,,/payments/v1/payments,630,0.0207,475.4,"{""2xx"": 611, ""4xx"": 6, ""5xx"": 13}"
2026-03-27T18:20:00Z,API-0486,accounts-service,prod,,,/accounts/v1/balance,1053,0.0607,688.0,"{""2xx"": 978, ""4xx"": 11, ""5xx"": 64}"
2026-03-27T18:20:00Z,API-0487,notification-service,prod,,,/notify/v1/send,511,0.0019,88.8,"{""2xx"": 505, ""4xx"": 5, ""5xx"": 1}"
2026-03-27T18:20:00Z,API-0488,payment-network-gateway,prod,,,/routes/card,183,0.0043,333.6,"{""2xx"": 180, ""4xx"": 2, ""5xx"": 1}"
2026-03-27T18:20:00Z,API-0489,payment-network-gateway,prod,,,/routes/upi,224,0.0033,290.3,"{""2xx"": 221, ""4xx"": 2, ""5xx"": 1}"
2026-03-27T18:20:00Z,API-0490,payment-network-gateway,prod,,,/routes/neft,60,0.0032,427.5,"{""2xx"": 59, ""4xx"": 1, ""5xx"": 0}"
2026-03-27T18:21:00Z,API-0491,mobile-app,prod,,,/app/v1/session,1191,0.0305,859.5,"{""2xx"": 1143, ""4xx"": 12, ""5xx"": 36}"
2026-03-27T18:21:00Z,API-0492,net-banking,prod,,,/web/v1/session,811,0.0307,781.7,"{""2xx"": 778, ""4xx"": 8, ""5xx"": 25}"
2026-03-27T18:21:00Z,API-0493,api-gateway,prod,,,/gw/v1/route,2483,0.0312,460.0,"{""2xx"": 2381, ""4xx"": 25, ""5xx"": 77}"
2026-03-27T18:21:00Z,API-0494,auth-service,prod,,,/auth/v1/login,873,0.0601,617.9,"{""2xx"": 812, ""4xx"": 9, ""5xx"": 52}"
2026-03-27T18:21:00Z,API-0495,payments-service,prod,,,/payments/v1/payments,575,0.0205,481.0,"{""2xx"": 557, ""4xx"": 6, ""5xx"": 12}"
2026-03-27T18:21:00Z,API-0496,accounts-service,prod,,,/accounts/v1/balance,1094,0.0607,706.6,"{""2xx"": 1017, ""4xx"": 11, ""5xx"": 66}"
2026-03-27T18:21:00Z,API-0497,notification-service,prod,,,/notify/v1/send,507,0.0019,91.6,"{""2xx"": 501, ""4xx"": 5, ""5xx"": 1}"
2026-03-27T18:21:00Z,API-0498,payment-network-gateway,prod,,,/routes/card,181,0.0049,341.2,"{""2xx"": 178, ""4xx"": 2, ""5xx"": 1}"
2026-03-27T18:21:00Z,API-0499,payment-network-gateway,prod,,,/routes/upi,221,0.0038,285.2,"{""2xx"": 218, ""4xx"": 2, ""5xx"": 1}"
2026-03-27T18:21:00Z,API-0500,payment-network-gateway,prod,,,/routes/neft,59,0.004,457.3,"{""2xx"": 58, ""4xx"": 1, ""5xx"": 0}"
2026-03-27T18:22:00Z,API-0501,mobile-app,prod,,,/app/v1/session,1156,0.0307,880.9,"{""2xx"": 1109, ""4xx"": 12, ""5xx"": 35}"
2026-03-27T18:22:00Z,API-0502,net-banking,prod,,,/web/v1/session,791,0.0309,762.2,"{""2xx"": 759, ""4xx"": 8, ""5xx"": 24}"
2026-03-27T18:22:00Z,API-0503,api-gateway,prod,,,/gw/v1/route,2689,0.0302,456.9,"{""2xx"": 2581, ""4xx"": 27, ""5xx"": 81}"
2026-03-27T18:22:00Z,API-0504,auth-service,prod,,,/auth/v1/login,884,0.062,604.2,"{""2xx"": 820, ""4xx"": 9, ""5xx"": 55}"
2026-03-27T18:22:00Z,API-0505,payments-service,prod,,,/payments/v1/payments,603,0.0207,480.8,"{""2xx"": 585, ""4xx"": 6, ""5xx"": 12}"
2026-03-27T18:22:00Z,API-0506,accounts-service,prod,,,/accounts/v1/balance,1096,0.0621,692.5,"{""2xx"": 1017, ""4xx"": 11, ""5xx"": 68}"
2026-03-27T18:22:00Z,API-0507,notification-service,prod,,,/notify/v1/send,492,0.0023,87.2,"{""2xx"": 486, ""4xx"": 5, ""5xx"": 1}"
2026-03-27T18:22:00Z,API-0508,payment-network-gateway,prod,,,/routes/card,172,0.0044,348.5,"{""2xx"": 169, ""4xx"": 2, ""5xx"": 1}"
2026-03-27T18:22:00Z,API-0509,payment-network-gateway,prod,,,/routes/upi,210,0.0047,296.0,"{""2xx"": 207, ""4xx"": 2, ""5xx"": 1}"
2026-03-27T18:22:00Z,API-0510,payment-network-gateway,prod,,,/routes/neft,59,0.0039,467.4,"{""2xx"": 58, ""4xx"": 1, ""5xx"": 0}"
2026-03-27T18:23:00Z,API-0511,mobile-app,prod,,,/app/v1/session,1234,0.0305,859.7,"{""2xx"": 1184, ""4xx"": 12, ""5xx"": 38}"
2026-03-27T18:23:00Z,API-0512,net-banking,prod,,,/web/v1/session,840,0.0309,763.0,"{""2xx"": 806, ""4xx"": 8, ""5xx"": 26}"
2026-03-27T18:23:00Z,API-0513,api-gateway,prod,,,/gw/v1/route,2491,0.0309,465.4,"{""2xx"": 2389, ""4xx"": 25, ""5xx"": 77}"
2026-03-27T18:23:00Z,API-0514,auth-service,prod,,,/auth/v1/login,908,0.0611,613.8,"{""2xx"": 844, ""4xx"": 9, ""5xx"": 55}"
2026-03-27T18:23:00Z,API-0515,payments-service,prod,,,/payments/v1/payments,626,0.0207,486.2,"{""2xx"": 607, ""4xx"": 6, ""5xx"": 13}"
2026-03-27T18:23:00Z,API-0516,accounts-service,prod,,,/accounts/v1/balance,1089,0.0623,685.4,"{""2xx"": 1010, ""4xx"": 11, ""5xx"": 68}"
2026-03-27T18:23:00Z,API-0517,notification-service,prod,,,/notify/v1/send,522,0.0021,88.7,"{""2xx"": 516, ""4xx"": 5, ""5xx"": 1}"
2026-03-27T18:23:00Z,API-0518,payment-network-gateway,prod,,,/routes/card,177,0.0039,347.9,"{""2xx"": 174, ""4xx"": 2, ""5xx"": 1}"
2026-03-27T18:23:00Z,API-0519,payment-network-gateway,prod,,,/routes/upi,221,0.0041,289.4,"{""2xx"": 218, ""4xx"": 2, ""5xx"": 1}"
2026-03-27T18:23:00Z,API-0520,payment-network-gateway,prod,,,/routes/neft,61,0.0049,459.6,"{""2xx"": 60, ""4xx"": 1, ""5xx"": 0}"
2026-03-27T18:24:00Z,API-0521,mobile-app,prod,,,/app/v1/session,1195,0.031,845.7,"{""2xx"": 1146, ""4xx"": 12, ""5xx"": 37}"
2026-03-27T18:24:00Z,API-0522,net-banking,prod,,,/web/v1/session,778,0.0309,773.9,"{""2xx"": 746, ""4xx"": 8, ""5xx"": 24}"
2026-03-27T18:24:00Z,API-0523,api-gateway,prod,,,/gw/v1/route,2578,0.0311,459.3,"{""2xx"": 2472, ""4xx"": 26, ""5xx"": 80}"
2026-03-27T18:24:00Z,API-0524,auth-service,prod,,,/auth/v1/login,862,0.0623,618.8,"{""2xx"": 799, ""4xx"": 9, ""5xx"": 54}"
2026-03-27T18:24:00Z,API-0525,payments-service,prod,,,/payments/v1/payments,590,0.0203,482.1,"{""2xx"": 572, ""4xx"": 6, ""5xx"": 12}"
2026-03-27T18:24:00Z,API-0526,accounts-service,prod,,,/accounts/v1/balance,1154,0.0619,698.1,"{""2xx"": 1071, ""4xx"": 12, ""5xx"": 71}"
2026-03-27T18:24:00Z,API-0527,notification-service,prod,,,/notify/v1/send,522,0.0023,87.8,"{""2xx"": 516, ""4xx"": 5, ""5xx"": 1}"
2026-03-27T18:24:00Z,API-0528,payment-network-gateway,prod,,,/routes/card,175,0.0034,345.6,"{""2xx"": 172, ""4xx"": 2, ""5xx"": 1}"
2026-03-27T18:24:00Z,API-0529,payment-network-gateway,prod,,,/routes/upi,218,0.0036,301.6,"{""2xx"": 215, ""4xx"": 2, ""5xx"": 1}"
2026-03-27T18:24:00Z,API-0530,payment-network-gateway,prod,,,/routes/neft,61,0.0046,464.1,"{""2xx"": 60, ""4xx"": 1, ""5xx"": 0}"
2026-03-27T18:25:00Z,API-0531,mobile-app,prod,,,/app/v1/session,1207,0.0311,865.6,"{""2xx"": 1157, ""4xx"": 12, ""5xx"": 38}"
2026-03-27T18:25:00Z,API-0532,net-banking,prod,,,/web/v1/session,835,0.03,767.6,"{""2xx"": 802, ""4xx"": 8, ""5xx"": 25}"
2026-03-27T18:25:00Z,API-0533,api-gateway,prod,,,/gw/v1/route,2518,0.0302,471.1,"{""2xx"": 2417, ""4xx"": 25, ""5xx"": 76}"
2026-03-27T18:25:00Z,API-0534,auth-service,prod,,,/auth/v1/login,860,0.0609,621.0,"{""2xx"": 799, ""4xx"": 9, ""5xx"": 52}"
2026-03-27T18:25:00Z,API-0535,payments-service,prod,,,/payments/v1/payments,630,0.0205,480.2,"{""2xx"": 611, ""4xx"": 6, ""5xx"": 13}"
2026-03-27T18:25:00Z,API-0536,accounts-service,prod,,,/accounts/v1/balance,1073,0.0618,680.2,"{""2xx"": 996, ""4xx"": 11, ""5xx"": 66}"
2026-03-27T18:25:00Z,API-0537,notification-service,prod,,,/notify/v1/send,478,0.0024,86.5,"{""2xx"": 472, ""4xx"": 5, ""5xx"": 1}"
2026-03-27T18:25:00Z,API-0538,payment-network-gateway,prod,,,/routes/card,187,0.0041,349.6,"{""2xx"": 184, ""4xx"": 2, ""5xx"": 1}"
2026-03-27T18:25:00Z,API-0539,payment-network-gateway,prod,,,/routes/upi,228,0.0041,300.2,"{""2xx"": 225, ""4xx"": 2, ""5xx"": 1}"
2026-03-27T18:25:00Z,API-0540,payment-network-gateway,prod,,,/routes/neft,57,0.0043,455.2,"{""2xx"": 56, ""4xx"": 1, ""5xx"": 0}"
2026-03-27T18:26:00Z,API-0541,mobile-app,prod,,,/app/v1/session,1200,0.0306,853.4,"{""2xx"": 1151, ""4xx"": 12, ""5xx"": 37}"
2026-03-27T18:26:00Z,API-0542,net-banking,prod,,,/web/v1/session,767,0.0305,764.1,"{""2xx"": 736, ""4xx"": 8, ""5xx"": 23}"
2026-03-27T18:26:00Z,API-0543,api-gateway,prod,,,/gw/v1/route,2725,0.0304,455.4,"{""2xx"": 2615, ""4xx"": 27, ""5xx"": 83}"
2026-03-27T18:26:00Z,API-0544,auth-service,prod,,,/auth/v1/login,920,0.0609,600.1,"{""2xx"": 855, ""4xx"": 9, ""5xx"": 56}"
2026-03-27T18:26:00Z,API-0545,payments-service,prod,,,/payments/v1/payments,629,0.0204,479.5,"{""2xx"": 610, ""4xx"": 6, ""5xx"": 13}"
2026-03-27T18:26:00Z,API-0546,accounts-service,prod,,,/accounts/v1/balance,1102,0.062,682.5,"{""2xx"": 1023, ""4xx"": 11, ""5xx"": 68}"
2026-03-27T18:26:00Z,API-0547,notification-service,prod,,,/notify/v1/send,515,0.0016,91.5,"{""2xx"": 509, ""4xx"": 5, ""5xx"": 1}"
2026-03-27T18:26:00Z,API-0548,payment-network-gateway,prod,,,/routes/card,181,0.0033,343.9,"{""2xx"": 178, ""4xx"": 2, ""5xx"": 1}"
2026-03-27T18:26:00Z,API-0549,payment-network-gateway,prod,,,/routes/upi,216,0.0035,305.0,"{""2xx"": 213, ""4xx"": 2, ""5xx"": 1}"
2026-03-27T18:26:00Z,API-0550,payment-network-gateway,prod,,,/routes/neft,57,0.003,430.0,"{""2xx"": 56, ""4xx"": 1, ""5xx"": 0}"
2026-03-27T18:27:00Z,API-0551,mobile-app,prod,,,/app/v1/session,1155,0.0305,868.5,"{""2xx"": 1108, ""4xx"": 12, ""5xx"": 35}"
2026-03-27T18:27:00Z,API-0552,net-banking,prod,,,/web/v1/session,789,0.0304,797.6,"{""2xx"": 757, ""4xx"": 8, ""5xx"": 24}"
2026-03-27T18:27:00Z,API-0553,api-gateway,prod,,,/gw/v1/route,2654,0.0303,470.8,"{""2xx"": 2547, ""4xx"": 27, ""5xx"": 80}"
2026-03-27T18:27:00Z,API-0554,auth-service,prod,,,/auth/v1/login,870,0.0612,620.6,"{""2xx"": 808, ""4xx"": 9, ""5xx"": 53}"
2026-03-27T18:27:00Z,API-0555,payments-service,prod,,,/payments/v1/payments,583,0.0207,468.5,"{""2xx"": 565, ""4xx"": 6, ""5xx"": 12}"
2026-03-27T18:27:00Z,API-0556,accounts-service,prod,,,/accounts/v1/balance,1117,0.0615,676.6,"{""2xx"": 1037, ""4xx"": 11, ""5xx"": 69}"
2026-03-27T18:27:00Z,API-0557,notification-service,prod,,,/notify/v1/send,490,0.0024,90.5,"{""2xx"": 484, ""4xx"": 5, ""5xx"": 1}"
2026-03-27T18:27:00Z,API-0558,payment-network-gateway,prod,,,/routes/card,178,0.0048,352.6,"{""2xx"": 175, ""4xx"": 2, ""5xx"": 1}"
2026-03-27T18:27:00Z,API-0559,payment-network-gateway,prod,,,/routes/upi,213,0.0037,314.4,"{""2xx"": 210, ""4xx"": 2, ""5xx"": 1}"
2026-03-27T18:27:00Z,API-0560,payment-network-gateway,prod,,,/routes/neft,60,0.003,459.7,"{""2xx"": 59, ""4xx"": 1, ""5xx"": 0}"
2026-03-27T18:28:00Z,API-0561,mobile-app,prod,,,/app/v1/session,1153,0.0309,844.8,"{""2xx"": 1105, ""4xx"": 12, ""5xx"": 36}"
2026-03-27T18:28:00Z,API-0562,net-banking,prod,,,/web/v1/session,768,0.0302,764.0,"{""2xx"": 737, ""4xx"": 8, ""5xx"": 23}"
2026-03-27T18:28:00Z,API-0563,api-gateway,prod,,,/gw/v1/route,2500,0.0303,463.3,"{""2xx"": 2399, ""4xx"": 25, ""5xx"": 76}"
2026-03-27T18:28:00Z,API-0564,auth-service,prod,,,/auth/v1/login,867,0.0614,616.4,"{""2xx"": 805, ""4xx"": 9, ""5xx"": 53}"
2026-03-27T18:28:00Z,API-0565,payments-service,prod,,,/payments/v1/payments,591,0.0201,487.2,"{""2xx"": 573, ""4xx"": 6, ""5xx"": 12}"
2026-03-27T18:28:00Z,API-0566,accounts-service,prod,,,/accounts/v1/balance,1131,0.0608,708.0,"{""2xx"": 1051, ""4xx"": 11, ""5xx"": 69}"
2026-03-27T18:28:00Z,API-0567,notification-service,prod,,,/notify/v1/send,506,0.002,93.1,"{""2xx"": 500, ""4xx"": 5, ""5xx"": 1}"
2026-03-27T18:28:00Z,API-0568,payment-network-gateway,prod,,,/routes/card,172,0.0047,342.0,"{""2xx"": 169, ""4xx"": 2, ""5xx"": 1}"
2026-03-27T18:28:00Z,API-0569,payment-network-gateway,prod,,,/routes/upi,218,0.0036,289.3,"{""2xx"": 215, ""4xx"": 2, ""5xx"": 1}"
2026-03-27T18:28:00Z,API-0570,payment-network-gateway,prod,,,/routes/neft,61,0.0034,459.5,"{""2xx"": 60, ""4xx"": 1, ""5xx"": 0}"
2026-03-27T18:29:00Z,API-0571,mobile-app,prod,,,/app/v1/session,1246,0.0304,865.3,"{""2xx"": 1196, ""4xx"": 12, ""5xx"": 38}"
2026-03-27T18:29:00Z,API-0572,net-banking,prod,,,/web/v1/session,817,0.0302,786.5,"{""2xx"": 784, ""4xx"": 8, ""5xx"": 25}"
2026-03-27T18:29:00Z,API-0573,api-gateway,prod,,,/gw/v1/route,2683,0.0306,471.3,"{""2xx"": 2574, ""4xx"": 27, ""5xx"": 82}"
2026-03-27T18:29:00Z,API-0574,auth-service,prod,,,/auth/v1/login,903,0.062,626.5,"{""2xx"": 838, ""4xx"": 9, ""5xx"": 56}"
2026-03-27T18:29:00Z,API-0575,payments-service,prod,,,/payments/v1/payments,617,0.0203,481.9,"{""2xx"": 598, ""4xx"": 6, ""5xx"": 13}"
2026-03-27T18:29:00Z,API-0576,accounts-service,prod,,,/accounts/v1/balance,1138,0.0606,681.9,"{""2xx"": 1058, ""4xx"": 11, ""5xx"": 69}"
2026-03-27T18:29:00Z,API-0577,notification-service,prod,,,/notify/v1/send,509,0.0018,91.5,"{""2xx"": 503, ""4xx"": 5, ""5xx"": 1}"
2026-03-27T18:29:00Z,API-0578,payment-network-gateway,prod,,,/routes/card,188,0.0044,344.8,"{""2xx"": 185, ""4xx"": 2, ""5xx"": 1}"
2026-03-27T18:29:00Z,API-0579,payment-network-gateway,prod,,,/routes/upi,230,0.0038,297.0,"{""2xx"": 227, ""4xx"": 2, ""5xx"": 1}"
2026-03-27T18:29:00Z,API-0580,payment-network-gateway,prod,,,/routes/neft,57,0.0041,440.6,"{""2xx"": 56, ""4xx"": 1, ""5xx"": 0}"
2026-03-27T18:30:00Z,API-0581,mobile-app,prod,,,/app/v1/session,1249,0.0306,879.8,"{""2xx"": 1199, ""4xx"": 12, ""5xx"": 38}"
2026-03-27T18:30:00Z,API-0582,net-banking,prod,,,/web/v1/session,783,0.0307,793.6,"{""2xx"": 751, ""4xx"": 8, ""5xx"": 24}"
2026-03-27T18:30:00Z,API-0583,api-gateway,prod,,,/gw/v1/route,2611,0.031,453.1,"{""2xx"": 2504, ""4xx"": 26, ""5xx"": 81}"
2026-03-27T18:30:00Z,API-0584,auth-service,prod,,,/auth/v1/login,897,0.0611,615.1,"{""2xx"": 833, ""4xx"": 9, ""5xx"": 55}"
2026-03-27T18:30:00Z,API-0585,payments-service,prod,,,/payments/v1/payments,604,0.0201,469.1,"{""2xx"": 586, ""4xx"": 6, ""5xx"": 12}"
2026-03-27T18:30:00Z,API-0586,accounts-service,prod,,,/accounts/v1/balance,1109,0.062,707.3,"{""2xx"": 1029, ""4xx"": 11, ""5xx"": 69}"
2026-03-27T18:30:00Z,API-0587,notification-service,prod,,,/notify/v1/send,501,0.0023,87.4,"{""2xx"": 495, ""4xx"": 5, ""5xx"": 1}"
2026-03-27T18:30:00Z,API-0588,payment-network-gateway,prod,,,/routes/card,172,0.0031,334.7,"{""2xx"": 169, ""4xx"": 2, ""5xx"": 1}"
2026-03-27T18:30:00Z,API-0589,payment-network-gateway,prod,,,/routes/upi,215,0.0031,296.1,"{""2xx"": 212, ""4xx"": 2, ""5xx"": 1}"
2026-03-27T18:30:00Z,API-0590,payment-network-gateway,prod,,,/routes/neft,62,0.0049,472.1,"{""2xx"": 61, ""4xx"": 1, ""5xx"": 0}"
2026-03-27T18:31:00Z,API-0591,mobile-app,prod,,,/app/v1/session,1204,0.03,860.5,"{""2xx"": 1156, ""4xx"": 12, ""5xx"": 36}"
2026-03-27T18:31:00Z,API-0592,net-banking,prod,,,/web/v1/session,781,0.0304,772.3,"{""2xx"": 749, ""4xx"": 8, ""5xx"": 24}"
2026-03-27T18:31:00Z,API-0593,api-gateway,prod,,,/gw/v1/route,2623,0.0304,471.1,"{""2xx"": 2517, ""4xx"": 26, ""5xx"": 80}"
2026-03-27T18:31:00Z,API-0594,auth-service,prod,,,/auth/v1/login,892,0.0603,606.8,"{""2xx"": 829, ""4xx"": 9, ""5xx"": 54}"
2026-03-27T18:31:00Z,API-0595,payments-service,prod,,,/payments/v1/payments,600,0.0202,471.0,"{""2xx"": 582, ""4xx"": 6, ""5xx"": 12}"
2026-03-27T18:31:00Z,API-0596,accounts-service,prod,,,/accounts/v1/balance,1091,0.0619,699.5,"{""2xx"": 1012, ""4xx"": 11, ""5xx"": 68}"
2026-03-27T18:31:00Z,API-0597,notification-service,prod,,,/notify/v1/send,500,0.0023,87.0,"{""2xx"": 494, ""4xx"": 5, ""5xx"": 1}"
2026-03-27T18:31:00Z,API-0598,payment-network-gateway,prod,,,/routes/card,183,0.0046,328.0,"{""2xx"": 180, ""4xx"": 2, ""5xx"": 1}"
2026-03-27T18:31:00Z,API-0599,payment-network-gateway,prod,,,/routes/upi,226,0.0035,296.0,"{""2xx"": 223, ""4xx"": 2, ""5xx"": 1}"
2026-03-27T18:31:00Z,API-0600,payment-network-gateway,prod,,,/routes/neft,62,0.0039,431.8,"{""2xx"": 61, ""4xx"": 1, ""5xx"": 0}"
2026-03-27T18:32:00Z,API-0601,mobile-app,prod,,,/app/v1/session,1216,0.0308,869.5,"{""2xx"": 1167, ""4xx"": 12, ""5xx"": 37}"
2026-03-27T18:32:00Z,API-0602,net-banking,prod,,,/web/v1/session,831,0.0302,776.2,"{""2xx"": 798, ""4xx"": 8, ""5xx"": 25}"
2026-03-27T18:32:00Z,API-0603,api-gateway,prod,,,/gw/v1/route,2682,0.0309,471.1,"{""2xx"": 2572, ""4xx"": 27, ""5xx"": 83}"
2026-03-27T18:32:00Z,API-0604,auth-service,prod,,,/auth/v1/login,929,0.0614,617.2,"{""2xx"": 863, ""4xx"": 9, ""5xx"": 57}"
2026-03-27T18:32:00Z,API-0605,payments-service,prod,,,/payments/v1/payments,593,0.0208,478.9,"{""2xx"": 575, ""4xx"": 6, ""5xx"": 12}"
2026-03-27T18:32:00Z,API-0606,accounts-service,prod,,,/accounts/v1/balance,1070,0.0602,692.6,"{""2xx"": 995, ""4xx"": 11, ""5xx"": 64}"
2026-03-27T18:32:00Z,API-0607,notification-service,prod,,,/notify/v1/send,509,0.0023,86.8,"{""2xx"": 503, ""4xx"": 5, ""5xx"": 1}"
2026-03-27T18:32:00Z,API-0608,payment-network-gateway,prod,,,/routes/card,187,0.0044,323.7,"{""2xx"": 184, ""4xx"": 2, ""5xx"": 1}"
2026-03-27T18:32:00Z,API-0609,payment-network-gateway,prod,,,/routes/upi,212,0.0039,294.8,"{""2xx"": 209, ""4xx"": 2, ""5xx"": 1}"
2026-03-27T18:32:00Z,API-0610,payment-network-gateway,prod,,,/routes/neft,59,0.0039,471.1,"{""2xx"": 58, ""4xx"": 1, ""5xx"": 0}"
2026-03-27T18:33:00Z,API-0611,mobile-app,prod,,,/app/v1/session,1218,0.0309,876.3,"{""2xx"": 1168, ""4xx"": 12, ""5xx"": 38}"
2026-03-27T18:33:00Z,API-0612,net-banking,prod,,,/web/v1/session,820,0.0303,791.6,"{""2xx"": 787, ""4xx"": 8, ""5xx"": 25}"
2026-03-27T18:33:00Z,API-0613,api-gateway,prod,,,/gw/v1/route,2618,0.0306,453.9,"{""2xx"": 2512, ""4xx"": 26, ""5xx"": 80}"
2026-03-27T18:33:00Z,API-0614,auth-service,prod,,,/auth/v1/login,943,0.0615,616.1,"{""2xx"": 876, ""4xx"": 9, ""5xx"": 58}"
2026-03-27T18:33:00Z,API-0615,payments-service,prod,,,/payments/v1/payments,616,0.0206,485.4,"{""2xx"": 597, ""4xx"": 6, ""5xx"": 13}"
2026-03-27T18:33:00Z,API-0616,accounts-service,prod,,,/accounts/v1/balance,1065,0.0608,684.3,"{""2xx"": 989, ""4xx"": 11, ""5xx"": 65}"
2026-03-27T18:33:00Z,API-0617,notification-service,prod,,,/notify/v1/send,518,0.0023,93.7,"{""2xx"": 512, ""4xx"": 5, ""5xx"": 1}"
2026-03-27T18:33:00Z,API-0618,payment-network-gateway,prod,,,/routes/card,174,0.0038,334.4,"{""2xx"": 171, ""4xx"": 2, ""5xx"": 1}"
2026-03-27T18:33:00Z,API-0619,payment-network-gateway,prod,,,/routes/upi,212,0.0033,293.0,"{""2xx"": 209, ""4xx"": 2, ""5xx"": 1}"
2026-03-27T18:33:00Z,API-0620,payment-network-gateway,prod,,,/routes/neft,59,0.005,449.5,"{""2xx"": 58, ""4xx"": 1, ""5xx"": 0}"
2026-03-27T18:34:00Z,API-0621,mobile-app,prod,,,/app/v1/session,1248,0.0311,864.2,"{""2xx"": 1197, ""4xx"": 12, ""5xx"": 39}"
2026-03-27T18:34:00Z,API-0622,net-banking,prod,,,/web/v1/session,833,0.031,772.2,"{""2xx"": 799, ""4xx"": 8, ""5xx"": 26}"
2026-03-27T18:34:00Z,API-0623,api-gateway,prod,,,/gw/v1/route,2521,0.0311,456.0,"{""2xx"": 2418, ""4xx"": 25, ""5xx"": 78}"
2026-03-27T18:34:00Z,API-0624,auth-service,prod,,,/auth/v1/login,874,0.0603,605.8,"{""2xx"": 812, ""4xx"": 9, ""5xx"": 53}"
2026-03-27T18:34:00Z,API-0625,payments-service,prod,,,/payments/v1/payments,580,0.0205,487.7,"{""2xx"": 562, ""4xx"": 6, ""5xx"": 12}"
2026-03-27T18:34:00Z,API-0626,accounts-service,prod,,,/accounts/v1/balance,1119,0.062,705.5,"{""2xx"": 1039, ""4xx"": 11, ""5xx"": 69}"
2026-03-27T18:34:00Z,API-0627,notification-service,prod,,,/notify/v1/send,509,0.0021,92.4,"{""2xx"": 503, ""4xx"": 5, ""5xx"": 1}"
2026-03-27T18:34:00Z,API-0628,payment-network-gateway,prod,,,/routes/card,177,0.0048,339.5,"{""2xx"": 174, ""4xx"": 2, ""5xx"": 1}"
2026-03-27T18:34:00Z,API-0629,payment-network-gateway,prod,,,/routes/upi,228,0.0032,302.9,"{""2xx"": 225, ""4xx"": 2, ""5xx"": 1}"
2026-03-27T18:34:00Z,API-0630,payment-network-gateway,prod,,,/routes/neft,59,0.004,464.9,"{""2xx"": 58, ""4xx"": 1, ""5xx"": 0}"
2026-03-27T18:35:00Z,API-0631,mobile-app,prod,,,/app/v1/session,1246,0.0309,851.8,"{""2xx"": 1195, ""4xx"": 12, ""5xx"": 39}"
2026-03-27T18:35:00Z,API-0632,net-banking,prod,,,/web/v1/session,825,0.0309,796.4,"{""2xx"": 792, ""4xx"": 8, ""5xx"": 25}"
2026-03-27T18:35:00Z,API-0633,api-gateway,prod,,,/gw/v1/route,2503,0.0305,470.7,"{""2xx"": 2402, ""4xx"": 25, ""5xx"": 76}"
2026-03-27T18:35:00Z,API-0634,auth-service,prod,,,/auth/v1/login,941,0.0606,605.2,"{""2xx"": 875, ""4xx"": 9, ""5xx"": 57}"
2026-03-27T18:35:00Z,API-0635,payments-service,prod,,,/payments/v1/payments,612,0.0207,468.5,"{""2xx"": 593, ""4xx"": 6, ""5xx"": 13}"
2026-03-27T18:35:00Z,API-0636,accounts-service,prod,,,/accounts/v1/balance,1122,0.0618,690.8,"{""2xx"": 1042, ""4xx"": 11, ""5xx"": 69}"
2026-03-27T18:35:00Z,API-0637,notification-service,prod,,,/notify/v1/send,503,0.0022,93.4,"{""2xx"": 497, ""4xx"": 5, ""5xx"": 1}"
2026-03-27T18:35:00Z,API-0638,payment-network-gateway,prod,,,/routes/card,183,0.0046,337.8,"{""2xx"": 180, ""4xx"": 2, ""5xx"": 1}"
2026-03-27T18:35:00Z,API-0639,payment-network-gateway,prod,,,/routes/upi,209,0.0047,292.9,"{""2xx"": 206, ""4xx"": 2, ""5xx"": 1}"
2026-03-27T18:35:00Z,API-0640,payment-network-gateway,prod,,,/routes/neft,61,0.0042,471.1,"{""2xx"": 60, ""4xx"": 1, ""5xx"": 0}"
2026-03-27T18:36:00Z,API-0641,mobile-app,prod,,,/app/v1/session,1223,0.0301,868.1,"{""2xx"": 1174, ""4xx"": 12, ""5xx"": 37}"
2026-03-27T18:36:00Z,API-0642,net-banking,prod,,,/web/v1/session,767,0.0305,767.1,"{""2xx"": 736, ""4xx"": 8, ""5xx"": 23}"
2026-03-27T18:36:00Z,API-0643,api-gateway,prod,,,/gw/v1/route,2616,0.03,459.1,"{""2xx"": 2512, ""4xx"": 26, ""5xx"": 78}"
2026-03-27T18:36:00Z,API-0644,auth-service,prod,,,/auth/v1/login,877,0.0623,626.1,"{""2xx"": 813, ""4xx"": 9, ""5xx"": 55}"
2026-03-27T18:36:00Z,API-0645,payments-service,prod,,,/payments/v1/payments,608,0.0202,483.6,"{""2xx"": 590, ""4xx"": 6, ""5xx"": 12}"
2026-03-27T18:36:00Z,API-0646,accounts-service,prod,,,/accounts/v1/balance,1101,0.0605,689.2,"{""2xx"": 1023, ""4xx"": 11, ""5xx"": 67}"
2026-03-27T18:36:00Z,API-0647,notification-service,prod,,,/notify/v1/send,507,0.0022,86.4,"{""2xx"": 501, ""4xx"": 5, ""5xx"": 1}"
2026-03-27T18:36:00Z,API-0648,payment-network-gateway,prod,,,/routes/card,172,0.0042,326.1,"{""2xx"": 169, ""4xx"": 2, ""5xx"": 1}"
2026-03-27T18:36:00Z,API-0649,payment-network-gateway,prod,,,/routes/upi,209,0.0032,294.1,"{""2xx"": 206, ""4xx"": 2, ""5xx"": 1}"
2026-03-27T18:36:00Z,API-0650,payment-network-gateway,prod,,,/routes/neft,62,0.0044,460.8,"{""2xx"": 61, ""4xx"": 1, ""5xx"": 0}"
2026-03-27T18:37:00Z,API-0651,mobile-app,prod,,,/app/v1/session,1225,0.0302,855.1,"{""2xx"": 1176, ""4xx"": 12, ""5xx"": 37}"
2026-03-27T18:37:00Z,API-0652,net-banking,prod,,,/web/v1/session,837,0.03,794.5,"{""2xx"": 804, ""4xx"": 8, ""5xx"": 25}"
2026-03-27T18:37:00Z,API-0653,api-gateway,prod,,,/gw/v1/route,2540,0.0304,453.0,"{""2xx"": 2438, ""4xx"": 25, ""5xx"": 77}"
2026-03-27T18:37:00Z,API-0654,auth-service,prod,,,/auth/v1/login,874,0.0618,622.5,"{""2xx"": 811, ""4xx"": 9, ""5xx"": 54}"
2026-03-27T18:37:00Z,API-0655,payments-service,prod,,,/payments/v1/payments,575,0.0208,486.2,"{""2xx"": 557, ""4xx"": 6, ""5xx"": 12}"
2026-03-27T18:37:00Z,API-0656,accounts-service,prod,,,/accounts/v1/balance,1130,0.062,701.5,"{""2xx"": 1049, ""4xx"": 11, ""5xx"": 70}"
2026-03-27T18:37:00Z,API-0657,notification-service,prod,,,/notify/v1/send,486,0.0024,87.1,"{""2xx"": 480, ""4xx"": 5, ""5xx"": 1}"
2026-03-27T18:37:00Z,API-0658,payment-network-gateway,prod,,,/routes/card,174,0.0036,352.8,"{""2xx"": 171, ""4xx"": 2, ""5xx"": 1}"
2026-03-27T18:37:00Z,API-0659,payment-network-gateway,prod,,,/routes/upi,212,0.0041,293.7,"{""2xx"": 209, ""4xx"": 2, ""5xx"": 1}"
2026-03-27T18:37:00Z,API-0660,payment-network-gateway,prod,,,/routes/neft,62,0.0044,430.1,"{""2xx"": 61, ""4xx"": 1, ""5xx"": 0}"
2026-03-27T18:38:00Z,API-0661,mobile-app,prod,,,/app/v1/session,1229,0.0303,872.9,"{""2xx"": 1180, ""4xx"": 12, ""5xx"": 37}"
2026-03-27T18:38:00Z,API-0662,net-banking,prod,,,/web/v1/session,830,0.0309,786.2,"{""2xx"": 796, ""4xx"": 8, ""5xx"": 26}"
2026-03-27T18:38:00Z,API-0663,api-gateway,prod,,,/gw/v1/route,2707,0.0306,453.3,"{""2xx"": 2597, ""4xx"": 27, ""5xx"": 83}"
2026-03-27T18:38:00Z,API-0664,auth-service,prod,,,/auth/v1/login,867,0.0623,604.0,"{""2xx"": 804, ""4xx"": 9, ""5xx"": 54}"
2026-03-27T18:38:00Z,API-0665,payments-service,prod,,,/payments/v1/payments,593,0.0203,485.3,"{""2xx"": 575, ""4xx"": 6, ""5xx"": 12}"
2026-03-27T18:38:00Z,API-0666,accounts-service,prod,,,/accounts/v1/balance,1145,0.0616,685.7,"{""2xx"": 1063, ""4xx"": 11, ""5xx"": 71}"
2026-03-27T18:38:00Z,API-0667,notification-service,prod,,,/notify/v1/send,490,0.002,90.2,"{""2xx"": 484, ""4xx"": 5, ""5xx"": 1}"
2026-03-27T18:38:00Z,API-0668,payment-network-gateway,prod,,,/routes/card,176,0.0038,330.3,"{""2xx"": 173, ""4xx"": 2, ""5xx"": 1}"
2026-03-27T18:38:00Z,API-0669,payment-network-gateway,prod,,,/routes/upi,224,0.0046,303.3,"{""2xx"": 221, ""4xx"": 2, ""5xx"": 1}"
2026-03-27T18:38:00Z,API-0670,payment-network-gateway,prod,,,/routes/neft,60,0.0035,443.4,"{""2xx"": 59, ""4xx"": 1, ""5xx"": 0}"
2026-03-27T18:39:00Z,API-0671,mobile-app,prod,,,/app/v1/session,1201,0.0308,854.0,"{""2xx"": 1152, ""4xx"": 12, ""5xx"": 37}"
2026-03-27T18:39:00Z,API-0672,net-banking,prod,,,/web/v1/session,819,0.0302,796.7,"{""2xx"": 786, ""4xx"": 8, ""5xx"": 25}"
2026-03-27T18:39:00Z,API-0673,api-gateway,prod,,,/gw/v1/route,2599,0.0309,468.8,"{""2xx"": 2493, ""4xx"": 26, ""5xx"": 80}"
2026-03-27T18:39:00Z,API-0674,auth-service,prod,,,/auth/v1/login,914,0.0612,605.8,"{""2xx"": 849, ""4xx"": 9, ""5xx"": 56}"
2026-03-27T18:39:00Z,API-0675,payments-service,prod,,,/payments/v1/payments,606,0.0205,473.1,"{""2xx"": 588, ""4xx"": 6, ""5xx"": 12}"
2026-03-27T18:39:00Z,API-0676,accounts-service,prod,,,/accounts/v1/balance,1094,0.0612,684.2,"{""2xx"": 1016, ""4xx"": 11, ""5xx"": 67}"
2026-03-27T18:39:00Z,API-0677,notification-service,prod,,,/notify/v1/send,507,0.0015,90.9,"{""2xx"": 501, ""4xx"": 5, ""5xx"": 1}"
2026-03-27T18:39:00Z,API-0678,payment-network-gateway,prod,,,/routes/card,179,0.0039,347.1,"{""2xx"": 176, ""4xx"": 2, ""5xx"": 1}"
2026-03-27T18:39:00Z,API-0679,payment-network-gateway,prod,,,/routes/upi,219,0.0043,306.3,"{""2xx"": 216, ""4xx"": 2, ""5xx"": 1}"
2026-03-27T18:39:00Z,API-0680,payment-network-gateway,prod,,,/routes/neft,62,0.0032,451.5,"{""2xx"": 61, ""4xx"": 1, ""5xx"": 0}"
2026-03-27T18:40:00Z,API-0681,mobile-app,prod,,,/app/v1/session,1211,0.0311,850.2,"{""2xx"": 1161, ""4xx"": 12, ""5xx"": 38}"
2026-03-27T18:40:00Z,API-0682,net-banking,prod,,,/web/v1/session,771,0.0302,783.8,"{""2xx"": 740, ""4xx"": 8, ""5xx"": 23}"
2026-03-27T18:40:00Z,API-0683,api-gateway,prod,,,/gw/v1/route,2723,0.0305,470.2,"{""2xx"": 2613, ""4xx"": 27, ""5xx"": 83}"
2026-03-27T18:40:00Z,API-0684,auth-service,prod,,,/auth/v1/login,934,0.0613,609.0,"{""2xx"": 868, ""4xx"": 9, ""5xx"": 57}"
2026-03-27T18:40:00Z,API-0685,payments-service,prod,,,/payments/v1/payments,615,0.0202,473.5,"{""2xx"": 597, ""4xx"": 6, ""5xx"": 12}"
2026-03-27T18:40:00Z,API-0686,accounts-service,prod,,,/accounts/v1/balance,1144,0.062,691.5,"{""2xx"": 1062, ""4xx"": 11, ""5xx"": 71}"
2026-03-27T18:40:00Z,API-0687,notification-service,prod,,,/notify/v1/send,510,0.002,91.5,"{""2xx"": 504, ""4xx"": 5, ""5xx"": 1}"
2026-03-27T18:40:00Z,API-0688,payment-network-gateway,prod,,,/routes/card,183,0.0037,349.3,"{""2xx"": 180, ""4xx"": 2, ""5xx"": 1}"
2026-03-27T18:40:00Z,API-0689,payment-network-gateway,prod,,,/routes/upi,218,0.0048,306.1,"{""2xx"": 215, ""4xx"": 2, ""5xx"": 1}"
2026-03-27T18:40:00Z,API-0690,payment-network-gateway,prod,,,/routes/neft,58,0.0038,438.8,"{""2xx"": 57, ""4xx"": 1, ""5xx"": 0}"
2026-03-27T18:41:00Z,API-0691,mobile-app,prod,,,/app/v1/session,1191,0.031,844.8,"{""2xx"": 1142, ""4xx"": 12, ""5xx"": 37}"
2026-03-27T18:41:00Z,API-0692,net-banking,prod,,,/web/v1/session,819,0.0302,778.2,"{""2xx"": 786, ""4xx"": 8, ""5xx"": 25}"
2026-03-27T18:41:00Z,API-0693,api-gateway,prod,,,/gw/v1/route,2615,0.0311,461.5,"{""2xx"": 2508, ""4xx"": 26, ""5xx"": 81}"
2026-03-27T18:41:00Z,API-0694,auth-service,prod,,,/auth/v1/login,877,0.0608,602.0,"{""2xx"": 815, ""4xx"": 9, ""5xx"": 53}"
2026-03-27T18:41:00Z,API-0695,payments-service,prod,,,/payments/v1/payments,573,0.0201,486.4,"{""2xx"": 555, ""4xx"": 6, ""5xx"": 12}"
2026-03-27T18:41:00Z,API-0696,accounts-service,prod,,,/accounts/v1/balance,1095,0.0613,684.5,"{""2xx"": 1017, ""4xx"": 11, ""5xx"": 67}"
2026-03-27T18:41:00Z,API-0697,notification-service,prod,,,/notify/v1/send,478,0.0024,89.6,"{""2xx"": 472, ""4xx"": 5, ""5xx"": 1}"
2026-03-27T18:41:00Z,API-0698,payment-network-gateway,prod,,,/routes/card,179,0.0036,347.7,"{""2xx"": 176, ""4xx"": 2, ""5xx"": 1}"
2026-03-27T18:41:00Z,API-0699,payment-network-gateway,prod,,,/routes/upi,220,0.0042,300.1,"{""2xx"": 217, ""4xx"": 2, ""5xx"": 1}"
2026-03-27T18:41:00Z,API-0700,payment-network-gateway,prod,,,/routes/neft,59,0.0035,456.9,"{""2xx"": 58, ""4xx"": 1, ""5xx"": 0}"
2026-03-27T18:42:00Z,API-0701,mobile-app,prod,,,/app/v1/session,1173,0.0301,841.1,"{""2xx"": 1126, ""4xx"": 12, ""5xx"": 35}"
2026-03-27T18:42:00Z,API-0702,net-banking,prod,,,/web/v1/session,824,0.0308,768.1,"{""2xx"": 791, ""4xx"": 8, ""5xx"": 25}"
2026-03-27T18:42:00Z,API-0703,api-gateway,prod,,,/gw/v1/route,2492,0.0308,465.4,"{""2xx"": 2390, ""4xx"": 25, ""5xx"": 77}"
2026-03-27T18:42:00Z,API-0704,auth-service,prod,,,/auth/v1/login,941,0.0616,614.6,"{""2xx"": 874, ""4xx"": 9, ""5xx"": 58}"
2026-03-27T18:42:00Z,API-0705,payments-service,prod,,,/payments/v1/payments,600,0.0202,482.4,"{""2xx"": 582, ""4xx"": 6, ""5xx"": 12}"
2026-03-27T18:42:00Z,API-0706,accounts-service,prod,,,/accounts/v1/balance,1141,0.0623,690.7,"{""2xx"": 1059, ""4xx"": 11, ""5xx"": 71}"
2026-03-27T18:42:00Z,API-0707,notification-service,prod,,,/notify/v1/send,519,0.0017,89.6,"{""2xx"": 513, ""4xx"": 5, ""5xx"": 1}"
2026-03-27T18:42:00Z,API-0708,payment-network-gateway,prod,,,/routes/card,171,0.0045,337.6,"{""2xx"": 168, ""4xx"": 2, ""5xx"": 1}"
2026-03-27T18:42:00Z,API-0709,payment-network-gateway,prod,,,/routes/upi,226,0.0031,288.0,"{""2xx"": 223, ""4xx"": 2, ""5xx"": 1}"
2026-03-27T18:42:00Z,API-0710,payment-network-gateway,prod,,,/routes/neft,62,0.0038,449.7,"{""2xx"": 61, ""4xx"": 1, ""5xx"": 0}"
2026-03-27T18:43:00Z,API-0711,mobile-app,prod,,,/app/v1/session,1181,0.0311,844.7,"{""2xx"": 1132, ""4xx"": 12, ""5xx"": 37}"
2026-03-27T18:43:00Z,API-0712,net-banking,prod,,,/web/v1/session,804,0.0306,781.4,"{""2xx"": 771, ""4xx"": 8, ""5xx"": 25}"
2026-03-27T18:43:00Z,API-0713,api-gateway,prod,,,/gw/v1/route,2566,0.0301,459.8,"{""2xx"": 2463, ""4xx"": 26, ""5xx"": 77}"
2026-03-27T18:43:00Z,API-0714,auth-service,prod,,,/auth/v1/login,934,0.06,621.0,"{""2xx"": 869, ""4xx"": 9, ""5xx"": 56}"
2026-03-27T18:43:00Z,API-0715,payments-service,prod,,,/payments/v1/payments,616,0.0206,474.1,"{""2xx"": 597, ""4xx"": 6, ""5xx"": 13}"
2026-03-27T18:43:00Z,API-0716,accounts-service,prod,,,/accounts/v1/balance,1053,0.0606,698.7,"{""2xx"": 978, ""4xx"": 11, ""5xx"": 64}"
2026-03-27T18:43:00Z,API-0717,notification-service,prod,,,/notify/v1/send,485,0.0024,93.6,"{""2xx"": 479, ""4xx"": 5, ""5xx"": 1}"
2026-03-27T18:43:00Z,API-0718,payment-network-gateway,prod,,,/routes/card,188,0.0038,351.8,"{""2xx"": 185, ""4xx"": 2, ""5xx"": 1}"
2026-03-27T18:43:00Z,API-0719,payment-network-gateway,prod,,,/routes/upi,211,0.0045,311.2,"{""2xx"": 208, ""4xx"": 2, ""5xx"": 1}"
2026-03-27T18:43:00Z,API-0720,payment-network-gateway,prod,,,/routes/neft,57,0.0032,441.5,"{""2xx"": 56, ""4xx"": 1, ""5xx"": 0}"
2026-03-27T18:44:00Z,API-0721,mobile-app,prod,,,/app/v1/session,1196,0.0301,844.3,"{""2xx"": 1148, ""4xx"": 12, ""5xx"": 36}"
2026-03-27T18:44:00Z,API-0722,net-banking,prod,,,/web/v1/session,784,0.0304,796.2,"{""2xx"": 752, ""4xx"": 8, ""5xx"": 24}"
2026-03-27T18:44:00Z,API-0723,api-gateway,prod,,,/gw/v1/route,2483,0.031,451.3,"{""2xx"": 2381, ""4xx"": 25, ""5xx"": 77}"
2026-03-27T18:44:00Z,API-0724,auth-service,prod,,,/auth/v1/login,915,0.062,604.4,"{""2xx"": 849, ""4xx"": 9, ""5xx"": 57}"
2026-03-27T18:44:00Z,API-0725,payments-service,prod,,,/payments/v1/payments,611,0.0202,484.0,"{""2xx"": 593, ""4xx"": 6, ""5xx"": 12}"
2026-03-27T18:44:00Z,API-0726,accounts-service,prod,,,/accounts/v1/balance,1085,0.0617,697.2,"{""2xx"": 1007, ""4xx"": 11, ""5xx"": 67}"
2026-03-27T18:44:00Z,API-0727,notification-service,prod,,,/notify/v1/send,503,0.0016,88.1,"{""2xx"": 497, ""4xx"": 5, ""5xx"": 1}"
2026-03-27T18:44:00Z,API-0728,payment-network-gateway,prod,,,/routes/card,175,0.0046,336.8,"{""2xx"": 172, ""4xx"": 2, ""5xx"": 1}"
2026-03-27T18:44:00Z,API-0729,payment-network-gateway,prod,,,/routes/upi,216,0.0036,312.0,"{""2xx"": 213, ""4xx"": 2, ""5xx"": 1}"
2026-03-27T18:44:00Z,API-0730,payment-network-gateway,prod,,,/routes/neft,63,0.004,429.5,"{""2xx"": 62, ""4xx"": 1, ""5xx"": 0}"
2026-03-27T18:45:00Z,API-0731,mobile-app,prod,,,/app/v1/session,1214,0.0308,863.8,"{""2xx"": 1165, ""4xx"": 12, ""5xx"": 37}"
2026-03-27T18:45:00Z,API-0732,net-banking,prod,,,/web/v1/session,804,0.0302,790.6,"{""2xx"": 772, ""4xx"": 8, ""5xx"": 24}"
2026-03-27T18:45:00Z,API-0733,api-gateway,prod,,,/gw/v1/route,2620,0.0304,464.1,"{""2xx"": 2514, ""4xx"": 26, ""5xx"": 80}"
2026-03-27T18:45:00Z,API-0734,auth-service,prod,,,/auth/v1/login,901,0.0617,605.4,"{""2xx"": 836, ""4xx"": 9, ""5xx"": 56}"
2026-03-27T18:45:00Z,API-0735,payments-service,prod,,,/payments/v1/payments,619,0.0202,485.8,"{""2xx"": 600, ""4xx"": 6, ""5xx"": 13}"
2026-03-27T18:45:00Z,API-0736,accounts-service,prod,,,/accounts/v1/balance,1099,0.0614,705.1,"{""2xx"": 1021, ""4xx"": 11, ""5xx"": 67}"
2026-03-27T18:45:00Z,API-0737,notification-service,prod,,,/notify/v1/send,524,0.0017,86.4,"{""2xx"": 518, ""4xx"": 5, ""5xx"": 1}"
2026-03-27T18:45:00Z,API-0738,payment-network-gateway,prod,,,/routes/card,183,0.0042,354.0,"{""2xx"": 180, ""4xx"": 2, ""5xx"": 1}"
2026-03-27T18:45:00Z,API-0739,payment-network-gateway,prod,,,/routes/upi,215,0.0049,311.0,"{""2xx"": 212, ""4xx"": 2, ""5xx"": 1}"
2026-03-27T18:45:00Z,API-0740,payment-network-gateway,prod,,,/routes/neft,59,0.0045,453.8,"{""2xx"": 58, ""4xx"": 1, ""5xx"": 0}"
2026-03-27T18:46:00Z,API-0741,mobile-app,prod,,,/app/v1/session,1182,0.0309,870.6,"{""2xx"": 1133, ""4xx"": 12, ""5xx"": 37}"
2026-03-27T18:46:00Z,API-0742,net-banking,prod,,,/web/v1/session,807,0.0308,787.4,"{""2xx"": 774, ""4xx"": 8, ""5xx"": 25}"
2026-03-27T18:46:00Z,API-0743,api-gateway,prod,,,/gw/v1/route,2562,0.0312,467.6,"{""2xx"": 2456, ""4xx"": 26, ""5xx"": 80}"
2026-03-27T18:46:00Z,API-0744,auth-service,prod,,,/auth/v1/login,888,0.0622,620.2,"{""2xx"": 824, ""4xx"": 9, ""5xx"": 55}"
2026-03-27T18:46:00Z,API-0745,payments-service,prod,,,/payments/v1/payments,600,0.0201,469.3,"{""2xx"": 582, ""4xx"": 6, ""5xx"": 12}"
2026-03-27T18:46:00Z,API-0746,accounts-service,prod,,,/accounts/v1/balance,1138,0.0612,675.4,"{""2xx"": 1057, ""4xx"": 11, ""5xx"": 70}"
2026-03-27T18:46:00Z,API-0747,notification-service,prod,,,/notify/v1/send,496,0.0016,90.7,"{""2xx"": 490, ""4xx"": 5, ""5xx"": 1}"
2026-03-27T18:46:00Z,API-0748,payment-network-gateway,prod,,,/routes/card,183,0.0046,339.2,"{""2xx"": 180, ""4xx"": 2, ""5xx"": 1}"
2026-03-27T18:46:00Z,API-0749,payment-network-gateway,prod,,,/routes/upi,212,0.0045,308.6,"{""2xx"": 209, ""4xx"": 2, ""5xx"": 1}"
2026-03-27T18:46:00Z,API-0750,payment-network-gateway,prod,,,/routes/neft,60,0.0044,471.6,"{""2xx"": 59, ""4xx"": 1, ""5xx"": 0}"
2026-03-27T18:47:00Z,API-0751,mobile-app,prod,,,/app/v1/session,1222,0.0304,840.2,"{""2xx"": 1173, ""4xx"": 12, ""5xx"": 37}"
2026-03-27T18:47:00Z,API-0752,net-banking,prod,,,/web/v1/session,825,0.0301,780.3,"{""2xx"": 792, ""4xx"": 8, ""5xx"": 25}"
2026-03-27T18:47:00Z,API-0753,api-gateway,prod,,,/gw/v1/route,2472,0.0301,456.0,"{""2xx"": 2373, ""4xx"": 25, ""5xx"": 74}"
2026-03-27T18:47:00Z,API-0754,auth-service,prod,,,/auth/v1/login,897,0.061,621.8,"{""2xx"": 833, ""4xx"": 9, ""5xx"": 55}"
2026-03-27T18:47:00Z,API-0755,payments-service,prod,,,/payments/v1/payments,598,0.0207,474.2,"{""2xx"": 580, ""4xx"": 6, ""5xx"": 12}"
2026-03-27T18:47:00Z,API-0756,accounts-service,prod,,,/accounts/v1/balance,1099,0.06,707.8,"{""2xx"": 1022, ""4xx"": 11, ""5xx"": 66}"
2026-03-27T18:47:00Z,API-0757,notification-service,prod,,,/notify/v1/send,499,0.002,89.6,"{""2xx"": 493, ""4xx"": 5, ""5xx"": 1}"
2026-03-27T18:47:00Z,API-0758,payment-network-gateway,prod,,,/routes/card,172,0.004,331.2,"{""2xx"": 169, ""4xx"": 2, ""5xx"": 1}"
2026-03-27T18:47:00Z,API-0759,payment-network-gateway,prod,,,/routes/upi,231,0.0031,289.2,"{""2xx"": 228, ""4xx"": 2, ""5xx"": 1}"
2026-03-27T18:47:00Z,API-0760,payment-network-gateway,prod,,,/routes/neft,59,0.0041,444.5,"{""2xx"": 58, ""4xx"": 1, ""5xx"": 0}"
2026-03-27T18:48:00Z,API-0761,mobile-app,prod,,,/app/v1/session,1183,0.0311,866.3,"{""2xx"": 1134, ""4xx"": 12, ""5xx"": 37}"
2026-03-27T18:48:00Z,API-0762,net-banking,prod,,,/web/v1/session,796,0.0304,793.6,"{""2xx"": 764, ""4xx"": 8, ""5xx"": 24}"
2026-03-27T18:48:00Z,API-0763,api-gateway,prod,,,/gw/v1/route,2574,0.0307,457.5,"{""2xx"": 2469, ""4xx"": 26, ""5xx"": 79}"
2026-03-27T18:48:00Z,API-0764,auth-service,prod,,,/auth/v1/login,864,0.0622,604.9,"{""2xx"": 801, ""4xx"": 9, ""5xx"": 54}"
2026-03-27T18:48:00Z,API-0765,payments-service,prod,,,/payments/v1/payments,587,0.0204,475.2,"{""2xx"": 569, ""4xx"": 6, ""5xx"": 12}"
2026-03-27T18:48:00Z,API-0766,accounts-service,prod,,,/accounts/v1/balance,1151,0.0615,695.3,"{""2xx"": 1068, ""4xx"": 12, ""5xx"": 71}"
2026-03-27T18:48:00Z,API-0767,notification-service,prod,,,/notify/v1/send,492,0.0023,90.5,"{""2xx"": 486, ""4xx"": 5, ""5xx"": 1}"
2026-03-27T18:48:00Z,API-0768,payment-network-gateway,prod,,,/routes/card,182,0.003,351.9,"{""2xx"": 179, ""4xx"": 2, ""5xx"": 1}"
2026-03-27T18:48:00Z,API-0769,payment-network-gateway,prod,,,/routes/upi,214,0.0033,305.8,"{""2xx"": 211, ""4xx"": 2, ""5xx"": 1}"
2026-03-27T18:48:00Z,API-0770,payment-network-gateway,prod,,,/routes/neft,61,0.0034,445.0,"{""2xx"": 60, ""4xx"": 1, ""5xx"": 0}"
2026-03-27T18:49:00Z,API-0771,mobile-app,prod,,,/app/v1/session,1204,0.0305,852.7,"{""2xx"": 1155, ""4xx"": 12, ""5xx"": 37}"
2026-03-27T18:49:00Z,API-0772,net-banking,prod,,,/web/v1/session,829,0.0308,781.9,"{""2xx"": 795, ""4xx"": 8, ""5xx"": 26}"
2026-03-27T18:49:00Z,API-0773,api-gateway,prod,,,/gw/v1/route,2693,0.0306,471.1,"{""2xx"": 2584, ""4xx"": 27, ""5xx"": 82}"
2026-03-27T18:49:00Z,API-0774,auth-service,prod,,,/auth/v1/login,904,0.0611,602.5,"{""2xx"": 840, ""4xx"": 9, ""5xx"": 55}"
2026-03-27T18:49:00Z,API-0775,payments-service,prod,,,/payments/v1/payments,617,0.0205,484.5,"{""2xx"": 598, ""4xx"": 6, ""5xx"": 13}"
2026-03-27T18:49:00Z,API-0776,accounts-service,prod,,,/accounts/v1/balance,1111,0.0622,683.1,"{""2xx"": 1031, ""4xx"": 11, ""5xx"": 69}"
2026-03-27T18:49:00Z,API-0777,notification-service,prod,,,/notify/v1/send,507,0.0018,88.9,"{""2xx"": 501, ""4xx"": 5, ""5xx"": 1}"
2026-03-27T18:49:00Z,API-0778,payment-network-gateway,prod,,,/routes/card,182,0.0036,332.6,"{""2xx"": 179, ""4xx"": 2, ""5xx"": 1}"
2026-03-27T18:49:00Z,API-0779,payment-network-gateway,prod,,,/routes/upi,219,0.0047,290.5,"{""2xx"": 216, ""4xx"": 2, ""5xx"": 1}"
2026-03-27T18:49:00Z,API-0780,payment-network-gateway,prod,,,/routes/neft,63,0.0049,462.8,"{""2xx"": 62, ""4xx"": 1, ""5xx"": 0}"
2026-03-27T18:50:00Z,API-0781,mobile-app,prod,,,/app/v1/session,1251,0.0305,854.7,"{""2xx"": 1200, ""4xx"": 13, ""5xx"": 38}"
2026-03-27T18:50:00Z,API-0782,net-banking,prod,,,/web/v1/session,821,0.0309,783.0,"{""2xx"": 788, ""4xx"": 8, ""5xx"": 25}"
2026-03-27T18:50:00Z,API-0783,api-gateway,prod,,,/gw/v1/route,2520,0.03,463.3,"{""2xx"": 2419, ""4xx"": 25, ""5xx"": 76}"
2026-03-27T18:50:00Z,API-0784,auth-service,prod,,,/auth/v1/login,868,0.0605,618.9,"{""2xx"": 806, ""4xx"": 9, ""5xx"": 53}"
2026-03-27T18:50:00Z,API-0785,payments-service,prod,,,/payments/v1/payments,610,0.0202,485.4,"{""2xx"": 592, ""4xx"": 6, ""5xx"": 12}"
2026-03-27T18:50:00Z,API-0786,accounts-service,prod,,,/accounts/v1/balance,1122,0.0604,690.9,"{""2xx"": 1043, ""4xx"": 11, ""5xx"": 68}"
2026-03-27T18:50:00Z,API-0787,notification-service,prod,,,/notify/v1/send,520,0.0016,92.4,"{""2xx"": 514, ""4xx"": 5, ""5xx"": 1}"
2026-03-27T18:50:00Z,API-0788,payment-network-gateway,prod,,,/routes/card,178,0.0037,345.7,"{""2xx"": 175, ""4xx"": 2, ""5xx"": 1}"
2026-03-27T18:50:00Z,API-0789,payment-network-gateway,prod,,,/routes/upi,227,0.0048,302.9,"{""2xx"": 224, ""4xx"": 2, ""5xx"": 1}"
2026-03-27T18:50:00Z,API-0790,payment-network-gateway,prod,,,/routes/neft,58,0.0043,450.3,"{""2xx"": 57, ""4xx"": 1, ""5xx"": 0}"
2026-03-27T18:51:00Z,API-0791,mobile-app,prod,,,/app/v1/session,1211,0.0305,854.5,"{""2xx"": 1162, ""4xx"": 12, ""5xx"": 37}"
2026-03-27T18:51:00Z,API-0792,net-banking,prod,,,/web/v1/session,807,0.0305,772.7,"{""2xx"": 774, ""4xx"": 8, ""5xx"": 25}"
2026-03-27T18:51:00Z,API-0793,api-gateway,prod,,,/gw/v1/route,2678,0.0312,459.7,"{""2xx"": 2567, ""4xx"": 27, ""5xx"": 84}"
2026-03-27T18:51:00Z,API-0794,auth-service,prod,,,/auth/v1/login,943,0.0604,607.0,"{""2xx"": 877, ""4xx"": 9, ""5xx"": 57}"
2026-03-27T18:51:00Z,API-0795,payments-service,prod,,,/payments/v1/payments,570,0.0205,487.5,"{""2xx"": 552, ""4xx"": 6, ""5xx"": 12}"
2026-03-27T18:51:00Z,API-0796,accounts-service,prod,,,/accounts/v1/balance,1097,0.0611,707.7,"{""2xx"": 1019, ""4xx"": 11, ""5xx"": 67}"
2026-03-27T18:51:00Z,API-0797,notification-service,prod,,,/notify/v1/send,484,0.0024,89.0,"{""2xx"": 478, ""4xx"": 5, ""5xx"": 1}"
2026-03-27T18:51:00Z,API-0798,payment-network-gateway,prod,,,/routes/card,185,0.0043,349.8,"{""2xx"": 182, ""4xx"": 2, ""5xx"": 1}"
2026-03-27T18:51:00Z,API-0799,payment-network-gateway,prod,,,/routes/upi,210,0.0043,293.1,"{""2xx"": 207, ""4xx"": 2, ""5xx"": 1}"
2026-03-27T18:51:00Z,API-0800,payment-network-gateway,prod,,,/routes/neft,57,0.0039,465.6,"{""2xx"": 56, ""4xx"": 1, ""5xx"": 0}"
2026-03-27T18:52:00Z,API-0801,mobile-app,prod,,,/app/v1/session,1169,0.0306,865.8,"{""2xx"": 1121, ""4xx"": 12, ""5xx"": 36}"
2026-03-27T18:52:00Z,API-0802,net-banking,prod,,,/web/v1/session,766,0.0312,797.5,"{""2xx"": 734, ""4xx"": 8, ""5xx"": 24}"
2026-03-27T18:52:00Z,API-0803,api-gateway,prod,,,/gw/v1/route,2725,0.0309,465.5,"{""2xx"": 2614, ""4xx"": 27, ""5xx"": 84}"
2026-03-27T18:52:00Z,API-0804,auth-service,prod,,,/auth/v1/login,926,0.0623,605.1,"{""2xx"": 859, ""4xx"": 9, ""5xx"": 58}"
2026-03-27T18:52:00Z,API-0805,payments-service,prod,,,/payments/v1/payments,623,0.0207,468.8,"{""2xx"": 604, ""4xx"": 6, ""5xx"": 13}"
2026-03-27T18:52:00Z,API-0806,accounts-service,prod,,,/accounts/v1/balance,1122,0.0621,705.9,"{""2xx"": 1041, ""4xx"": 11, ""5xx"": 70}"
2026-03-27T18:52:00Z,API-0807,notification-service,prod,,,/notify/v1/send,518,0.0019,92.4,"{""2xx"": 512, ""4xx"": 5, ""5xx"": 1}"
2026-03-27T18:52:00Z,API-0808,payment-network-gateway,prod,,,/routes/card,171,0.0049,330.1,"{""2xx"": 168, ""4xx"": 2, ""5xx"": 1}"
2026-03-27T18:52:00Z,API-0809,payment-network-gateway,prod,,,/routes/upi,223,0.0032,301.2,"{""2xx"": 220, ""4xx"": 2, ""5xx"": 1}"
2026-03-27T18:52:00Z,API-0810,payment-network-gateway,prod,,,/routes/neft,59,0.0045,438.4,"{""2xx"": 58, ""4xx"": 1, ""5xx"": 0}"
2026-03-27T18:53:00Z,API-0811,mobile-app,prod,,,/app/v1/session,1153,0.0308,855.3,"{""2xx"": 1105, ""4xx"": 12, ""5xx"": 36}"
2026-03-27T18:53:00Z,API-0812,net-banking,prod,,,/web/v1/session,823,0.0307,770.1,"{""2xx"": 790, ""4xx"": 8, ""5xx"": 25}"
2026-03-27T18:53:00Z,API-0813,api-gateway,prod,,,/gw/v1/route,2651,0.0303,456.7,"{""2xx"": 2544, ""4xx"": 27, ""5xx"": 80}"
2026-03-27T18:53:00Z,API-0814,auth-service,prod,,,/auth/v1/login,880,0.0609,606.9,"{""2xx"": 817, ""4xx"": 9, ""5xx"": 54}"
2026-03-27T18:53:00Z,API-0815,payments-service,prod,,,/payments/v1/payments,617,0.0207,480.7,"{""2xx"": 598, ""4xx"": 6, ""5xx"": 13}"
2026-03-27T18:53:00Z,API-0816,accounts-service,prod,,,/accounts/v1/balance,1097,0.0602,707.8,"{""2xx"": 1020, ""4xx"": 11, ""5xx"": 66}"
2026-03-27T18:53:00Z,API-0817,notification-service,prod,,,/notify/v1/send,517,0.0017,92.8,"{""2xx"": 511, ""4xx"": 5, ""5xx"": 1}"
2026-03-27T18:53:00Z,API-0818,payment-network-gateway,prod,,,/routes/card,189,0.0048,354.4,"{""2xx"": 186, ""4xx"": 2, ""5xx"": 1}"
2026-03-27T18:53:00Z,API-0819,payment-network-gateway,prod,,,/routes/upi,214,0.0048,304.2,"{""2xx"": 211, ""4xx"": 2, ""5xx"": 1}"
2026-03-27T18:53:00Z,API-0820,payment-network-gateway,prod,,,/routes/neft,60,0.0037,471.2,"{""2xx"": 59, ""4xx"": 1, ""5xx"": 0}"
2026-03-27T18:54:00Z,API-0821,mobile-app,prod,,,/app/v1/session,1163,0.0308,848.7,"{""2xx"": 1115, ""4xx"": 12, ""5xx"": 36}"
2026-03-27T18:54:00Z,API-0822,net-banking,prod,,,/web/v1/session,763,0.0301,780.8,"{""2xx"": 732, ""4xx"": 8, ""5xx"": 23}"
2026-03-27T18:54:00Z,API-0823,api-gateway,prod,,,/gw/v1/route,2663,0.0308,460.6,"{""2xx"": 2554, ""4xx"": 27, ""5xx"": 82}"
2026-03-27T18:54:00Z,API-0824,auth-service,prod,,,/auth/v1/login,876,0.0605,608.0,"{""2xx"": 814, ""4xx"": 9, ""5xx"": 53}"
2026-03-27T18:54:00Z,API-0825,payments-service,prod,,,/payments/v1/payments,605,0.0202,488.4,"{""2xx"": 587, ""4xx"": 6, ""5xx"": 12}"
2026-03-27T18:54:00Z,API-0826,accounts-service,prod,,,/accounts/v1/balance,1119,0.0621,691.6,"{""2xx"": 1039, ""4xx"": 11, ""5xx"": 69}"
2026-03-27T18:54:00Z,API-0827,notification-service,prod,,,/notify/v1/send,489,0.0022,86.8,"{""2xx"": 483, ""4xx"": 5, ""5xx"": 1}"
2026-03-27T18:54:00Z,API-0828,payment-network-gateway,prod,,,/routes/card,174,0.0033,327.6,"{""2xx"": 171, ""4xx"": 2, ""5xx"": 1}"
2026-03-27T18:54:00Z,API-0829,payment-network-gateway,prod,,,/routes/upi,215,0.003,288.6,"{""2xx"": 212, ""4xx"": 2, ""5xx"": 1}"
2026-03-27T18:54:00Z,API-0830,payment-network-gateway,prod,,,/routes/neft,59,0.0044,451.9,"{""2xx"": 58, ""4xx"": 1, ""5xx"": 0}"
2026-03-27T18:55:00Z,API-0831,mobile-app,prod,,,/app/v1/session,1172,0.0304,873.2,"{""2xx"": 1124, ""4xx"": 12, ""5xx"": 36}"
2026-03-27T18:55:00Z,API-0832,net-banking,prod,,,/web/v1/session,806,0.0304,786.0,"{""2xx"": 773, ""4xx"": 8, ""5xx"": 25}"
2026-03-27T18:55:00Z,API-0833,api-gateway,prod,,,/gw/v1/route,2503,0.0306,465.9,"{""2xx"": 2401, ""4xx"": 25, ""5xx"": 77}"
2026-03-27T18:55:00Z,API-0834,auth-service,prod,,,/auth/v1/login,945,0.0602,600.8,"{""2xx"": 879, ""4xx"": 9, ""5xx"": 57}"
2026-03-27T18:55:00Z,API-0835,payments-service,prod,,,/payments/v1/payments,603,0.0206,483.2,"{""2xx"": 585, ""4xx"": 6, ""5xx"": 12}"
2026-03-27T18:55:00Z,API-0836,accounts-service,prod,,,/accounts/v1/balance,1147,0.0618,679.8,"{""2xx"": 1065, ""4xx"": 11, ""5xx"": 71}"
2026-03-27T18:55:00Z,API-0837,notification-service,prod,,,/notify/v1/send,483,0.0021,93.9,"{""2xx"": 477, ""4xx"": 5, ""5xx"": 1}"
2026-03-27T18:55:00Z,API-0838,payment-network-gateway,prod,,,/routes/card,186,0.0031,341.2,"{""2xx"": 183, ""4xx"": 2, ""5xx"": 1}"
2026-03-27T18:55:00Z,API-0839,payment-network-gateway,prod,,,/routes/upi,215,0.004,295.3,"{""2xx"": 212, ""4xx"": 2, ""5xx"": 1}"
2026-03-27T18:55:00Z,API-0840,payment-network-gateway,prod,,,/routes/neft,59,0.0031,467.2,"{""2xx"": 58, ""4xx"": 1, ""5xx"": 0}"
2026-03-27T18:56:00Z,API-0841,mobile-app,prod,,,/app/v1/session,1203,0.0309,851.3,"{""2xx"": 1154, ""4xx"": 12, ""5xx"": 37}"
2026-03-27T18:56:00Z,API-0842,net-banking,prod,,,/web/v1/session,824,0.031,783.5,"{""2xx"": 790, ""4xx"": 8, ""5xx"": 26}"
2026-03-27T18:56:00Z,API-0843,api-gateway,prod,,,/gw/v1/route,2605,0.0303,463.5,"{""2xx"": 2500, ""4xx"": 26, ""5xx"": 79}"
2026-03-27T18:56:00Z,API-0844,auth-service,prod,,,/auth/v1/login,889,0.0603,619.8,"{""2xx"": 826, ""4xx"": 9, ""5xx"": 54}"
2026-03-27T18:56:00Z,API-0845,payments-service,prod,,,/payments/v1/payments,629,0.0207,472.1,"{""2xx"": 610, ""4xx"": 6, ""5xx"": 13}"
2026-03-27T18:56:00Z,API-0846,accounts-service,prod,,,/accounts/v1/balance,1067,0.0612,706.8,"{""2xx"": 991, ""4xx"": 11, ""5xx"": 65}"
2026-03-27T18:56:00Z,API-0847,notification-service,prod,,,/notify/v1/send,501,0.0015,91.8,"{""2xx"": 495, ""4xx"": 5, ""5xx"": 1}"
2026-03-27T18:56:00Z,API-0848,payment-network-gateway,prod,,,/routes/card,180,0.0044,323.2,"{""2xx"": 177, ""4xx"": 2, ""5xx"": 1}"
2026-03-27T18:56:00Z,API-0849,payment-network-gateway,prod,,,/routes/upi,229,0.0038,307.2,"{""2xx"": 226, ""4xx"": 2, ""5xx"": 1}"
2026-03-27T18:56:00Z,API-0850,payment-network-gateway,prod,,,/routes/neft,60,0.0045,458.2,"{""2xx"": 59, ""4xx"": 1, ""5xx"": 0}"
2026-03-27T18:57:00Z,API-0851,mobile-app,prod,,,/app/v1/session,1213,0.0309,840.2,"{""2xx"": 1164, ""4xx"": 12, ""5xx"": 37}"
2026-03-27T18:57:00Z,API-0852,net-banking,prod,,,/web/v1/session,800,0.0304,781.4,"{""2xx"": 768, ""4xx"": 8, ""5xx"": 24}"
2026-03-27T18:57:00Z,API-0853,api-gateway,prod,,,/gw/v1/route,2714,0.03,458.5,"{""2xx"": 2606, ""4xx"": 27, ""5xx"": 81}"
2026-03-27T18:57:00Z,API-0854,auth-service,prod,,,/auth/v1/login,936,0.0603,617.8,"{""2xx"": 871, ""4xx"": 9, ""5xx"": 56}"
2026-03-27T18:57:00Z,API-0855,payments-service,prod,,,/payments/v1/payments,588,0.0201,476.9,"{""2xx"": 570, ""4xx"": 6, ""5xx"": 12}"
2026-03-27T18:57:00Z,API-0856,accounts-service,prod,,,/accounts/v1/balance,1047,0.0606,707.4,"{""2xx"": 974, ""4xx"": 10, ""5xx"": 63}"
2026-03-27T18:57:00Z,API-0857,notification-service,prod,,,/notify/v1/send,490,0.0018,93.1,"{""2xx"": 484, ""4xx"": 5, ""5xx"": 1}"
2026-03-27T18:57:00Z,API-0858,payment-network-gateway,prod,,,/routes/card,189,0.0047,332.2,"{""2xx"": 186, ""4xx"": 2, ""5xx"": 1}"
2026-03-27T18:57:00Z,API-0859,payment-network-gateway,prod,,,/routes/upi,216,0.003,310.1,"{""2xx"": 213, ""4xx"": 2, ""5xx"": 1}"
2026-03-27T18:57:00Z,API-0860,payment-network-gateway,prod,,,/routes/neft,59,0.0034,431.3,"{""2xx"": 58, ""4xx"": 1, ""5xx"": 0}"
2026-03-27T18:58:00Z,API-0861,mobile-app,prod,,,/app/v1/session,1143,0.0304,841.6,"{""2xx"": 1097, ""4xx"": 11, ""5xx"": 35}"
2026-03-27T18:58:00Z,API-0862,net-banking,prod,,,/web/v1/session,814,0.0307,781.7,"{""2xx"": 781, ""4xx"": 8, ""5xx"": 25}"
2026-03-27T18:58:00Z,API-0863,api-gateway,prod,,,/gw/v1/route,2661,0.03,463.7,"{""2xx"": 2554, ""4xx"": 27, ""5xx"": 80}"
2026-03-27T18:58:00Z,API-0864,auth-service,prod,,,/auth/v1/login,903,0.0621,609.0,"{""2xx"": 838, ""4xx"": 9, ""5xx"": 56}"
2026-03-27T18:58:00Z,API-0865,payments-service,prod,,,/payments/v1/payments,621,0.0202,473.4,"{""2xx"": 602, ""4xx"": 6, ""5xx"": 13}"
2026-03-27T18:58:00Z,API-0866,accounts-service,prod,,,/accounts/v1/balance,1129,0.0617,679.1,"{""2xx"": 1048, ""4xx"": 11, ""5xx"": 70}"
2026-03-27T18:58:00Z,API-0867,notification-service,prod,,,/notify/v1/send,492,0.0025,94.3,"{""2xx"": 486, ""4xx"": 5, ""5xx"": 1}"
2026-03-27T18:58:00Z,API-0868,payment-network-gateway,prod,,,/routes/card,184,0.004,342.6,"{""2xx"": 181, ""4xx"": 2, ""5xx"": 1}"
2026-03-27T18:58:00Z,API-0869,payment-network-gateway,prod,,,/routes/upi,225,0.0031,289.8,"{""2xx"": 222, ""4xx"": 2, ""5xx"": 1}"
2026-03-27T18:58:00Z,API-0870,payment-network-gateway,prod,,,/routes/neft,59,0.0034,460.3,"{""2xx"": 58, ""4xx"": 1, ""5xx"": 0}"
2026-03-27T18:59:00Z,API-0871,mobile-app,prod,,,/app/v1/session,1143,0.0305,872.6,"{""2xx"": 1097, ""4xx"": 11, ""5xx"": 35}"
2026-03-27T18:59:00Z,API-0872,net-banking,prod,,,/web/v1/session,792,0.0308,761.2,"{""2xx"": 760, ""4xx"": 8, ""5xx"": 24}"
2026-03-27T18:59:00Z,API-0873,api-gateway,prod,,,/gw/v1/route,2685,0.0307,467.1,"{""2xx"": 2576, ""4xx"": 27, ""5xx"": 82}"
2026-03-27T18:59:00Z,API-0874,auth-service,prod,,,/auth/v1/login,937,0.0612,600.5,"{""2xx"": 871, ""4xx"": 9, ""5xx"": 57}"
2026-03-27T18:59:00Z,API-0875,payments-service,prod,,,/payments/v1/payments,581,0.0204,474.5,"{""2xx"": 563, ""4xx"": 6, ""5xx"": 12}"
2026-03-27T18:59:00Z,API-0876,accounts-service,prod,,,/accounts/v1/balance,1045,0.0619,702.0,"{""2xx"": 970, ""4xx"": 10, ""5xx"": 65}"
2026-03-27T18:59:00Z,API-0877,notification-service,prod,,,/notify/v1/send,479,0.0018,85.6,"{""2xx"": 473, ""4xx"": 5, ""5xx"": 1}"
2026-03-27T18:59:00Z,API-0878,payment-network-gateway,prod,,,/routes/card,183,0.0036,325.6,"{""2xx"": 180, ""4xx"": 2, ""5xx"": 1}"
2026-03-27T18:59:00Z,API-0879,payment-network-gateway,prod,,,/routes/upi,210,0.0038,302.5,"{""2xx"": 207, ""4xx"": 2, ""5xx"": 1}"
2026-03-27T18:59:00Z,API-0880,payment-network-gateway,prod,,,/routes/neft,61,0.0037,460.4,"{""2xx"": 60, ""4xx"": 1, ""5xx"": 0}"
2026-03-27T19:00:00Z,API-0881,mobile-app,prod,,,/app/v1/session,1202,0.0312,845.5,"{""2xx"": 1152, ""4xx"": 12, ""5xx"": 38}"
2026-03-27T19:00:00Z,API-0882,net-banking,prod,,,/web/v1/session,817,0.0312,783.0,"{""2xx"": 784, ""4xx"": 8, ""5xx"": 25}"
2026-03-27T19:00:00Z,API-0883,api-gateway,prod,,,/gw/v1/route,2475,0.0305,452.9,"{""2xx"": 2375, ""4xx"": 25, ""5xx"": 75}"
2026-03-27T19:00:00Z,API-0884,auth-service,prod,,,/auth/v1/login,919,0.0624,609.3,"{""2xx"": 853, ""4xx"": 9, ""5xx"": 57}"
2026-03-27T19:00:00Z,API-0885,payments-service,prod,,,/payments/v1/payments,575,0.0201,472.8,"{""2xx"": 557, ""4xx"": 6, ""5xx"": 12}"
2026-03-27T19:00:00Z,API-0886,accounts-service,prod,,,/accounts/v1/balance,1094,0.0616,703.4,"{""2xx"": 1016, ""4xx"": 11, ""5xx"": 67}"
2026-03-27T19:00:00Z,API-0887,notification-service,prod,,,/notify/v1/send,475,0.0019,92.9,"{""2xx"": 469, ""4xx"": 5, ""5xx"": 1}"
2026-03-27T19:00:00Z,API-0888,payment-network-gateway,prod,,,/routes/card,188,0.0041,327.8,"{""2xx"": 185, ""4xx"": 2, ""5xx"": 1}"
2026-03-27T19:00:00Z,API-0889,payment-network-gateway,prod,,,/routes/upi,224,0.0044,292.9,"{""2xx"": 221, ""4xx"": 2, ""5xx"": 1}"
2026-03-27T19:00:00Z,API-0890,payment-network-gateway,prod,,,/routes/neft,59,0.0046,469.3,"{""2xx"": 58, ""4xx"": 1, ""5xx"": 0}"
2026-03-27T19:01:00Z,API-0891,mobile-app,prod,,,/app/v1/session,1248,0.0301,859.4,"{""2xx"": 1198, ""4xx"": 12, ""5xx"": 38}"
2026-03-27T19:01:00Z,API-0892,net-banking,prod,,,/web/v1/session,771,0.0301,794.2,"{""2xx"": 740, ""4xx"": 8, ""5xx"": 23}"
2026-03-27T19:01:00Z,API-0893,api-gateway,prod,,,/gw/v1/route,2598,0.031,455.9,"{""2xx"": 2491, ""4xx"": 26, ""5xx"": 81}"
2026-03-27T19:01:00Z,API-0894,auth-service,prod,,,/auth/v1/login,904,0.0604,624.6,"{""2xx"": 840, ""4xx"": 9, ""5xx"": 55}"
2026-03-27T19:01:00Z,API-0895,payments-service,prod,,,/payments/v1/payments,593,0.0208,481.3,"{""2xx"": 575, ""4xx"": 6, ""5xx"": 12}"
2026-03-27T19:01:00Z,API-0896,accounts-service,prod,,,/accounts/v1/balance,1097,0.0621,683.7,"{""2xx"": 1018, ""4xx"": 11, ""5xx"": 68}"
2026-03-27T19:01:00Z,API-0897,notification-service,prod,,,/notify/v1/send,480,0.0025,92.3,"{""2xx"": 474, ""4xx"": 5, ""5xx"": 1}"
2026-03-27T19:01:00Z,API-0898,payment-network-gateway,prod,,,/routes/card,183,0.0032,353.5,"{""2xx"": 180, ""4xx"": 2, ""5xx"": 1}"
2026-03-27T19:01:00Z,API-0899,payment-network-gateway,prod,,,/routes/upi,211,0.0038,306.7,"{""2xx"": 208, ""4xx"": 2, ""5xx"": 1}"
2026-03-27T19:01:00Z,API-0900,payment-network-gateway,prod,,,/routes/neft,60,0.0042,467.0,"{""2xx"": 59, ""4xx"": 1, ""5xx"": 0}"
