timestamp,record_id,service,environment,trace_id,transaction_id,endpoint,request_count,error_rate,p95_latency_ms,status_code_breakdown
2026-04-09T10:00:00Z,API-0001,mobile-app,prod,,,/app/v1/session,1238,0.0045,431.4,"{""2xx"": 1220, ""4xx"": 12, ""5xx"": 6}"
2026-04-09T10:00:00Z,API-0002,net-banking,prod,,,/web/v1/session,800,0.0048,380.2,"{""2xx"": 788, ""4xx"": 8, ""5xx"": 4}"
2026-04-09T10:00:00Z,API-0003,api-gateway,prod,,,/gw/v1/route,2694,0.0028,178.5,"{""2xx"": 2659, ""4xx"": 27, ""5xx"": 8}"
2026-04-09T10:00:00Z,API-0004,auth-service,prod,,,/auth/v1/login,887,0.0023,117.3,"{""2xx"": 876, ""4xx"": 9, ""5xx"": 2}"
2026-04-09T10:00:00Z,API-0005,payments-service,prod,,,/payments/v1/payments,583,0.004,257.1,"{""2xx"": 575, ""4xx"": 6, ""5xx"": 2}"
2026-04-09T10:00:00Z,API-0006,accounts-service,prod,,,/accounts/v1/balance,1085,0.0037,156.4,"{""2xx"": 1070, ""4xx"": 11, ""5xx"": 4}"
2026-04-09T10:00:00Z,API-0007,notification-service,prod,,,/notify/v1/send,502,0.0016,92.9,"{""2xx"": 496, ""4xx"": 5, ""5xx"": 1}"
2026-04-09T10:00:00Z,API-0008,payment-network-gateway,prod,,,/routes/card,172,0.0049,330.8,"{""2xx"": 169, ""4xx"": 2, ""5xx"": 1}"
2026-04-09T10:00:00Z,API-0009,payment-network-gateway,prod,,,/routes/upi,228,0.0036,312.9,"{""2xx"": 225, ""4xx"": 2, ""5xx"": 1}"
2026-04-09T10:00:00Z,API-0010,payment-network-gateway,prod,,,/routes/neft,61,0.0046,446.4,"{""2xx"": 60, ""4xx"": 1, ""5xx"": 0}"
2026-04-09T10:01:00Z,API-0011,mobile-app,prod,,,/app/v1/session,1192,0.0039,419.7,"{""2xx"": 1175, ""4xx"": 12, ""5xx"": 5}"
2026-04-09T10:01:00Z,API-0012,net-banking,prod,,,/web/v1/session,829,0.004,384.4,"{""2xx"": 818, ""4xx"": 8, ""5xx"": 3}"
2026-04-09T10:01:00Z,API-0013,api-gateway,prod,,,/gw/v1/route,2551,0.0035,185.1,"{""2xx"": 2516, ""4xx"": 26, ""5xx"": 9}"
2026-04-09T10:01:00Z,API-0014,auth-service,prod,,,/auth/v1/login,871,0.0023,118.0,"{""2xx"": 860, ""4xx"": 9, ""5xx"": 2}"
2026-04-09T10:01:00Z,API-0015,payments-service,prod,,,/payments/v1/payments,605,0.0057,251.2,"{""2xx"": 596, ""4xx"": 6, ""5xx"": 3}"
2026-04-09T10:01:00Z,API-0016,accounts-service,prod,,,/accounts/v1/balance,1153,0.0024,152.9,"{""2xx"": 1138, ""4xx"": 12, ""5xx"": 3}"
2026-04-09T10:01:00Z,API-0017,notification-service,prod,,,/notify/v1/send,518,0.0023,89.3,"{""2xx"": 512, ""4xx"": 5, ""5xx"": 1}"
2026-04-09T10:01:00Z,API-0018,payment-network-gateway,prod,,,/routes/card,179,0.0032,329.4,"{""2xx"": 176, ""4xx"": 2, ""5xx"": 1}"
2026-04-09T10:01:00Z,API-0019,payment-network-gateway,prod,,,/routes/upi,215,0.0036,295.8,"{""2xx"": 212, ""4xx"": 2, ""5xx"": 1}"
2026-04-09T10:01:00Z,API-0020,payment-network-gateway,prod,,,/routes/neft,62,0.0037,462.8,"{""2xx"": 61, ""4xx"": 1, ""5xx"": 0}"
2026-04-09T10:02:00Z,API-0021,mobile-app,prod,,,/app/v1/session,1245,0.0041,412.2,"{""2xx"": 1228, ""4xx"": 12, ""5xx"": 5}"
2026-04-09T10:02:00Z,API-0022,net-banking,prod,,,/web/v1/session,796,0.0032,385.2,"{""2xx"": 785, ""4xx"": 8, ""5xx"": 3}"
2026-04-09T10:02:00Z,API-0023,api-gateway,prod,,,/gw/v1/route,2594,0.0029,187.3,"{""2xx"": 2560, ""4xx"": 26, ""5xx"": 8}"
2026-04-09T10:02:00Z,API-0024,auth-service,prod,,,/auth/v1/login,906,0.002,114.4,"{""2xx"": 895, ""4xx"": 9, ""5xx"": 2}"
2026-04-09T10:02:00Z,API-0025,payments-service,prod,,,/payments/v1/payments,628,0.0045,257.6,"{""2xx"": 619, ""4xx"": 6, ""5xx"": 3}"
2026-04-09T10:02:00Z,API-0026,accounts-service,prod,,,/accounts/v1/balance,1137,0.0035,152.6,"{""2xx"": 1122, ""4xx"": 11, ""5xx"": 4}"
2026-04-09T10:02:00Z,API-0027,notification-service,prod,,,/notify/v1/send,519,0.002,94.2,"{""2xx"": 513, ""4xx"": 5, ""5xx"": 1}"
2026-04-09T10:02:00Z,API-0028,payment-network-gateway,prod,,,/routes/card,176,0.0036,323.2,"{""2xx"": 173, ""4xx"": 2, ""5xx"": 1}"
2026-04-09T10:02:00Z,API-0029,payment-network-gateway,prod,,,/routes/upi,223,0.004,295.9,"{""2xx"": 220, ""4xx"": 2, ""5xx"": 1}"
2026-04-09T10:02:00Z,API-0030,payment-network-gateway,prod,,,/routes/neft,59,0.0044,447.7,"{""2xx"": 58, ""4xx"": 1, ""5xx"": 0}"
2026-04-09T10:03:00Z,API-0031,mobile-app,prod,,,/app/v1/session,1197,0.0034,416.8,"{""2xx"": 1181, ""4xx"": 12, ""5xx"": 4}"
2026-04-09T10:03:00Z,API-0032,net-banking,prod,,,/web/v1/session,838,0.0041,398.9,"{""2xx"": 827, ""4xx"": 8, ""5xx"": 3}"
2026-04-09T10:03:00Z,API-0033,api-gateway,prod,,,/gw/v1/route,2625,0.0034,178.2,"{""2xx"": 2590, ""4xx"": 26, ""5xx"": 9}"
2026-04-09T10:03:00Z,API-0034,auth-service,prod,,,/auth/v1/login,895,0.0016,117.7,"{""2xx"": 885, ""4xx"": 9, ""5xx"": 1}"
2026-04-09T10:03:00Z,API-0035,payments-service,prod,,,/payments/v1/payments,574,0.0061,264.8,"{""2xx"": 564, ""4xx"": 6, ""5xx"": 4}"
2026-04-09T10:03:00Z,API-0036,accounts-service,prod,,,/accounts/v1/balance,1084,0.0033,156.0,"{""2xx"": 1069, ""4xx"": 11, ""5xx"": 4}"
2026-04-09T10:03:00Z,API-0037,notification-service,prod,,,/notify/v1/send,486,0.0019,87.7,"{""2xx"": 480, ""4xx"": 5, ""5xx"": 1}"
2026-04-09T10:03:00Z,API-0038,payment-network-gateway,prod,,,/routes/card,184,0.0036,353.6,"{""2xx"": 181, ""4xx"": 2, ""5xx"": 1}"
2026-04-09T10:03:00Z,API-0039,payment-network-gateway,prod,,,/routes/upi,214,0.0047,296.7,"{""2xx"": 211, ""4xx"": 2, ""5xx"": 1}"
2026-04-09T10:03:00Z,API-0040,payment-network-gateway,prod,,,/routes/neft,62,0.0049,461.6,"{""2xx"": 61, ""4xx"": 1, ""5xx"": 0}"
2026-04-09T10:04:00Z,API-0041,mobile-app,prod,,,/app/v1/session,1181,0.0036,407.8,"{""2xx"": 1165, ""4xx"": 12, ""5xx"": 4}"
2026-04-09T10:04:00Z,API-0042,net-banking,prod,,,/web/v1/session,837,0.0039,375.5,"{""2xx"": 826, ""4xx"": 8, ""5xx"": 3}"
2026-04-09T10:04:00Z,API-0043,api-gateway,prod,,,/gw/v1/route,2572,0.003,179.4,"{""2xx"": 2538, ""4xx"": 26, ""5xx"": 8}"
2026-04-09T10:04:00Z,API-0044,auth-service,prod,,,/auth/v1/login,929,0.002,117.8,"{""2xx"": 918, ""4xx"": 9, ""5xx"": 2}"
2026-04-09T10:04:00Z,API-0045,payments-service,prod,,,/payments/v1/payments,626,0.0057,268.1,"{""2xx"": 616, ""4xx"": 6, ""5xx"": 4}"
2026-04-09T10:04:00Z,API-0046,accounts-service,prod,,,/accounts/v1/balance,1084,0.0037,157.0,"{""2xx"": 1069, ""4xx"": 11, ""5xx"": 4}"
2026-04-09T10:04:00Z,API-0047,notification-service,prod,,,/notify/v1/send,493,0.0024,85.6,"{""2xx"": 487, ""4xx"": 5, ""5xx"": 1}"
2026-04-09T10:04:00Z,API-0048,payment-network-gateway,prod,,,/routes/card,176,0.0049,332.4,"{""2xx"": 173, ""4xx"": 2, ""5xx"": 1}"
2026-04-09T10:04:00Z,API-0049,payment-network-gateway,prod,,,/routes/upi,216,0.0032,294.5,"{""2xx"": 213, ""4xx"": 2, ""5xx"": 1}"
2026-04-09T10:04:00Z,API-0050,payment-network-gateway,prod,,,/routes/neft,59,0.0044,465.2,"{""2xx"": 58, ""4xx"": 1, ""5xx"": 0}"
2026-04-09T10:05:00Z,API-0051,mobile-app,prod,,,/app/v1/session,1172,0.0032,424.5,"{""2xx"": 1156, ""4xx"": 12, ""5xx"": 4}"
2026-04-09T10:05:00Z,API-0052,net-banking,prod,,,/web/v1/session,804,0.0037,398.2,"{""2xx"": 793, ""4xx"": 8, ""5xx"": 3}"
2026-04-09T10:05:00Z,API-0053,api-gateway,prod,,,/gw/v1/route,2704,0.0036,179.7,"{""2xx"": 2667, ""4xx"": 27, ""5xx"": 10}"
2026-04-09T10:05:00Z,API-0054,auth-service,prod,,,/auth/v1/login,873,0.0021,114.5,"{""2xx"": 862, ""4xx"": 9, ""5xx"": 2}"
2026-04-09T10:05:00Z,API-0055,payments-service,prod,,,/payments/v1/payments,572,0.0054,264.5,"{""2xx"": 563, ""4xx"": 6, ""5xx"": 3}"
2026-04-09T10:05:00Z,API-0056,accounts-service,prod,,,/accounts/v1/balance,1126,0.0024,143.7,"{""2xx"": 1112, ""4xx"": 11, ""5xx"": 3}"
2026-04-09T10:05:00Z,API-0057,notification-service,prod,,,/notify/v1/send,488,0.0019,92.6,"{""2xx"": 482, ""4xx"": 5, ""5xx"": 1}"
2026-04-09T10:05:00Z,API-0058,payment-network-gateway,prod,,,/routes/card,179,0.0046,331.8,"{""2xx"": 176, ""4xx"": 2, ""5xx"": 1}"
2026-04-09T10:05:00Z,API-0059,payment-network-gateway,prod,,,/routes/upi,228,0.0041,297.3,"{""2xx"": 225, ""4xx"": 2, ""5xx"": 1}"
2026-04-09T10:05:00Z,API-0060,payment-network-gateway,prod,,,/routes/neft,60,0.0049,460.8,"{""2xx"": 59, ""4xx"": 1, ""5xx"": 0}"
2026-04-09T10:06:00Z,API-0061,mobile-app,prod,,,/app/v1/session,1255,0.0041,409.3,"{""2xx"": 1237, ""4xx"": 13, ""5xx"": 5}"
2026-04-09T10:06:00Z,API-0062,net-banking,prod,,,/web/v1/session,764,0.0036,393.0,"{""2xx"": 753, ""4xx"": 8, ""5xx"": 3}"
2026-04-09T10:06:00Z,API-0063,api-gateway,prod,,,/gw/v1/route,2523,0.0031,174.1,"{""2xx"": 2490, ""4xx"": 25, ""5xx"": 8}"
2026-04-09T10:06:00Z,API-0064,auth-service,prod,,,/auth/v1/login,900,0.0022,123.4,"{""2xx"": 889, ""4xx"": 9, ""5xx"": 2}"
2026-04-09T10:06:00Z,API-0065,payments-service,prod,,,/payments/v1/payments,626,0.005,260.9,"{""2xx"": 617, ""4xx"": 6, ""5xx"": 3}"
2026-04-09T10:06:00Z,API-0066,accounts-service,prod,,,/accounts/v1/balance,1131,0.0035,155.1,"{""2xx"": 1116, ""4xx"": 11, ""5xx"": 4}"
2026-04-09T10:06:00Z,API-0067,notification-service,prod,,,/notify/v1/send,513,0.0023,90.9,"{""2xx"": 507, ""4xx"": 5, ""5xx"": 1}"
2026-04-09T10:06:00Z,API-0068,payment-network-gateway,prod,,,/routes/card,184,0.0049,339.5,"{""2xx"": 181, ""4xx"": 2, ""5xx"": 1}"
2026-04-09T10:06:00Z,API-0069,payment-network-gateway,prod,,,/routes/upi,219,0.004,291.8,"{""2xx"": 216, ""4xx"": 2, ""5xx"": 1}"
2026-04-09T10:06:00Z,API-0070,payment-network-gateway,prod,,,/routes/neft,61,0.0035,444.7,"{""2xx"": 60, ""4xx"": 1, ""5xx"": 0}"
2026-04-09T10:07:00Z,API-0071,mobile-app,prod,,,/app/v1/session,1246,0.0046,422.7,"{""2xx"": 1228, ""4xx"": 12, ""5xx"": 6}"
2026-04-09T10:07:00Z,API-0072,net-banking,prod,,,/web/v1/session,808,0.0048,389.5,"{""2xx"": 796, ""4xx"": 8, ""5xx"": 4}"
2026-04-09T10:07:00Z,API-0073,api-gateway,prod,,,/gw/v1/route,2607,0.0033,183.1,"{""2xx"": 2572, ""4xx"": 26, ""5xx"": 9}"
2026-04-09T10:07:00Z,API-0074,auth-service,prod,,,/auth/v1/login,892,0.0021,117.4,"{""2xx"": 881, ""4xx"": 9, ""5xx"": 2}"
2026-04-09T10:07:00Z,API-0075,payments-service,prod,,,/payments/v1/payments,629,0.006,268.2,"{""2xx"": 619, ""4xx"": 6, ""5xx"": 4}"
2026-04-09T10:07:00Z,API-0076,accounts-service,prod,,,/accounts/v1/balance,1095,0.003,156.6,"{""2xx"": 1081, ""4xx"": 11, ""5xx"": 3}"
2026-04-09T10:07:00Z,API-0077,notification-service,prod,,,/notify/v1/send,492,0.0021,92.6,"{""2xx"": 486, ""4xx"": 5, ""5xx"": 1}"
2026-04-09T10:07:00Z,API-0078,payment-network-gateway,prod,,,/routes/card,174,0.0041,349.4,"{""2xx"": 171, ""4xx"": 2, ""5xx"": 1}"
2026-04-09T10:07:00Z,API-0079,payment-network-gateway,prod,,,/routes/upi,227,0.0046,294.1,"{""2xx"": 224, ""4xx"": 2, ""5xx"": 1}"
2026-04-09T10:07:00Z,API-0080,payment-network-gateway,prod,,,/routes/neft,59,0.0045,451.7,"{""2xx"": 58, ""4xx"": 1, ""5xx"": 0}"
2026-04-09T10:08:00Z,API-0081,mobile-app,prod,,,/app/v1/session,1173,0.0049,404.1,"{""2xx"": 1155, ""4xx"": 12, ""5xx"": 6}"
2026-04-09T10:08:00Z,API-0082,net-banking,prod,,,/web/v1/session,784,0.0031,395.9,"{""2xx"": 774, ""4xx"": 8, ""5xx"": 2}"
2026-04-09T10:08:00Z,API-0083,api-gateway,prod,,,/gw/v1/route,2480,0.0024,186.6,"{""2xx"": 2449, ""4xx"": 25, ""5xx"": 6}"
2026-04-09T10:08:00Z,API-0084,auth-service,prod,,,/auth/v1/login,940,0.0021,122.8,"{""2xx"": 929, ""4xx"": 9, ""5xx"": 2}"
2026-04-09T10:08:00Z,API-0085,payments-service,prod,,,/payments/v1/payments,598,0.0047,252.2,"{""2xx"": 589, ""4xx"": 6, ""5xx"": 3}"
2026-04-09T10:08:00Z,API-0086,accounts-service,prod,,,/accounts/v1/balance,1130,0.0031,144.3,"{""2xx"": 1115, ""4xx"": 11, ""5xx"": 4}"
2026-04-09T10:08:00Z,API-0087,notification-service,prod,,,/notify/v1/send,492,0.0022,88.2,"{""2xx"": 486, ""4xx"": 5, ""5xx"": 1}"
2026-04-09T10:08:00Z,API-0088,payment-network-gateway,prod,,,/routes/card,184,0.0034,341.0,"{""2xx"": 181, ""4xx"": 2, ""5xx"": 1}"
2026-04-09T10:08:00Z,API-0089,payment-network-gateway,prod,,,/routes/upi,217,0.0033,314.4,"{""2xx"": 214, ""4xx"": 2, ""5xx"": 1}"
2026-04-09T10:08:00Z,API-0090,payment-network-gateway,prod,,,/routes/neft,59,0.0036,465.9,"{""2xx"": 58, ""4xx"": 1, ""5xx"": 0}"
2026-04-09T10:09:00Z,API-0091,mobile-app,prod,,,/app/v1/session,1234,0.0045,402.8,"{""2xx"": 1216, ""4xx"": 12, ""5xx"": 6}"
2026-04-09T10:09:00Z,API-0092,net-banking,prod,,,/web/v1/session,819,0.004,392.4,"{""2xx"": 808, ""4xx"": 8, ""5xx"": 3}"
2026-04-09T10:09:00Z,API-0093,api-gateway,prod,,,/gw/v1/route,2688,0.0027,175.0,"{""2xx"": 2654, ""4xx"": 27, ""5xx"": 7}"
2026-04-09T10:09:00Z,API-0094,auth-service,prod,,,/auth/v1/login,876,0.0025,124.4,"{""2xx"": 865, ""4xx"": 9, ""5xx"": 2}"
2026-04-09T10:09:00Z,API-0095,payments-service,prod,,,/payments/v1/payments,608,0.0041,259.4,"{""2xx"": 600, ""4xx"": 6, ""5xx"": 2}"
2026-04-09T10:09:00Z,API-0096,accounts-service,prod,,,/accounts/v1/balance,1051,0.0034,146.5,"{""2xx"": 1036, ""4xx"": 11, ""5xx"": 4}"
2026-04-09T10:09:00Z,API-0097,notification-service,prod,,,/notify/v1/send,515,0.0024,93.6,"{""2xx"": 509, ""4xx"": 5, ""5xx"": 1}"
2026-04-09T10:09:00Z,API-0098,payment-network-gateway,prod,,,/routes/card,182,0.0031,336.9,"{""2xx"": 179, ""4xx"": 2, ""5xx"": 1}"
2026-04-09T10:09:00Z,API-0099,payment-network-gateway,prod,,,/routes/upi,211,0.0036,297.4,"{""2xx"": 208, ""4xx"": 2, ""5xx"": 1}"
2026-04-09T10:09:00Z,API-0100,payment-network-gateway,prod,,,/routes/neft,59,0.0041,469.7,"{""2xx"": 58, ""4xx"": 1, ""5xx"": 0}"
2026-04-09T10:10:00Z,API-0101,mobile-app,prod,,,/app/v1/session,1143,0.0048,418.9,"{""2xx"": 1127, ""4xx"": 11, ""5xx"": 5}"
2026-04-09T10:10:00Z,API-0102,net-banking,prod,,,/web/v1/session,766,0.0042,378.5,"{""2xx"": 755, ""4xx"": 8, ""5xx"": 3}"
2026-04-09T10:10:00Z,API-0103,api-gateway,prod,,,/gw/v1/route,2606,0.0031,175.5,"{""2xx"": 2572, ""4xx"": 26, ""5xx"": 8}"
2026-04-09T10:10:00Z,API-0104,auth-service,prod,,,/auth/v1/login,934,0.0024,120.6,"{""2xx"": 923, ""4xx"": 9, ""5xx"": 2}"
2026-04-09T10:10:00Z,API-0105,payments-service,prod,,,/payments/v1/payments,617,0.0047,247.4,"{""2xx"": 608, ""4xx"": 6, ""5xx"": 3}"
2026-04-09T10:10:00Z,API-0106,accounts-service,prod,,,/accounts/v1/balance,1125,0.0025,152.1,"{""2xx"": 1111, ""4xx"": 11, ""5xx"": 3}"
2026-04-09T10:10:00Z,API-0107,notification-service,prod,,,/notify/v1/send,499,0.0023,92.4,"{""2xx"": 493, ""4xx"": 5, ""5xx"": 1}"
2026-04-09T10:10:00Z,API-0108,payment-network-gateway,prod,,,/routes/card,183,0.0048,352.5,"{""2xx"": 180, ""4xx"": 2, ""5xx"": 1}"
2026-04-09T10:10:00Z,API-0109,payment-network-gateway,prod,,,/routes/upi,227,0.0046,296.2,"{""2xx"": 224, ""4xx"": 2, ""5xx"": 1}"
2026-04-09T10:10:00Z,API-0110,payment-network-gateway,prod,,,/routes/neft,61,0.0039,468.6,"{""2xx"": 60, ""4xx"": 1, ""5xx"": 0}"
2026-04-09T10:11:00Z,API-0111,mobile-app,prod,,,/app/v1/session,1223,0.0038,434.6,"{""2xx"": 1206, ""4xx"": 12, ""5xx"": 5}"
2026-04-09T10:11:00Z,API-0112,net-banking,prod,,,/web/v1/session,787,0.0045,361.6,"{""2xx"": 775, ""4xx"": 8, ""5xx"": 4}"
2026-04-09T10:11:00Z,API-0113,api-gateway,prod,,,/gw/v1/route,2520,0.0033,183.5,"{""2xx"": 2487, ""4xx"": 25, ""5xx"": 8}"
2026-04-09T10:11:00Z,API-0114,auth-service,prod,,,/auth/v1/login,887,0.0024,115.4,"{""2xx"": 876, ""4xx"": 9, ""5xx"": 2}"
2026-04-09T10:11:00Z,API-0115,payments-service,prod,,,/payments/v1/payments,624,0.0061,260.6,"{""2xx"": 614, ""4xx"": 6, ""5xx"": 4}"
2026-04-09T10:11:00Z,API-0116,accounts-service,prod,,,/accounts/v1/balance,1093,0.0037,151.0,"{""2xx"": 1078, ""4xx"": 11, ""5xx"": 4}"
2026-04-09T10:11:00Z,API-0117,notification-service,prod,,,/notify/v1/send,497,0.0016,92.7,"{""2xx"": 491, ""4xx"": 5, ""5xx"": 1}"
2026-04-09T10:11:00Z,API-0118,payment-network-gateway,prod,,,/routes/card,183,0.0039,325.0,"{""2xx"": 180, ""4xx"": 2, ""5xx"": 1}"
2026-04-09T10:11:00Z,API-0119,payment-network-gateway,prod,,,/routes/upi,225,0.0048,287.8,"{""2xx"": 222, ""4xx"": 2, ""5xx"": 1}"
2026-04-09T10:11:00Z,API-0120,payment-network-gateway,prod,,,/routes/neft,58,0.0038,436.8,"{""2xx"": 57, ""4xx"": 1, ""5xx"": 0}"
2026-04-09T10:12:00Z,API-0121,mobile-app,prod,,,/app/v1/session,1151,0.0033,434.8,"{""2xx"": 1135, ""4xx"": 12, ""5xx"": 4}"
2026-04-09T10:12:00Z,API-0122,net-banking,prod,,,/web/v1/session,787,0.005,378.2,"{""2xx"": 775, ""4xx"": 8, ""5xx"": 4}"
2026-04-09T10:12:00Z,API-0123,api-gateway,prod,,,/gw/v1/route,2500,0.0036,177.0,"{""2xx"": 2466, ""4xx"": 25, ""5xx"": 9}"
2026-04-09T10:12:00Z,API-0124,auth-service,prod,,,/auth/v1/login,865,0.0022,116.3,"{""2xx"": 854, ""4xx"": 9, ""5xx"": 2}"
2026-04-09T10:12:00Z,API-0125,payments-service,prod,,,/payments/v1/payments,606,0.0039,258.1,"{""2xx"": 598, ""4xx"": 6, ""5xx"": 2}"
2026-04-09T10:12:00Z,API-0126,accounts-service,prod,,,/accounts/v1/balance,1136,0.0028,157.2,"{""2xx"": 1122, ""4xx"": 11, ""5xx"": 3}"
2026-04-09T10:12:00Z,API-0127,notification-service,prod,,,/notify/v1/send,493,0.0024,85.9,"{""2xx"": 487, ""4xx"": 5, ""5xx"": 1}"
2026-04-09T10:12:00Z,API-0128,payment-network-gateway,prod,,,/routes/card,185,0.0038,342.3,"{""2xx"": 182, ""4xx"": 2, ""5xx"": 1}"
2026-04-09T10:12:00Z,API-0129,payment-network-gateway,prod,,,/routes/upi,217,0.0039,299.3,"{""2xx"": 214, ""4xx"": 2, ""5xx"": 1}"
2026-04-09T10:12:00Z,API-0130,payment-network-gateway,prod,,,/routes/neft,59,0.0047,441.3,"{""2xx"": 58, ""4xx"": 1, ""5xx"": 0}"
2026-04-09T10:13:00Z,API-0131,mobile-app,prod,,,/app/v1/session,1208,0.0031,430.1,"{""2xx"": 1192, ""4xx"": 12, ""5xx"": 4}"
2026-04-09T10:13:00Z,API-0132,net-banking,prod,,,/web/v1/session,764,0.0031,382.6,"{""2xx"": 754, ""4xx"": 8, ""5xx"": 2}"
2026-04-09T10:13:00Z,API-0133,api-gateway,prod,,,/gw/v1/route,2562,0.0028,185.6,"{""2xx"": 2529, ""4xx"": 26, ""5xx"": 7}"
2026-04-09T10:13:00Z,API-0134,auth-service,prod,,,/auth/v1/login,890,0.0016,125.4,"{""2xx"": 880, ""4xx"": 9, ""5xx"": 1}"
2026-04-09T10:13:00Z,API-0135,payments-service,prod,,,/payments/v1/payments,592,0.005,259.1,"{""2xx"": 583, ""4xx"": 6, ""5xx"": 3}"
2026-04-09T10:13:00Z,API-0136,accounts-service,prod,,,/accounts/v1/balance,1095,0.0034,145.2,"{""2xx"": 1080, ""4xx"": 11, ""5xx"": 4}"
2026-04-09T10:13:00Z,API-0137,notification-service,prod,,,/notify/v1/send,500,0.0018,90.5,"{""2xx"": 494, ""4xx"": 5, ""5xx"": 1}"
2026-04-09T10:13:00Z,API-0138,payment-network-gateway,prod,,,/routes/card,178,0.0046,346.7,"{""2xx"": 175, ""4xx"": 2, ""5xx"": 1}"
2026-04-09T10:13:00Z,API-0139,payment-network-gateway,prod,,,/routes/upi,213,0.0041,285.1,"{""2xx"": 210, ""4xx"": 2, ""5xx"": 1}"
2026-04-09T10:13:00Z,API-0140,payment-network-gateway,prod,,,/routes/neft,57,0.0045,455.3,"{""2xx"": 56, ""4xx"": 1, ""5xx"": 0}"
2026-04-09T10:14:00Z,API-0141,mobile-app,prod,,,/app/v1/session,1171,0.0045,430.0,"{""2xx"": 1154, ""4xx"": 12, ""5xx"": 5}"
2026-04-09T10:14:00Z,API-0142,net-banking,prod,,,/web/v1/session,780,0.0032,366.4,"{""2xx"": 770, ""4xx"": 8, ""5xx"": 2}"
2026-04-09T10:14:00Z,API-0143,api-gateway,prod,,,/gw/v1/route,2698,0.0029,181.4,"{""2xx"": 2663, ""4xx"": 27, ""5xx"": 8}"
2026-04-09T10:14:00Z,API-0144,auth-service,prod,,,/auth/v1/login,888,0.0022,121.9,"{""2xx"": 877, ""4xx"": 9, ""5xx"": 2}"
2026-04-09T10:14:00Z,API-0145,payments-service,prod,,,/payments/v1/payments,593,0.0051,254.8,"{""2xx"": 584, ""4xx"": 6, ""5xx"": 3}"
2026-04-09T10:14:00Z,API-0146,accounts-service,prod,,,/accounts/v1/balance,1121,0.0037,154.4,"{""2xx"": 1106, ""4xx"": 11, ""5xx"": 4}"
2026-04-09T10:14:00Z,API-0147,notification-service,prod,,,/notify/v1/send,516,0.0016,88.7,"{""2xx"": 510, ""4xx"": 5, ""5xx"": 1}"
2026-04-09T10:14:00Z,API-0148,payment-network-gateway,prod,,,/routes/card,181,0.0049,327.4,"{""2xx"": 178, ""4xx"": 2, ""5xx"": 1}"
2026-04-09T10:14:00Z,API-0149,payment-network-gateway,prod,,,/routes/upi,220,0.0036,312.7,"{""2xx"": 217, ""4xx"": 2, ""5xx"": 1}"
2026-04-09T10:14:00Z,API-0150,payment-network-gateway,prod,,,/routes/neft,62,0.004,443.1,"{""2xx"": 61, ""4xx"": 1, ""5xx"": 0}"
2026-04-09T10:15:00Z,API-0151,mobile-app,prod,,,/app/v1/session,1244,0.0033,437.0,"{""2xx"": 1228, ""4xx"": 12, ""5xx"": 4}"
2026-04-09T10:15:00Z,API-0152,net-banking,prod,,,/web/v1/session,806,0.0042,385.7,"{""2xx"": 795, ""4xx"": 8, ""5xx"": 3}"
2026-04-09T10:15:00Z,API-0153,api-gateway,prod,,,/gw/v1/route,2563,0.0035,187.4,"{""2xx"": 2528, ""4xx"": 26, ""5xx"": 9}"
2026-04-09T10:15:00Z,API-0154,auth-service,prod,,,/auth/v1/login,927,0.0022,115.3,"{""2xx"": 916, ""4xx"": 9, ""5xx"": 2}"
2026-04-09T10:15:00Z,API-0155,payments-service,prod,,,/payments/v1/payments,601,0.0041,255.3,"{""2xx"": 593, ""4xx"": 6, ""5xx"": 2}"
2026-04-09T10:15:00Z,API-0156,accounts-service,prod,,,/accounts/v1/balance,1089,0.0023,147.1,"{""2xx"": 1075, ""4xx"": 11, ""5xx"": 3}"
2026-04-09T10:15:00Z,API-0157,notification-service,prod,,,/notify/v1/send,515,0.0021,86.9,"{""2xx"": 509, ""4xx"": 5, ""5xx"": 1}"
2026-04-09T10:15:00Z,API-0158,payment-network-gateway,prod,,,/routes/card,178,0.0038,331.2,"{""2xx"": 175, ""4xx"": 2, ""5xx"": 1}"
2026-04-09T10:15:00Z,API-0159,payment-network-gateway,prod,,,/routes/upi,212,0.0033,296.8,"{""2xx"": 209, ""4xx"": 2, ""5xx"": 1}"
2026-04-09T10:15:00Z,API-0160,payment-network-gateway,prod,,,/routes/neft,60,0.0031,472.3,"{""2xx"": 59, ""4xx"": 1, ""5xx"": 0}"
2026-04-09T10:16:00Z,API-0161,mobile-app,prod,,,/app/v1/session,1191,0.0048,403.5,"{""2xx"": 1173, ""4xx"": 12, ""5xx"": 6}"
2026-04-09T10:16:00Z,API-0162,net-banking,prod,,,/web/v1/session,795,0.0045,389.4,"{""2xx"": 783, ""4xx"": 8, ""5xx"": 4}"
2026-04-09T10:16:00Z,API-0163,api-gateway,prod,,,/gw/v1/route,2720,0.0028,184.4,"{""2xx"": 2685, ""4xx"": 27, ""5xx"": 8}"
2026-04-09T10:16:00Z,API-0164,auth-service,prod,,,/auth/v1/login,893,0.0017,125.4,"{""2xx"": 882, ""4xx"": 9, ""5xx"": 2}"
2026-04-09T10:16:00Z,API-0165,payments-service,prod,,,/payments/v1/payments,617,0.0047,260.7,"{""2xx"": 608, ""4xx"": 6, ""5xx"": 3}"
2026-04-09T10:16:00Z,API-0166,accounts-service,prod,,,/accounts/v1/balance,1084,0.0032,152.6,"{""2xx"": 1070, ""4xx"": 11, ""5xx"": 3}"
2026-04-09T10:16:00Z,API-0167,notification-service,prod,,,/notify/v1/send,504,0.0023,88.7,"{""2xx"": 498, ""4xx"": 5, ""5xx"": 1}"
2026-04-09T10:16:00Z,API-0168,payment-network-gateway,prod,,,/routes/card,178,0.0035,341.2,"{""2xx"": 175, ""4xx"": 2, ""5xx"": 1}"
2026-04-09T10:16:00Z,API-0169,payment-network-gateway,prod,,,/routes/upi,216,0.004,287.4,"{""2xx"": 213, ""4xx"": 2, ""5xx"": 1}"
2026-04-09T10:16:00Z,API-0170,payment-network-gateway,prod,,,/routes/neft,62,0.005,467.0,"{""2xx"": 61, ""4xx"": 1, ""5xx"": 0}"
2026-04-09T10:17:00Z,API-0171,mobile-app,prod,,,/app/v1/session,1220,0.0037,434.3,"{""2xx"": 1203, ""4xx"": 12, ""5xx"": 5}"
2026-04-09T10:17:00Z,API-0172,net-banking,prod,,,/web/v1/session,805,0.005,385.0,"{""2xx"": 793, ""4xx"": 8, ""5xx"": 4}"
2026-04-09T10:17:00Z,API-0173,api-gateway,prod,,,/gw/v1/route,2593,0.003,171.9,"{""2xx"": 2559, ""4xx"": 26, ""5xx"": 8}"
2026-04-09T10:17:00Z,API-0174,auth-service,prod,,,/auth/v1/login,880,0.0021,124.9,"{""2xx"": 869, ""4xx"": 9, ""5xx"": 2}"
2026-04-09T10:17:00Z,API-0175,payments-service,prod,,,/payments/v1/payments,608,0.0059,254.5,"{""2xx"": 598, ""4xx"": 6, ""5xx"": 4}"
2026-04-09T10:17:00Z,API-0176,accounts-service,prod,,,/accounts/v1/balance,1131,0.0035,145.5,"{""2xx"": 1116, ""4xx"": 11, ""5xx"": 4}"
2026-04-09T10:17:00Z,API-0177,notification-service,prod,,,/notify/v1/send,488,0.002,91.7,"{""2xx"": 482, ""4xx"": 5, ""5xx"": 1}"
2026-04-09T10:17:00Z,API-0178,payment-network-gateway,prod,,,/routes/card,183,0.0031,347.2,"{""2xx"": 180, ""4xx"": 2, ""5xx"": 1}"
2026-04-09T10:17:00Z,API-0179,payment-network-gateway,prod,,,/routes/upi,218,0.0044,303.4,"{""2xx"": 215, ""4xx"": 2, ""5xx"": 1}"
2026-04-09T10:17:00Z,API-0180,payment-network-gateway,prod,,,/routes/neft,59,0.0035,434.6,"{""2xx"": 58, ""4xx"": 1, ""5xx"": 0}"
2026-04-09T10:18:00Z,API-0181,mobile-app,prod,,,/app/v1/session,1232,0.0032,404.5,"{""2xx"": 1216, ""4xx"": 12, ""5xx"": 4}"
2026-04-09T10:18:00Z,API-0182,net-banking,prod,,,/web/v1/session,791,0.0039,384.6,"{""2xx"": 780, ""4xx"": 8, ""5xx"": 3}"
2026-04-09T10:18:00Z,API-0183,api-gateway,prod,,,/gw/v1/route,2555,0.0029,180.9,"{""2xx"": 2522, ""4xx"": 26, ""5xx"": 7}"
2026-04-09T10:18:00Z,API-0184,auth-service,prod,,,/auth/v1/login,906,0.0022,120.9,"{""2xx"": 895, ""4xx"": 9, ""5xx"": 2}"
2026-04-09T10:18:00Z,API-0185,payments-service,prod,,,/payments/v1/payments,621,0.0053,247.7,"{""2xx"": 612, ""4xx"": 6, ""5xx"": 3}"
2026-04-09T10:18:00Z,API-0186,accounts-service,prod,,,/accounts/v1/balance,1049,0.0033,154.9,"{""2xx"": 1036, ""4xx"": 10, ""5xx"": 3}"
2026-04-09T10:18:00Z,API-0187,notification-service,prod,,,/notify/v1/send,479,0.0023,87.8,"{""2xx"": 473, ""4xx"": 5, ""5xx"": 1}"
2026-04-09T10:18:00Z,API-0188,payment-network-gateway,prod,,,/routes/card,177,0.0035,326.4,"{""2xx"": 174, ""4xx"": 2, ""5xx"": 1}"
2026-04-09T10:18:00Z,API-0189,payment-network-gateway,prod,,,/routes/upi,226,0.0036,303.6,"{""2xx"": 223, ""4xx"": 2, ""5xx"": 1}"
2026-04-09T10:18:00Z,API-0190,payment-network-gateway,prod,,,/routes/neft,63,0.0031,471.2,"{""2xx"": 62, ""4xx"": 1, ""5xx"": 0}"
2026-04-09T10:19:00Z,API-0191,mobile-app,prod,,,/app/v1/session,1187,0.004,414.6,"{""2xx"": 1170, ""4xx"": 12, ""5xx"": 5}"
2026-04-09T10:19:00Z,API-0192,net-banking,prod,,,/web/v1/session,822,0.0045,378.4,"{""2xx"": 810, ""4xx"": 8, ""5xx"": 4}"
2026-04-09T10:19:00Z,API-0193,api-gateway,prod,,,/gw/v1/route,2631,0.0031,178.5,"{""2xx"": 2597, ""4xx"": 26, ""5xx"": 8}"
2026-04-09T10:19:00Z,API-0194,auth-service,prod,,,/auth/v1/login,892,0.0021,119.9,"{""2xx"": 881, ""4xx"": 9, ""5xx"": 2}"
2026-04-09T10:19:00Z,API-0195,payments-service,prod,,,/payments/v1/payments,657,0.0053,249.5,"{""2xx"": 647, ""4xx"": 7, ""5xx"": 3}"
2026-04-09T10:19:00Z,API-0196,accounts-service,prod,,,/accounts/v1/balance,1095,0.0035,151.8,"{""2xx"": 1080, ""4xx"": 11, ""5xx"": 4}"
2026-04-09T10:19:00Z,API-0197,notification-service,prod,,,/notify/v1/send,511,0.0023,88.4,"{""2xx"": 505, ""4xx"": 5, ""5xx"": 1}"
2026-04-09T10:19:00Z,API-0198,payment-network-gateway,prod,,,/routes/card,175,0.0046,343.1,"{""2xx"": 172, ""4xx"": 2, ""5xx"": 1}"
2026-04-09T10:19:00Z,API-0199,payment-network-gateway,prod,,,/routes/upi,221,0.0041,289.4,"{""2xx"": 218, ""4xx"": 2, ""5xx"": 1}"
2026-04-09T10:19:00Z,API-0200,payment-network-gateway,prod,,,/routes/neft,58,0.0041,439.8,"{""2xx"": 57, ""4xx"": 1, ""5xx"": 0}"
2026-04-09T10:20:00Z,API-0201,mobile-app,prod,,,/app/v1/session,1240,0.0049,412.1,"{""2xx"": 1222, ""4xx"": 12, ""5xx"": 6}"
2026-04-09T10:20:00Z,API-0202,net-banking,prod,,,/web/v1/session,820,0.0047,390.2,"{""2xx"": 808, ""4xx"": 8, ""5xx"": 4}"
2026-04-09T10:20:00Z,API-0203,api-gateway,prod,,,/gw/v1/route,2506,0.0037,173.0,"{""2xx"": 2472, ""4xx"": 25, ""5xx"": 9}"
2026-04-09T10:20:00Z,API-0204,auth-service,prod,,,/auth/v1/login,916,0.0025,115.9,"{""2xx"": 905, ""4xx"": 9, ""5xx"": 2}"
2026-04-09T10:20:00Z,API-0205,payments-service,prod,,,/payments/v1/payments,660,0.0053,269.5,"{""2xx"": 650, ""4xx"": 7, ""5xx"": 3}"
2026-04-09T10:20:00Z,API-0206,accounts-service,prod,,,/accounts/v1/balance,1118,0.0031,148.1,"{""2xx"": 1104, ""4xx"": 11, ""5xx"": 3}"
2026-04-09T10:20:00Z,API-0207,notification-service,prod,,,/notify/v1/send,498,0.0023,90.8,"{""2xx"": 492, ""4xx"": 5, ""5xx"": 1}"
2026-04-09T10:20:00Z,API-0208,payment-network-gateway,prod,,,/routes/card,180,0.0047,326.8,"{""2xx"": 177, ""4xx"": 2, ""5xx"": 1}"
2026-04-09T10:20:00Z,API-0209,payment-network-gateway,prod,,,/routes/upi,225,0.0035,314.5,"{""2xx"": 222, ""4xx"": 2, ""5xx"": 1}"
2026-04-09T10:20:00Z,API-0210,payment-network-gateway,prod,,,/routes/neft,59,0.0036,432.6,"{""2xx"": 58, ""4xx"": 1, ""5xx"": 0}"
2026-04-09T10:21:00Z,API-0211,mobile-app,prod,,,/app/v1/session,1178,0.0043,420.9,"{""2xx"": 1161, ""4xx"": 12, ""5xx"": 5}"
2026-04-09T10:21:00Z,API-0212,net-banking,prod,,,/web/v1/session,814,0.005,380.5,"{""2xx"": 802, ""4xx"": 8, ""5xx"": 4}"
2026-04-09T10:21:00Z,API-0213,api-gateway,prod,,,/gw/v1/route,2642,0.0035,176.8,"{""2xx"": 2607, ""4xx"": 26, ""5xx"": 9}"
2026-04-09T10:21:00Z,API-0214,auth-service,prod,,,/auth/v1/login,922,0.0021,116.7,"{""2xx"": 911, ""4xx"": 9, ""5xx"": 2}"
2026-04-09T10:21:00Z,API-0215,payments-service,prod,,,/payments/v1/payments,658,0.0056,268.7,"{""2xx"": 647, ""4xx"": 7, ""5xx"": 4}"
2026-04-09T10:21:00Z,API-0216,accounts-service,prod,,,/accounts/v1/balance,1146,0.0033,153.3,"{""2xx"": 1131, ""4xx"": 11, ""5xx"": 4}"
2026-04-09T10:21:00Z,API-0217,notification-service,prod,,,/notify/v1/send,501,0.0024,87.1,"{""2xx"": 495, ""4xx"": 5, ""5xx"": 1}"
2026-04-09T10:21:00Z,API-0218,payment-network-gateway,prod,,,/routes/card,188,0.0034,323.9,"{""2xx"": 185, ""4xx"": 2, ""5xx"": 1}"
2026-04-09T10:21:00Z,API-0219,payment-network-gateway,prod,,,/routes/upi,225,0.0038,287.9,"{""2xx"": 222, ""4xx"": 2, ""5xx"": 1}"
2026-04-09T10:21:00Z,API-0220,payment-network-gateway,prod,,,/routes/neft,61,0.0035,455.6,"{""2xx"": 60, ""4xx"": 1, ""5xx"": 0}"
2026-04-09T10:22:00Z,API-0221,mobile-app,prod,,,/app/v1/session,1232,0.0047,431.7,"{""2xx"": 1214, ""4xx"": 12, ""5xx"": 6}"
2026-04-09T10:22:00Z,API-0222,net-banking,prod,,,/web/v1/session,785,0.0047,369.1,"{""2xx"": 773, ""4xx"": 8, ""5xx"": 4}"
2026-04-09T10:22:00Z,API-0223,api-gateway,prod,,,/gw/v1/route,2483,0.0034,175.7,"{""2xx"": 2450, ""4xx"": 25, ""5xx"": 8}"
2026-04-09T10:22:00Z,API-0224,auth-service,prod,,,/auth/v1/login,874,0.0023,122.3,"{""2xx"": 863, ""4xx"": 9, ""5xx"": 2}"
2026-04-09T10:22:00Z,API-0225,payments-service,prod,,,/payments/v1/payments,631,0.0044,255.4,"{""2xx"": 622, ""4xx"": 6, ""5xx"": 3}"
2026-04-09T10:22:00Z,API-0226,accounts-service,prod,,,/accounts/v1/balance,1134,0.0024,148.6,"{""2xx"": 1120, ""4xx"": 11, ""5xx"": 3}"
2026-04-09T10:22:00Z,API-0227,notification-service,prod,,,/notify/v1/send,507,0.0015,93.7,"{""2xx"": 501, ""4xx"": 5, ""5xx"": 1}"
2026-04-09T10:22:00Z,API-0228,payment-network-gateway,prod,,,/routes/card,172,0.0035,323.8,"{""2xx"": 169, ""4xx"": 2, ""5xx"": 1}"
2026-04-09T10:22:00Z,API-0229,payment-network-gateway,prod,,,/routes/upi,225,0.0034,310.1,"{""2xx"": 222, ""4xx"": 2, ""5xx"": 1}"
2026-04-09T10:22:00Z,API-0230,payment-network-gateway,prod,,,/routes/neft,61,0.0038,440.1,"{""2xx"": 60, ""4xx"": 1, ""5xx"": 0}"
2026-04-09T10:23:00Z,API-0231,mobile-app,prod,,,/app/v1/session,1159,0.0034,410.2,"{""2xx"": 1143, ""4xx"": 12, ""5xx"": 4}"
2026-04-09T10:23:00Z,API-0232,net-banking,prod,,,/web/v1/session,768,0.0031,381.6,"{""2xx"": 758, ""4xx"": 8, ""5xx"": 2}"
2026-04-09T10:23:00Z,API-0233,api-gateway,prod,,,/gw/v1/route,2572,0.0034,180.7,"{""2xx"": 2537, ""4xx"": 26, ""5xx"": 9}"
2026-04-09T10:23:00Z,API-0234,auth-service,prod,,,/auth/v1/login,938,0.0017,118.3,"{""2xx"": 927, ""4xx"": 9, ""5xx"": 2}"
2026-04-09T10:23:00Z,API-0235,payments-service,prod,,,/payments/v1/payments,647,0.005,252.9,"{""2xx"": 638, ""4xx"": 6, ""5xx"": 3}"
2026-04-09T10:23:00Z,API-0236,accounts-service,prod,,,/accounts/v1/balance,1139,0.003,147.1,"{""2xx"": 1125, ""4xx"": 11, ""5xx"": 3}"
2026-04-09T10:23:00Z,API-0237,notification-service,prod,,,/notify/v1/send,476,0.002,88.4,"{""2xx"": 470, ""4xx"": 5, ""5xx"": 1}"
2026-04-09T10:23:00Z,API-0238,payment-network-gateway,prod,,,/routes/card,175,0.0048,335.0,"{""2xx"": 172, ""4xx"": 2, ""5xx"": 1}"
2026-04-09T10:23:00Z,API-0239,payment-network-gateway,prod,,,/routes/upi,229,0.005,294.3,"{""2xx"": 226, ""4xx"": 2, ""5xx"": 1}"
2026-04-09T10:23:00Z,API-0240,payment-network-gateway,prod,,,/routes/neft,63,0.0049,451.4,"{""2xx"": 62, ""4xx"": 1, ""5xx"": 0}"
2026-04-09T10:24:00Z,API-0241,mobile-app,prod,,,/app/v1/session,1200,0.0043,430.5,"{""2xx"": 1183, ""4xx"": 12, ""5xx"": 5}"
2026-04-09T10:24:00Z,API-0242,net-banking,prod,,,/web/v1/session,826,0.0045,362.5,"{""2xx"": 814, ""4xx"": 8, ""5xx"": 4}"
2026-04-09T10:24:00Z,API-0243,api-gateway,prod,,,/gw/v1/route,2538,0.0034,185.2,"{""2xx"": 2504, ""4xx"": 25, ""5xx"": 9}"
2026-04-09T10:24:00Z,API-0244,auth-service,prod,,,/auth/v1/login,943,0.0015,121.9,"{""2xx"": 933, ""4xx"": 9, ""5xx"": 1}"
2026-04-09T10:24:00Z,API-0245,payments-service,prod,,,/payments/v1/payments,621,0.0053,247.9,"{""2xx"": 612, ""4xx"": 6, ""5xx"": 3}"
2026-04-09T10:24:00Z,API-0246,accounts-service,prod,,,/accounts/v1/balance,1097,0.0023,148.5,"{""2xx"": 1083, ""4xx"": 11, ""5xx"": 3}"
2026-04-09T10:24:00Z,API-0247,notification-service,prod,,,/notify/v1/send,503,0.002,85.5,"{""2xx"": 497, ""4xx"": 5, ""5xx"": 1}"
2026-04-09T10:24:00Z,API-0248,payment-network-gateway,prod,,,/routes/card,186,0.0049,331.7,"{""2xx"": 183, ""4xx"": 2, ""5xx"": 1}"
2026-04-09T10:24:00Z,API-0249,payment-network-gateway,prod,,,/routes/upi,226,0.0032,295.0,"{""2xx"": 223, ""4xx"": 2, ""5xx"": 1}"
2026-04-09T10:24:00Z,API-0250,payment-network-gateway,prod,,,/routes/neft,57,0.0033,431.8,"{""2xx"": 56, ""4xx"": 1, ""5xx"": 0}"
2026-04-09T10:25:00Z,API-0251,mobile-app,prod,,,/app/v1/session,1187,0.0043,418.5,"{""2xx"": 1170, ""4xx"": 12, ""5xx"": 5}"
2026-04-09T10:25:00Z,API-0252,net-banking,prod,,,/web/v1/session,826,0.0041,392.0,"{""2xx"": 815, ""4xx"": 8, ""5xx"": 3}"
2026-04-09T10:25:00Z,API-0253,api-gateway,prod,,,/gw/v1/route,2627,0.0023,188.8,"{""2xx"": 2595, ""4xx"": 26, ""5xx"": 6}"
2026-04-09T10:25:00Z,API-0254,auth-service,prod,,,/auth/v1/login,875,0.002,119.4,"{""2xx"": 864, ""4xx"": 9, ""5xx"": 2}"
2026-04-09T10:25:00Z,API-0255,payments-service,prod,,,/payments/v1/payments,607,0.0056,262.1,"{""2xx"": 598, ""4xx"": 6, ""5xx"": 3}"
2026-04-09T10:25:00Z,API-0256,accounts-service,prod,,,/accounts/v1/balance,1077,0.0035,153.6,"{""2xx"": 1062, ""4xx"": 11, ""5xx"": 4}"
2026-04-09T10:25:00Z,API-0257,notification-service,prod,,,/notify/v1/send,522,0.0022,90.1,"{""2xx"": 516, ""4xx"": 5, ""5xx"": 1}"
2026-04-09T10:25:00Z,API-0258,payment-network-gateway,prod,,,/routes/card,182,0.0039,335.2,"{""2xx"": 179, ""4xx"": 2, ""5xx"": 1}"
2026-04-09T10:25:00Z,API-0259,payment-network-gateway,prod,,,/routes/upi,225,0.0037,285.9,"{""2xx"": 222, ""4xx"": 2, ""5xx"": 1}"
2026-04-09T10:25:00Z,API-0260,payment-network-gateway,prod,,,/routes/neft,59,0.0043,429.6,"{""2xx"": 58, ""4xx"": 1, ""5xx"": 0}"
2026-04-09T10:26:00Z,API-0261,mobile-app,prod,,,/app/v1/session,1259,0.0041,400.5,"{""2xx"": 1241, ""4xx"": 13, ""5xx"": 5}"
2026-04-09T10:26:00Z,API-0262,net-banking,prod,,,/web/v1/session,762,0.0048,378.8,"{""2xx"": 750, ""4xx"": 8, ""5xx"": 4}"
2026-04-09T10:26:00Z,API-0263,api-gateway,prod,,,/gw/v1/route,2523,0.0032,184.4,"{""2xx"": 2490, ""4xx"": 25, ""5xx"": 8}"
2026-04-09T10:26:00Z,API-0264,auth-service,prod,,,/auth/v1/login,925,0.0023,117.2,"{""2xx"": 914, ""4xx"": 9, ""5xx"": 2}"
2026-04-09T10:26:00Z,API-0265,payments-service,prod,,,/payments/v1/payments,647,0.0062,260.0,"{""2xx"": 637, ""4xx"": 6, ""5xx"": 4}"
2026-04-09T10:26:00Z,API-0266,accounts-service,prod,,,/accounts/v1/balance,1135,0.0034,145.8,"{""2xx"": 1120, ""4xx"": 11, ""5xx"": 4}"
2026-04-09T10:26:00Z,API-0267,notification-service,prod,,,/notify/v1/send,478,0.0018,91.5,"{""2xx"": 472, ""4xx"": 5, ""5xx"": 1}"
2026-04-09T10:26:00Z,API-0268,payment-network-gateway,prod,,,/routes/card,175,0.0042,345.7,"{""2xx"": 172, ""4xx"": 2, ""5xx"": 1}"
2026-04-09T10:26:00Z,API-0269,payment-network-gateway,prod,,,/routes/upi,228,0.0044,305.6,"{""2xx"": 225, ""4xx"": 2, ""5xx"": 1}"
2026-04-09T10:26:00Z,API-0270,payment-network-gateway,prod,,,/routes/neft,63,0.0037,442.2,"{""2xx"": 62, ""4xx"": 1, ""5xx"": 0}"
2026-04-09T10:27:00Z,API-0271,mobile-app,prod,,,/app/v1/session,1257,0.004,432.2,"{""2xx"": 1239, ""4xx"": 13, ""5xx"": 5}"
2026-04-09T10:27:00Z,API-0272,net-banking,prod,,,/web/v1/session,796,0.0031,381.6,"{""2xx"": 786, ""4xx"": 8, ""5xx"": 2}"
2026-04-09T10:27:00Z,API-0273,api-gateway,prod,,,/gw/v1/route,2562,0.0034,182.9,"{""2xx"": 2527, ""4xx"": 26, ""5xx"": 9}"
2026-04-09T10:27:00Z,API-0274,auth-service,prod,,,/auth/v1/login,904,0.0021,114.9,"{""2xx"": 893, ""4xx"": 9, ""5xx"": 2}"
2026-04-09T10:27:00Z,API-0275,payments-service,prod,,,/payments/v1/payments,636,0.0049,247.3,"{""2xx"": 627, ""4xx"": 6, ""5xx"": 3}"
2026-04-09T10:27:00Z,API-0276,accounts-service,prod,,,/accounts/v1/balance,1124,0.0028,147.7,"{""2xx"": 1110, ""4xx"": 11, ""5xx"": 3}"
2026-04-09T10:27:00Z,API-0277,notification-service,prod,,,/notify/v1/send,514,0.0021,85.8,"{""2xx"": 508, ""4xx"": 5, ""5xx"": 1}"
2026-04-09T10:27:00Z,API-0278,payment-network-gateway,prod,,,/routes/card,174,0.0038,350.6,"{""2xx"": 171, ""4xx"": 2, ""5xx"": 1}"
2026-04-09T10:27:00Z,API-0279,payment-network-gateway,prod,,,/routes/upi,224,0.003,290.5,"{""2xx"": 221, ""4xx"": 2, ""5xx"": 1}"
2026-04-09T10:27:00Z,API-0280,payment-network-gateway,prod,,,/routes/neft,62,0.0039,456.2,"{""2xx"": 61, ""4xx"": 1, ""5xx"": 0}"
2026-04-09T10:28:00Z,API-0281,mobile-app,prod,,,/app/v1/session,1215,0.0038,403.5,"{""2xx"": 1198, ""4xx"": 12, ""5xx"": 5}"
2026-04-09T10:28:00Z,API-0282,net-banking,prod,,,/web/v1/session,780,0.0046,374.2,"{""2xx"": 768, ""4xx"": 8, ""5xx"": 4}"
2026-04-09T10:28:00Z,API-0283,api-gateway,prod,,,/gw/v1/route,2577,0.0033,177.5,"{""2xx"": 2542, ""4xx"": 26, ""5xx"": 9}"
2026-04-09T10:28:00Z,API-0284,auth-service,prod,,,/auth/v1/login,940,0.0025,119.3,"{""2xx"": 929, ""4xx"": 9, ""5xx"": 2}"
2026-04-09T10:28:00Z,API-0285,payments-service,prod,,,/payments/v1/payments,614,0.0054,257.5,"{""2xx"": 605, ""4xx"": 6, ""5xx"": 3}"
2026-04-09T10:28:00Z,API-0286,accounts-service,prod,,,/accounts/v1/balance,1139,0.0035,143.0,"{""2xx"": 1124, ""4xx"": 11, ""5xx"": 4}"
2026-04-09T10:28:00Z,API-0287,notification-service,prod,,,/notify/v1/send,510,0.0018,91.8,"{""2xx"": 504, ""4xx"": 5, ""5xx"": 1}"
2026-04-09T10:28:00Z,API-0288,payment-network-gateway,prod,,,/routes/card,184,0.0048,333.1,"{""2xx"": 181, ""4xx"": 2, ""5xx"": 1}"
2026-04-09T10:28:00Z,API-0289,payment-network-gateway,prod,,,/routes/upi,216,0.0032,297.3,"{""2xx"": 213, ""4xx"": 2, ""5xx"": 1}"
2026-04-09T10:28:00Z,API-0290,payment-network-gateway,prod,,,/routes/neft,60,0.0048,438.0,"{""2xx"": 59, ""4xx"": 1, ""5xx"": 0}"
2026-04-09T10:29:00Z,API-0291,mobile-app,prod,,,/app/v1/session,1206,0.0049,402.4,"{""2xx"": 1188, ""4xx"": 12, ""5xx"": 6}"
2026-04-09T10:29:00Z,API-0292,net-banking,prod,,,/web/v1/session,836,0.0042,398.5,"{""2xx"": 824, ""4xx"": 8, ""5xx"": 4}"
2026-04-09T10:29:00Z,API-0293,api-gateway,prod,,,/gw/v1/route,2577,0.0028,173.0,"{""2xx"": 2544, ""4xx"": 26, ""5xx"": 7}"
2026-04-09T10:29:00Z,API-0294,auth-service,prod,,,/auth/v1/login,928,0.0025,114.5,"{""2xx"": 917, ""4xx"": 9, ""5xx"": 2}"
2026-04-09T10:29:00Z,API-0295,payments-service,prod,,,/payments/v1/payments,634,0.0054,269.2,"{""2xx"": 625, ""4xx"": 6, ""5xx"": 3}"
2026-04-09T10:29:00Z,API-0296,accounts-service,prod,,,/accounts/v1/balance,1058,0.0025,154.9,"{""2xx"": 1044, ""4xx"": 11, ""5xx"": 3}"
2026-04-09T10:29:00Z,API-0297,notification-service,prod,,,/notify/v1/send,516,0.0022,94.2,"{""2xx"": 510, ""4xx"": 5, ""5xx"": 1}"
2026-04-09T10:29:00Z,API-0298,payment-network-gateway,prod,,,/routes/card,173,0.0036,335.0,"{""2xx"": 170, ""4xx"": 2, ""5xx"": 1}"
2026-04-09T10:29:00Z,API-0299,payment-network-gateway,prod,,,/routes/upi,216,0.0032,305.4,"{""2xx"": 213, ""4xx"": 2, ""5xx"": 1}"
2026-04-09T10:29:00Z,API-0300,payment-network-gateway,prod,,,/routes/neft,62,0.0043,470.1,"{""2xx"": 61, ""4xx"": 1, ""5xx"": 0}"
2026-04-09T10:30:00Z,API-0301,mobile-app,prod,,,/app/v1/session,1249,0.0035,419.3,"{""2xx"": 1233, ""4xx"": 12, ""5xx"": 4}"
2026-04-09T10:30:00Z,API-0302,net-banking,prod,,,/web/v1/session,796,0.0036,373.7,"{""2xx"": 785, ""4xx"": 8, ""5xx"": 3}"
2026-04-09T10:30:00Z,API-0303,api-gateway,prod,,,/gw/v1/route,2537,0.0033,171.5,"{""2xx"": 2504, ""4xx"": 25, ""5xx"": 8}"
2026-04-09T10:30:00Z,API-0304,auth-service,prod,,,/auth/v1/login,860,0.0023,119.9,"{""2xx"": 849, ""4xx"": 9, ""5xx"": 2}"
2026-04-09T10:30:00Z,API-0305,payments-service,prod,,,/payments/v1/payments,604,0.006,249.6,"{""2xx"": 594, ""4xx"": 6, ""5xx"": 4}"
2026-04-09T10:30:00Z,API-0306,accounts-service,prod,,,/accounts/v1/balance,1137,0.0029,151.6,"{""2xx"": 1123, ""4xx"": 11, ""5xx"": 3}"
2026-04-09T10:30:00Z,API-0307,notification-service,prod,,,/notify/v1/send,505,0.0018,87.3,"{""2xx"": 499, ""4xx"": 5, ""5xx"": 1}"
2026-04-09T10:30:00Z,API-0308,payment-network-gateway,prod,,,/routes/card,188,0.0033,349.5,"{""2xx"": 185, ""4xx"": 2, ""5xx"": 1}"
2026-04-09T10:30:00Z,API-0309,payment-network-gateway,prod,,,/routes/upi,216,0.0031,297.6,"{""2xx"": 213, ""4xx"": 2, ""5xx"": 1}"
2026-04-09T10:30:00Z,API-0310,payment-network-gateway,prod,,,/routes/neft,57,0.0041,460.9,"{""2xx"": 56, ""4xx"": 1, ""5xx"": 0}"
2026-04-09T10:31:00Z,API-0311,mobile-app,prod,,,/app/v1/session,1177,0.0046,433.9,"{""2xx"": 1160, ""4xx"": 12, ""5xx"": 5}"
2026-04-09T10:31:00Z,API-0312,net-banking,prod,,,/web/v1/session,810,0.0036,383.9,"{""2xx"": 799, ""4xx"": 8, ""5xx"": 3}"
2026-04-09T10:31:00Z,API-0313,api-gateway,prod,,,/gw/v1/route,2677,0.0032,171.9,"{""2xx"": 2641, ""4xx"": 27, ""5xx"": 9}"
2026-04-09T10:31:00Z,API-0314,auth-service,prod,,,/auth/v1/login,881,0.0024,122.0,"{""2xx"": 870, ""4xx"": 9, ""5xx"": 2}"
2026-04-09T10:31:00Z,API-0315,payments-service,prod,,,/payments/v1/payments,639,0.0055,269.0,"{""2xx"": 629, ""4xx"": 6, ""5xx"": 4}"
2026-04-09T10:31:00Z,API-0316,accounts-service,prod,,,/accounts/v1/balance,1078,0.0023,156.9,"{""2xx"": 1065, ""4xx"": 11, ""5xx"": 2}"
2026-04-09T10:31:00Z,API-0317,notification-service,prod,,,/notify/v1/send,483,0.0017,93.3,"{""2xx"": 477, ""4xx"": 5, ""5xx"": 1}"
2026-04-09T10:31:00Z,API-0318,payment-network-gateway,prod,,,/routes/card,181,0.0033,335.5,"{""2xx"": 178, ""4xx"": 2, ""5xx"": 1}"
2026-04-09T10:31:00Z,API-0319,payment-network-gateway,prod,,,/routes/upi,225,0.0032,285.4,"{""2xx"": 222, ""4xx"": 2, ""5xx"": 1}"
2026-04-09T10:31:00Z,API-0320,payment-network-gateway,prod,,,/routes/neft,57,0.0044,428.5,"{""2xx"": 56, ""4xx"": 1, ""5xx"": 0}"
2026-04-09T10:32:00Z,API-0321,mobile-app,prod,,,/app/v1/session,1242,0.0049,439.1,"{""2xx"": 1224, ""4xx"": 12, ""5xx"": 6}"
2026-04-09T10:32:00Z,API-0322,net-banking,prod,,,/web/v1/session,794,0.0032,373.9,"{""2xx"": 783, ""4xx"": 8, ""5xx"": 3}"
2026-04-09T10:32:00Z,API-0323,api-gateway,prod,,,/gw/v1/route,2541,0.0027,176.5,"{""2xx"": 2509, ""4xx"": 25, ""5xx"": 7}"
2026-04-09T10:32:00Z,API-0324,auth-service,prod,,,/auth/v1/login,909,0.002,119.0,"{""2xx"": 898, ""4xx"": 9, ""5xx"": 2}"
2026-04-09T10:32:00Z,API-0325,payments-service,prod,,,/payments/v1/payments,651,0.004,258.5,"{""2xx"": 641, ""4xx"": 7, ""5xx"": 3}"
2026-04-09T10:32:00Z,API-0326,accounts-service,prod,,,/accounts/v1/balance,1060,0.0033,155.5,"{""2xx"": 1046, ""4xx"": 11, ""5xx"": 3}"
2026-04-09T10:32:00Z,API-0327,notification-service,prod,,,/notify/v1/send,515,0.0021,87.2,"{""2xx"": 509, ""4xx"": 5, ""5xx"": 1}"
2026-04-09T10:32:00Z,API-0328,payment-network-gateway,prod,,,/routes/card,180,0.0034,345.5,"{""2xx"": 177, ""4xx"": 2, ""5xx"": 1}"
2026-04-09T10:32:00Z,API-0329,payment-network-gateway,prod,,,/routes/upi,212,0.0046,293.2,"{""2xx"": 209, ""4xx"": 2, ""5xx"": 1}"
2026-04-09T10:32:00Z,API-0330,payment-network-gateway,prod,,,/routes/neft,60,0.0049,429.4,"{""2xx"": 59, ""4xx"": 1, ""5xx"": 0}"
2026-04-09T10:33:00Z,API-0331,mobile-app,prod,,,/app/v1/session,1216,0.0041,423.7,"{""2xx"": 1199, ""4xx"": 12, ""5xx"": 5}"
2026-04-09T10:33:00Z,API-0332,net-banking,prod,,,/web/v1/session,815,0.0039,364.4,"{""2xx"": 804, ""4xx"": 8, ""5xx"": 3}"
2026-04-09T10:33:00Z,API-0333,api-gateway,prod,,,/gw/v1/route,2682,0.0033,178.8,"{""2xx"": 2646, ""4xx"": 27, ""5xx"": 9}"
2026-04-09T10:33:00Z,API-0334,auth-service,prod,,,/auth/v1/login,919,0.0018,122.7,"{""2xx"": 908, ""4xx"": 9, ""5xx"": 2}"
2026-04-09T10:33:00Z,API-0335,payments-service,prod,,,/payments/v1/payments,641,0.005,251.6,"{""2xx"": 632, ""4xx"": 6, ""5xx"": 3}"
2026-04-09T10:33:00Z,API-0336,accounts-service,prod,,,/accounts/v1/balance,1079,0.0029,142.9,"{""2xx"": 1065, ""4xx"": 11, ""5xx"": 3}"
2026-04-09T10:33:00Z,API-0337,notification-service,prod,,,/notify/v1/send,510,0.0022,93.0,"{""2xx"": 504, ""4xx"": 5, ""5xx"": 1}"
2026-04-09T10:33:00Z,API-0338,payment-network-gateway,prod,,,/routes/card,172,0.0041,346.5,"{""2xx"": 169, ""4xx"": 2, ""5xx"": 1}"
2026-04-09T10:33:00Z,API-0339,payment-network-gateway,prod,,,/routes/upi,217,0.0046,303.1,"{""2xx"": 214, ""4xx"": 2, ""5xx"": 1}"
2026-04-09T10:33:00Z,API-0340,payment-network-gateway,prod,,,/routes/neft,60,0.003,463.3,"{""2xx"": 59, ""4xx"": 1, ""5xx"": 0}"
2026-04-09T10:34:00Z,API-0341,mobile-app,prod,,,/app/v1/session,1245,0.004,412.4,"{""2xx"": 1228, ""4xx"": 12, ""5xx"": 5}"
2026-04-09T10:34:00Z,API-0342,net-banking,prod,,,/web/v1/session,781,0.0034,395.5,"{""2xx"": 770, ""4xx"": 8, ""5xx"": 3}"
2026-04-09T10:34:00Z,API-0343,api-gateway,prod,,,/gw/v1/route,2556,0.0033,184.8,"{""2xx"": 2522, ""4xx"": 26, ""5xx"": 8}"
2026-04-09T10:34:00Z,API-0344,auth-service,prod,,,/auth/v1/login,945,0.0016,122.9,"{""2xx"": 934, ""4xx"": 9, ""5xx"": 2}"
2026-04-09T10:34:00Z,API-0345,payments-service,prod,,,/payments/v1/payments,639,0.0041,268.3,"{""2xx"": 630, ""4xx"": 6, ""5xx"": 3}"
2026-04-09T10:34:00Z,API-0346,accounts-service,prod,,,/accounts/v1/balance,1071,0.0026,142.7,"{""2xx"": 1057, ""4xx"": 11, ""5xx"": 3}"
2026-04-09T10:34:00Z,API-0347,notification-service,prod,,,/notify/v1/send,491,0.0024,89.9,"{""2xx"": 485, ""4xx"": 5, ""5xx"": 1}"
2026-04-09T10:34:00Z,API-0348,payment-network-gateway,prod,,,/routes/card,182,0.0037,356.3,"{""2xx"": 179, ""4xx"": 2, ""5xx"": 1}"
2026-04-09T10:34:00Z,API-0349,payment-network-gateway,prod,,,/routes/upi,217,0.0047,311.1,"{""2xx"": 214, ""4xx"": 2, ""5xx"": 1}"
2026-04-09T10:34:00Z,API-0350,payment-network-gateway,prod,,,/routes/neft,57,0.0043,456.4,"{""2xx"": 56, ""4xx"": 1, ""5xx"": 0}"
2026-04-09T10:35:00Z,API-0351,mobile-app,prod,,,/app/v1/session,1258,0.0036,431.7,"{""2xx"": 1240, ""4xx"": 13, ""5xx"": 5}"
2026-04-09T10:35:00Z,API-0352,net-banking,prod,,,/web/v1/session,835,0.0039,361.7,"{""2xx"": 824, ""4xx"": 8, ""5xx"": 3}"
2026-04-09T10:35:00Z,API-0353,api-gateway,prod,,,/gw/v1/route,2504,0.0029,178.1,"{""2xx"": 2472, ""4xx"": 25, ""5xx"": 7}"
2026-04-09T10:35:00Z,API-0354,auth-service,prod,,,/auth/v1/login,855,0.0022,122.9,"{""2xx"": 844, ""4xx"": 9, ""5xx"": 2}"
2026-04-09T10:35:00Z,API-0355,payments-service,prod,,,/payments/v1/payments,659,0.006,268.9,"{""2xx"": 648, ""4xx"": 7, ""5xx"": 4}"
2026-04-09T10:35:00Z,API-0356,accounts-service,prod,,,/accounts/v1/balance,1066,0.0026,144.5,"{""2xx"": 1052, ""4xx"": 11, ""5xx"": 3}"
2026-04-09T10:35:00Z,API-0357,notification-service,prod,,,/notify/v1/send,508,0.002,89.0,"{""2xx"": 502, ""4xx"": 5, ""5xx"": 1}"
2026-04-09T10:35:00Z,API-0358,payment-network-gateway,prod,,,/routes/card,175,0.0035,323.8,"{""2xx"": 172, ""4xx"": 2, ""5xx"": 1}"
2026-04-09T10:35:00Z,API-0359,payment-network-gateway,prod,,,/routes/upi,222,0.004,304.0,"{""2xx"": 219, ""4xx"": 2, ""5xx"": 1}"
2026-04-09T10:35:00Z,API-0360,payment-network-gateway,prod,,,/routes/neft,58,0.0034,470.1,"{""2xx"": 57, ""4xx"": 1, ""5xx"": 0}"
2026-04-09T10:36:00Z,API-0361,mobile-app,prod,,,/app/v1/session,1255,0.0041,436.8,"{""2xx"": 1237, ""4xx"": 13, ""5xx"": 5}"
2026-04-09T10:36:00Z,API-0362,net-banking,prod,,,/web/v1/session,794,0.0032,398.1,"{""2xx"": 783, ""4xx"": 8, ""5xx"": 3}"
2026-04-09T10:36:00Z,API-0363,api-gateway,prod,,,/gw/v1/route,2517,0.0027,171.2,"{""2xx"": 2485, ""4xx"": 25, ""5xx"": 7}"
2026-04-09T10:36:00Z,API-0364,auth-service,prod,,,/auth/v1/login,874,0.0022,125.5,"{""2xx"": 863, ""4xx"": 9, ""5xx"": 2}"
2026-04-09T10:36:00Z,API-0365,payments-service,prod,,,/payments/v1/payments,613,0.0045,270.1,"{""2xx"": 604, ""4xx"": 6, ""5xx"": 3}"
2026-04-09T10:36:00Z,API-0366,accounts-service,prod,,,/accounts/v1/balance,1151,0.0025,145.8,"{""2xx"": 1136, ""4xx"": 12, ""5xx"": 3}"
2026-04-09T10:36:00Z,API-0367,notification-service,prod,,,/notify/v1/send,495,0.0024,89.2,"{""2xx"": 489, ""4xx"": 5, ""5xx"": 1}"
2026-04-09T10:36:00Z,API-0368,payment-network-gateway,prod,,,/routes/card,183,0.0042,330.5,"{""2xx"": 180, ""4xx"": 2, ""5xx"": 1}"
2026-04-09T10:36:00Z,API-0369,payment-network-gateway,prod,,,/routes/upi,213,0.0045,301.9,"{""2xx"": 210, ""4xx"": 2, ""5xx"": 1}"
2026-04-09T10:36:00Z,API-0370,payment-network-gateway,prod,,,/routes/neft,62,0.0035,471.3,"{""2xx"": 61, ""4xx"": 1, ""5xx"": 0}"
2026-04-09T10:37:00Z,API-0371,mobile-app,prod,,,/app/v1/session,1207,0.0039,419.8,"{""2xx"": 1190, ""4xx"": 12, ""5xx"": 5}"
2026-04-09T10:37:00Z,API-0372,net-banking,prod,,,/web/v1/session,787,0.0044,375.5,"{""2xx"": 776, ""4xx"": 8, ""5xx"": 3}"
2026-04-09T10:37:00Z,API-0373,api-gateway,prod,,,/gw/v1/route,2540,0.0035,176.1,"{""2xx"": 2506, ""4xx"": 25, ""5xx"": 9}"
2026-04-09T10:37:00Z,API-0374,auth-service,prod,,,/auth/v1/login,880,0.002,125.6,"{""2xx"": 869, ""4xx"": 9, ""5xx"": 2}"
2026-04-09T10:37:00Z,API-0375,payments-service,prod,,,/payments/v1/payments,623,0.0049,263.4,"{""2xx"": 614, ""4xx"": 6, ""5xx"": 3}"
2026-04-09T10:37:00Z,API-0376,accounts-service,prod,,,/accounts/v1/balance,1046,0.0032,150.8,"{""2xx"": 1033, ""4xx"": 10, ""5xx"": 3}"
2026-04-09T10:37:00Z,API-0377,notification-service,prod,,,/notify/v1/send,508,0.0025,90.9,"{""2xx"": 502, ""4xx"": 5, ""5xx"": 1}"
2026-04-09T10:37:00Z,API-0378,payment-network-gateway,prod,,,/routes/card,171,0.0034,349.4,"{""2xx"": 168, ""4xx"": 2, ""5xx"": 1}"
2026-04-09T10:37:00Z,API-0379,payment-network-gateway,prod,,,/routes/upi,209,0.0047,311.4,"{""2xx"": 206, ""4xx"": 2, ""5xx"": 1}"
2026-04-09T10:37:00Z,API-0380,payment-network-gateway,prod,,,/routes/neft,61,0.0035,449.2,"{""2xx"": 60, ""4xx"": 1, ""5xx"": 0}"
2026-04-09T10:38:00Z,API-0381,mobile-app,prod,,,/app/v1/session,1238,0.0047,439.0,"{""2xx"": 1220, ""4xx"": 12, ""5xx"": 6}"
2026-04-09T10:38:00Z,API-0382,net-banking,prod,,,/web/v1/session,808,0.0039,384.6,"{""2xx"": 797, ""4xx"": 8, ""5xx"": 3}"
2026-04-09T10:38:00Z,API-0383,api-gateway,prod,,,/gw/v1/route,2703,0.0033,177.4,"{""2xx"": 2667, ""4xx"": 27, ""5xx"": 9}"
2026-04-09T10:38:00Z,API-0384,auth-service,prod,,,/auth/v1/login,920,0.0023,118.6,"{""2xx"": 909, ""4xx"": 9, ""5xx"": 2}"
2026-04-09T10:38:00Z,API-0385,payments-service,prod,,,/payments/v1/payments,632,0.0054,262.7,"{""2xx"": 623, ""4xx"": 6, ""5xx"": 3}"
2026-04-09T10:38:00Z,API-0386,accounts-service,prod,,,/accounts/v1/balance,1076,0.0031,146.7,"{""2xx"": 1062, ""4xx"": 11, ""5xx"": 3}"
2026-04-09T10:38:00Z,API-0387,notification-service,prod,,,/notify/v1/send,484,0.0015,92.2,"{""2xx"": 478, ""4xx"": 5, ""5xx"": 1}"
2026-04-09T10:38:00Z,API-0388,payment-network-gateway,prod,,,/routes/card,180,0.0036,337.3,"{""2xx"": 177, ""4xx"": 2, ""5xx"": 1}"
2026-04-09T10:38:00Z,API-0389,payment-network-gateway,prod,,,/routes/upi,219,0.0047,295.0,"{""2xx"": 216, ""4xx"": 2, ""5xx"": 1}"
2026-04-09T10:38:00Z,API-0390,payment-network-gateway,prod,,,/routes/neft,62,0.0032,466.8,"{""2xx"": 61, ""4xx"": 1, ""5xx"": 0}"
2026-04-09T10:39:00Z,API-0391,mobile-app,prod,,,/app/v1/session,1191,0.0047,435.9,"{""2xx"": 1173, ""4xx"": 12, ""5xx"": 6}"
2026-04-09T10:39:00Z,API-0392,net-banking,prod,,,/web/v1/session,807,0.0032,390.5,"{""2xx"": 796, ""4xx"": 8, ""5xx"": 3}"
2026-04-09T10:39:00Z,API-0393,api-gateway,prod,,,/gw/v1/route,2710,0.0026,172.5,"{""2xx"": 2676, ""4xx"": 27, ""5xx"": 7}"
2026-04-09T10:39:00Z,API-0394,auth-service,prod,,,/auth/v1/login,923,0.0024,115.8,"{""2xx"": 912, ""4xx"": 9, ""5xx"": 2}"
2026-04-09T10:39:00Z,API-0395,payments-service,prod,,,/payments/v1/payments,616,0.0057,266.2,"{""2xx"": 606, ""4xx"": 6, ""5xx"": 4}"
2026-04-09T10:39:00Z,API-0396,accounts-service,prod,,,/accounts/v1/balance,1090,0.0033,144.6,"{""2xx"": 1075, ""4xx"": 11, ""5xx"": 4}"
2026-04-09T10:39:00Z,API-0397,notification-service,prod,,,/notify/v1/send,522,0.0023,91.7,"{""2xx"": 516, ""4xx"": 5, ""5xx"": 1}"
2026-04-09T10:39:00Z,API-0398,payment-network-gateway,prod,,,/routes/card,173,0.0039,330.6,"{""2xx"": 170, ""4xx"": 2, ""5xx"": 1}"
2026-04-09T10:39:00Z,API-0399,payment-network-gateway,prod,,,/routes/upi,220,0.0035,313.9,"{""2xx"": 217, ""4xx"": 2, ""5xx"": 1}"
2026-04-09T10:39:00Z,API-0400,payment-network-gateway,prod,,,/routes/neft,62,0.003,447.1,"{""2xx"": 61, ""4xx"": 1, ""5xx"": 0}"
2026-04-09T10:40:00Z,API-0401,mobile-app,prod,,,/app/v1/session,1238,0.0032,410.4,"{""2xx"": 1222, ""4xx"": 12, ""5xx"": 4}"
2026-04-09T10:40:00Z,API-0402,net-banking,prod,,,/web/v1/session,768,0.004,384.0,"{""2xx"": 757, ""4xx"": 8, ""5xx"": 3}"
2026-04-09T10:40:00Z,API-0403,api-gateway,prod,,,/gw/v1/route,2539,0.003,184.0,"{""2xx"": 2506, ""4xx"": 25, ""5xx"": 8}"
2026-04-09T10:40:00Z,API-0404,auth-service,prod,,,/auth/v1/login,896,0.0019,126.0,"{""2xx"": 885, ""4xx"": 9, ""5xx"": 2}"
2026-04-09T10:40:00Z,API-0405,payments-service,prod,,,/payments/v1/payments,626,0.0049,271.3,"{""2xx"": 617, ""4xx"": 6, ""5xx"": 3}"
2026-04-09T10:40:00Z,API-0406,accounts-service,prod,,,/accounts/v1/balance,1056,0.0035,149.5,"{""2xx"": 1041, ""4xx"": 11, ""5xx"": 4}"
2026-04-09T10:40:00Z,API-0407,notification-service,prod,,,/notify/v1/send,480,0.0019,86.7,"{""2xx"": 474, ""4xx"": 5, ""5xx"": 1}"
2026-04-09T10:40:00Z,API-0408,payment-network-gateway,prod,,,/routes/card,182,0.0033,328.5,"{""2xx"": 179, ""4xx"": 2, ""5xx"": 1}"
2026-04-09T10:40:00Z,API-0409,payment-network-gateway,prod,,,/routes/upi,218,0.0048,288.6,"{""2xx"": 215, ""4xx"": 2, ""5xx"": 1}"
2026-04-09T10:40:00Z,API-0410,payment-network-gateway,prod,,,/routes/neft,58,0.0043,467.5,"{""2xx"": 57, ""4xx"": 1, ""5xx"": 0}"
2026-04-09T10:41:00Z,API-0411,mobile-app,prod,,,/app/v1/session,1197,0.0041,405.9,"{""2xx"": 1180, ""4xx"": 12, ""5xx"": 5}"
2026-04-09T10:41:00Z,API-0412,net-banking,prod,,,/web/v1/session,810,0.0037,371.1,"{""2xx"": 799, ""4xx"": 8, ""5xx"": 3}"
2026-04-09T10:41:00Z,API-0413,api-gateway,prod,,,/gw/v1/route,2625,0.0027,183.2,"{""2xx"": 2592, ""4xx"": 26, ""5xx"": 7}"
2026-04-09T10:41:00Z,API-0414,auth-service,prod,,,/auth/v1/login,881,0.002,116.2,"{""2xx"": 870, ""4xx"": 9, ""5xx"": 2}"
2026-04-09T10:41:00Z,API-0415,payments-service,prod,,,/payments/v1/payments,642,0.0051,255.7,"{""2xx"": 633, ""4xx"": 6, ""5xx"": 3}"
2026-04-09T10:41:00Z,API-0416,accounts-service,prod,,,/accounts/v1/balance,1148,0.0023,143.8,"{""2xx"": 1134, ""4xx"": 11, ""5xx"": 3}"
2026-04-09T10:41:00Z,API-0417,notification-service,prod,,,/notify/v1/send,510,0.0018,92.0,"{""2xx"": 504, ""4xx"": 5, ""5xx"": 1}"
2026-04-09T10:41:00Z,API-0418,payment-network-gateway,prod,,,/routes/card,186,0.0036,353.5,"{""2xx"": 183, ""4xx"": 2, ""5xx"": 1}"
2026-04-09T10:41:00Z,API-0419,payment-network-gateway,prod,,,/routes/upi,217,0.005,305.3,"{""2xx"": 214, ""4xx"": 2, ""5xx"": 1}"
2026-04-09T10:41:00Z,API-0420,payment-network-gateway,prod,,,/routes/neft,60,0.0034,460.3,"{""2xx"": 59, ""4xx"": 1, ""5xx"": 0}"
2026-04-09T10:42:00Z,API-0421,mobile-app,prod,,,/app/v1/session,1203,0.0033,439.4,"{""2xx"": 1187, ""4xx"": 12, ""5xx"": 4}"
2026-04-09T10:42:00Z,API-0422,net-banking,prod,,,/web/v1/session,766,0.004,366.0,"{""2xx"": 755, ""4xx"": 8, ""5xx"": 3}"
2026-04-09T10:42:00Z,API-0423,api-gateway,prod,,,/gw/v1/route,2629,0.0031,184.2,"{""2xx"": 2595, ""4xx"": 26, ""5xx"": 8}"
2026-04-09T10:42:00Z,API-0424,auth-service,prod,,,/auth/v1/login,864,0.0021,119.3,"{""2xx"": 853, ""4xx"": 9, ""5xx"": 2}"
2026-04-09T10:42:00Z,API-0425,payments-service,prod,,,/payments/v1/payments,668,0.0062,259.6,"{""2xx"": 657, ""4xx"": 7, ""5xx"": 4}"
2026-04-09T10:42:00Z,API-0426,accounts-service,prod,,,/accounts/v1/balance,1099,0.0032,151.5,"{""2xx"": 1084, ""4xx"": 11, ""5xx"": 4}"
2026-04-09T10:42:00Z,API-0427,notification-service,prod,,,/notify/v1/send,518,0.0021,90.4,"{""2xx"": 512, ""4xx"": 5, ""5xx"": 1}"
2026-04-09T10:42:00Z,API-0428,payment-network-gateway,prod,,,/routes/card,174,0.0035,348.4,"{""2xx"": 171, ""4xx"": 2, ""5xx"": 1}"
2026-04-09T10:42:00Z,API-0429,payment-network-gateway,prod,,,/routes/upi,211,0.0033,303.9,"{""2xx"": 208, ""4xx"": 2, ""5xx"": 1}"
2026-04-09T10:42:00Z,API-0430,payment-network-gateway,prod,,,/routes/neft,61,0.0038,437.5,"{""2xx"": 60, ""4xx"": 1, ""5xx"": 0}"
2026-04-09T10:43:00Z,API-0431,mobile-app,prod,,,/app/v1/session,1207,0.0037,435.4,"{""2xx"": 1191, ""4xx"": 12, ""5xx"": 4}"
2026-04-09T10:43:00Z,API-0432,net-banking,prod,,,/web/v1/session,794,0.0043,387.9,"{""2xx"": 783, ""4xx"": 8, ""5xx"": 3}"
2026-04-09T10:43:00Z,API-0433,api-gateway,prod,,,/gw/v1/route,2569,0.0033,181.4,"{""2xx"": 2535, ""4xx"": 26, ""5xx"": 8}"
2026-04-09T10:43:00Z,API-0434,auth-service,prod,,,/auth/v1/login,857,0.0023,123.8,"{""2xx"": 846, ""4xx"": 9, ""5xx"": 2}"
2026-04-09T10:43:00Z,API-0435,payments-service,prod,,,/payments/v1/payments,662,0.0039,257.3,"{""2xx"": 652, ""4xx"": 7, ""5xx"": 3}"
2026-04-09T10:43:00Z,API-0436,accounts-service,prod,,,/accounts/v1/balance,1054,0.0023,145.4,"{""2xx"": 1041, ""4xx"": 11, ""5xx"": 2}"
2026-04-09T10:43:00Z,API-0437,notification-service,prod,,,/notify/v1/send,487,0.0015,90.0,"{""2xx"": 481, ""4xx"": 5, ""5xx"": 1}"
2026-04-09T10:43:00Z,API-0438,payment-network-gateway,prod,,,/routes/card,187,0.0042,356.2,"{""2xx"": 184, ""4xx"": 2, ""5xx"": 1}"
2026-04-09T10:43:00Z,API-0439,payment-network-gateway,prod,,,/routes/upi,222,0.0043,297.2,"{""2xx"": 219, ""4xx"": 2, ""5xx"": 1}"
2026-04-09T10:43:00Z,API-0440,payment-network-gateway,prod,,,/routes/neft,58,0.0048,459.2,"{""2xx"": 57, ""4xx"": 1, ""5xx"": 0}"
2026-04-09T10:44:00Z,API-0441,mobile-app,prod,,,/app/v1/session,1187,0.005,420.1,"{""2xx"": 1169, ""4xx"": 12, ""5xx"": 6}"
2026-04-09T10:44:00Z,API-0442,net-banking,prod,,,/web/v1/session,771,0.0033,398.1,"{""2xx"": 760, ""4xx"": 8, ""5xx"": 3}"
2026-04-09T10:44:00Z,API-0443,api-gateway,prod,,,/gw/v1/route,2518,0.0026,177.2,"{""2xx"": 2486, ""4xx"": 25, ""5xx"": 7}"
2026-04-09T10:44:00Z,API-0444,auth-service,prod,,,/auth/v1/login,902,0.0015,118.6,"{""2xx"": 892, ""4xx"": 9, ""5xx"": 1}"
2026-04-09T10:44:00Z,API-0445,payments-service,prod,,,/payments/v1/payments,623,0.0056,269.1,"{""2xx"": 614, ""4xx"": 6, ""5xx"": 3}"
2026-04-09T10:44:00Z,API-0446,accounts-service,prod,,,/accounts/v1/balance,1075,0.0036,154.7,"{""2xx"": 1060, ""4xx"": 11, ""5xx"": 4}"
2026-04-09T10:44:00Z,API-0447,notification-service,prod,,,/notify/v1/send,498,0.0021,90.8,"{""2xx"": 492, ""4xx"": 5, ""5xx"": 1}"
2026-04-09T10:44:00Z,API-0448,payment-network-gateway,prod,,,/routes/card,179,0.0035,341.2,"{""2xx"": 176, ""4xx"": 2, ""5xx"": 1}"
2026-04-09T10:44:00Z,API-0449,payment-network-gateway,prod,,,/routes/upi,217,0.0031,300.0,"{""2xx"": 214, ""4xx"": 2, ""5xx"": 1}"
2026-04-09T10:44:00Z,API-0450,payment-network-gateway,prod,,,/routes/neft,59,0.0041,440.5,"{""2xx"": 58, ""4xx"": 1, ""5xx"": 0}"
2026-04-09T10:45:00Z,API-0451,mobile-app,prod,,,/app/v1/session,1174,0.0038,426.3,"{""2xx"": 1158, ""4xx"": 12, ""5xx"": 4}"
2026-04-09T10:45:00Z,API-0452,net-banking,prod,,,/web/v1/session,836,0.0043,387.9,"{""2xx"": 824, ""4xx"": 8, ""5xx"": 4}"
2026-04-09T10:45:00Z,API-0453,api-gateway,prod,,,/gw/v1/route,2562,0.0026,180.9,"{""2xx"": 2529, ""4xx"": 26, ""5xx"": 7}"
2026-04-09T10:45:00Z,API-0454,auth-service,prod,,,/auth/v1/login,920,0.0019,124.5,"{""2xx"": 909, ""4xx"": 9, ""5xx"": 2}"
2026-04-09T10:45:00Z,API-0455,payments-service,prod,,,/payments/v1/payments,622,0.0049,255.7,"{""2xx"": 613, ""4xx"": 6, ""5xx"": 3}"
2026-04-09T10:45:00Z,API-0456,accounts-service,prod,,,/accounts/v1/balance,1054,0.0024,147.9,"{""2xx"": 1040, ""4xx"": 11, ""5xx"": 3}"
2026-04-09T10:45:00Z,API-0457,notification-service,prod,,,/notify/v1/send,502,0.0021,87.8,"{""2xx"": 496, ""4xx"": 5, ""5xx"": 1}"
2026-04-09T10:45:00Z,API-0458,payment-network-gateway,prod,,,/routes/card,188,0.0042,344.8,"{""2xx"": 185, ""4xx"": 2, ""5xx"": 1}"
2026-04-09T10:45:00Z,API-0459,payment-network-gateway,prod,,,/routes/upi,229,0.0049,296.5,"{""2xx"": 226, ""4xx"": 2, ""5xx"": 1}"
2026-04-09T10:45:00Z,API-0460,payment-network-gateway,prod,,,/routes/neft,62,0.0037,434.0,"{""2xx"": 61, ""4xx"": 1, ""5xx"": 0}"
2026-04-09T10:46:00Z,API-0461,mobile-app,prod,,,/app/v1/session,1198,0.0031,420.5,"{""2xx"": 1182, ""4xx"": 12, ""5xx"": 4}"
2026-04-09T10:46:00Z,API-0462,net-banking,prod,,,/web/v1/session,775,0.0039,384.0,"{""2xx"": 764, ""4xx"": 8, ""5xx"": 3}"
2026-04-09T10:46:00Z,API-0463,api-gateway,prod,,,/gw/v1/route,2613,0.0027,176.6,"{""2xx"": 2580, ""4xx"": 26, ""5xx"": 7}"
2026-04-09T10:46:00Z,API-0464,auth-service,prod,,,/auth/v1/login,936,0.0024,117.5,"{""2xx"": 925, ""4xx"": 9, ""5xx"": 2}"
2026-04-09T10:46:00Z,API-0465,payments-service,prod,,,/payments/v1/payments,652,0.0049,270.1,"{""2xx"": 642, ""4xx"": 7, ""5xx"": 3}"
2026-04-09T10:46:00Z,API-0466,accounts-service,prod,,,/accounts/v1/balance,1094,0.0037,142.7,"{""2xx"": 1079, ""4xx"": 11, ""5xx"": 4}"
2026-04-09T10:46:00Z,API-0467,notification-service,prod,,,/notify/v1/send,496,0.0023,94.4,"{""2xx"": 490, ""4xx"": 5, ""5xx"": 1}"
2026-04-09T10:46:00Z,API-0468,payment-network-gateway,prod,,,/routes/card,175,0.0047,351.2,"{""2xx"": 172, ""4xx"": 2, ""5xx"": 1}"
2026-04-09T10:46:00Z,API-0469,payment-network-gateway,prod,,,/routes/upi,216,0.0033,305.2,"{""2xx"": 213, ""4xx"": 2, ""5xx"": 1}"
2026-04-09T10:46:00Z,API-0470,payment-network-gateway,prod,,,/routes/neft,58,0.0046,457.1,"{""2xx"": 57, ""4xx"": 1, ""5xx"": 0}"
2026-04-09T10:47:00Z,API-0471,mobile-app,prod,,,/app/v1/session,1223,0.0046,399.9,"{""2xx"": 1205, ""4xx"": 12, ""5xx"": 6}"
2026-04-09T10:47:00Z,API-0472,net-banking,prod,,,/web/v1/session,828,0.0037,383.9,"{""2xx"": 817, ""4xx"": 8, ""5xx"": 3}"
2026-04-09T10:47:00Z,API-0473,api-gateway,prod,,,/gw/v1/route,2472,0.0028,176.4,"{""2xx"": 2440, ""4xx"": 25, ""5xx"": 7}"
2026-04-09T10:47:00Z,API-0474,auth-service,prod,,,/auth/v1/login,920,0.0018,123.8,"{""2xx"": 909, ""4xx"": 9, ""5xx"": 2}"
2026-04-09T10:47:00Z,API-0475,payments-service,prod,,,/payments/v1/payments,616,0.0057,251.5,"{""2xx"": 606, ""4xx"": 6, ""5xx"": 4}"
2026-04-09T10:47:00Z,API-0476,accounts-service,prod,,,/accounts/v1/balance,1099,0.0027,144.2,"{""2xx"": 1085, ""4xx"": 11, ""5xx"": 3}"
2026-04-09T10:47:00Z,API-0477,notification-service,prod,,,/notify/v1/send,509,0.0018,85.6,"{""2xx"": 503, ""4xx"": 5, ""5xx"": 1}"
2026-04-09T10:47:00Z,API-0478,payment-network-gateway,prod,,,/routes/card,176,0.0044,338.9,"{""2xx"": 173, ""4xx"": 2, ""5xx"": 1}"
2026-04-09T10:47:00Z,API-0479,payment-network-gateway,prod,,,/routes/upi,226,0.0041,285.2,"{""2xx"": 223, ""4xx"": 2, ""5xx"": 1}"
2026-04-09T10:47:00Z,API-0480,payment-network-gateway,prod,,,/routes/neft,62,0.0034,445.6,"{""2xx"": 61, ""4xx"": 1, ""5xx"": 0}"
2026-04-09T10:48:00Z,API-0481,mobile-app,prod,,,/app/v1/session,1178,0.0035,405.0,"{""2xx"": 1162, ""4xx"": 12, ""5xx"": 4}"
2026-04-09T10:48:00Z,API-0482,net-banking,prod,,,/web/v1/session,799,0.0039,370.3,"{""2xx"": 788, ""4xx"": 8, ""5xx"": 3}"
2026-04-09T10:48:00Z,API-0483,api-gateway,prod,,,/gw/v1/route,2484,0.0032,171.9,"{""2xx"": 2451, ""4xx"": 25, ""5xx"": 8}"
2026-04-09T10:48:00Z,API-0484,auth-service,prod,,,/auth/v1/login,930,0.0024,125.9,"{""2xx"": 919, ""4xx"": 9, ""5xx"": 2}"
2026-04-09T10:48:00Z,API-0485,payments-service,prod,,,/payments/v1/payments,653,0.0051,253.2,"{""2xx"": 643, ""4xx"": 7, ""5xx"": 3}"
2026-04-09T10:48:00Z,API-0486,accounts-service,prod,,,/accounts/v1/balance,1099,0.0027,151.2,"{""2xx"": 1085, ""4xx"": 11, ""5xx"": 3}"
2026-04-09T10:48:00Z,API-0487,notification-service,prod,,,/notify/v1/send,482,0.0018,91.1,"{""2xx"": 476, ""4xx"": 5, ""5xx"": 1}"
2026-04-09T10:48:00Z,API-0488,payment-network-gateway,prod,,,/routes/card,174,0.0039,342.1,"{""2xx"": 171, ""4xx"": 2, ""5xx"": 1}"
2026-04-09T10:48:00Z,API-0489,payment-network-gateway,prod,,,/routes/upi,211,0.005,288.6,"{""2xx"": 208, ""4xx"": 2, ""5xx"": 1}"
2026-04-09T10:48:00Z,API-0490,payment-network-gateway,prod,,,/routes/neft,58,0.0032,439.5,"{""2xx"": 57, ""4xx"": 1, ""5xx"": 0}"
2026-04-09T10:49:00Z,API-0491,mobile-app,prod,,,/app/v1/session,1230,0.0048,420.5,"{""2xx"": 1212, ""4xx"": 12, ""5xx"": 6}"
2026-04-09T10:49:00Z,API-0492,net-banking,prod,,,/web/v1/session,820,0.0038,365.0,"{""2xx"": 809, ""4xx"": 8, ""5xx"": 3}"
2026-04-09T10:49:00Z,API-0493,api-gateway,prod,,,/gw/v1/route,2650,0.0029,179.6,"{""2xx"": 2616, ""4xx"": 26, ""5xx"": 8}"
2026-04-09T10:49:00Z,API-0494,auth-service,prod,,,/auth/v1/login,873,0.0024,122.8,"{""2xx"": 862, ""4xx"": 9, ""5xx"": 2}"
2026-04-09T10:49:00Z,API-0495,payments-service,prod,,,/payments/v1/payments,652,0.0062,259.0,"{""2xx"": 641, ""4xx"": 7, ""5xx"": 4}"
2026-04-09T10:49:00Z,API-0496,accounts-service,prod,,,/accounts/v1/balance,1123,0.003,155.4,"{""2xx"": 1109, ""4xx"": 11, ""5xx"": 3}"
2026-04-09T10:49:00Z,API-0497,notification-service,prod,,,/notify/v1/send,496,0.002,94.1,"{""2xx"": 490, ""4xx"": 5, ""5xx"": 1}"
2026-04-09T10:49:00Z,API-0498,payment-network-gateway,prod,,,/routes/card,185,0.0035,328.2,"{""2xx"": 182, ""4xx"": 2, ""5xx"": 1}"
2026-04-09T10:49:00Z,API-0499,payment-network-gateway,prod,,,/routes/upi,215,0.0043,308.6,"{""2xx"": 212, ""4xx"": 2, ""5xx"": 1}"
2026-04-09T10:49:00Z,API-0500,payment-network-gateway,prod,,,/routes/neft,58,0.0033,447.3,"{""2xx"": 57, ""4xx"": 1, ""5xx"": 0}"
2026-04-09T10:50:00Z,API-0501,mobile-app,prod,,,/app/v1/session,1225,0.0043,402.1,"{""2xx"": 1208, ""4xx"": 12, ""5xx"": 5}"
2026-04-09T10:50:00Z,API-0502,net-banking,prod,,,/web/v1/session,774,0.0041,396.0,"{""2xx"": 763, ""4xx"": 8, ""5xx"": 3}"
2026-04-09T10:50:00Z,API-0503,api-gateway,prod,,,/gw/v1/route,2533,0.003,182.5,"{""2xx"": 2500, ""4xx"": 25, ""5xx"": 8}"
2026-04-09T10:50:00Z,API-0504,auth-service,prod,,,/auth/v1/login,934,0.0018,121.5,"{""2xx"": 923, ""4xx"": 9, ""5xx"": 2}"
2026-04-09T10:50:00Z,API-0505,payments-service,prod,,,/payments/v1/payments,656,0.0053,264.2,"{""2xx"": 646, ""4xx"": 7, ""5xx"": 3}"
2026-04-09T10:50:00Z,API-0506,accounts-service,prod,,,/accounts/v1/balance,1139,0.0023,146.6,"{""2xx"": 1125, ""4xx"": 11, ""5xx"": 3}"
2026-04-09T10:50:00Z,API-0507,notification-service,prod,,,/notify/v1/send,489,0.0018,92.4,"{""2xx"": 483, ""4xx"": 5, ""5xx"": 1}"
2026-04-09T10:50:00Z,API-0508,payment-network-gateway,prod,,,/routes/card,175,0.0046,356.8,"{""2xx"": 172, ""4xx"": 2, ""5xx"": 1}"
2026-04-09T10:50:00Z,API-0509,payment-network-gateway,prod,,,/routes/upi,213,0.0049,299.1,"{""2xx"": 210, ""4xx"": 2, ""5xx"": 1}"
2026-04-09T10:50:00Z,API-0510,payment-network-gateway,prod,,,/routes/neft,60,0.0035,452.9,"{""2xx"": 59, ""4xx"": 1, ""5xx"": 0}"
2026-04-09T10:51:00Z,API-0511,mobile-app,prod,,,/app/v1/session,1158,0.0033,435.2,"{""2xx"": 1142, ""4xx"": 12, ""5xx"": 4}"
2026-04-09T10:51:00Z,API-0512,net-banking,prod,,,/web/v1/session,788,0.004,389.2,"{""2xx"": 777, ""4xx"": 8, ""5xx"": 3}"
2026-04-09T10:51:00Z,API-0513,api-gateway,prod,,,/gw/v1/route,2605,0.0026,172.8,"{""2xx"": 2572, ""4xx"": 26, ""5xx"": 7}"
2026-04-09T10:51:00Z,API-0514,auth-service,prod,,,/auth/v1/login,896,0.0022,121.8,"{""2xx"": 885, ""4xx"": 9, ""5xx"": 2}"
2026-04-09T10:51:00Z,API-0515,payments-service,prod,,,/payments/v1/payments,626,0.0038,262.2,"{""2xx"": 618, ""4xx"": 6, ""5xx"": 2}"
2026-04-09T10:51:00Z,API-0516,accounts-service,prod,,,/accounts/v1/balance,1052,0.0037,144.2,"{""2xx"": 1037, ""4xx"": 11, ""5xx"": 4}"
2026-04-09T10:51:00Z,API-0517,notification-service,prod,,,/notify/v1/send,522,0.0021,87.3,"{""2xx"": 516, ""4xx"": 5, ""5xx"": 1}"
2026-04-09T10:51:00Z,API-0518,payment-network-gateway,prod,,,/routes/card,172,0.0044,341.1,"{""2xx"": 169, ""4xx"": 2, ""5xx"": 1}"
2026-04-09T10:51:00Z,API-0519,payment-network-gateway,prod,,,/routes/upi,217,0.0049,292.0,"{""2xx"": 214, ""4xx"": 2, ""5xx"": 1}"
2026-04-09T10:51:00Z,API-0520,payment-network-gateway,prod,,,/routes/neft,60,0.0046,437.1,"{""2xx"": 59, ""4xx"": 1, ""5xx"": 0}"
2026-04-09T10:52:00Z,API-0521,mobile-app,prod,,,/app/v1/session,1252,0.0042,433.5,"{""2xx"": 1234, ""4xx"": 13, ""5xx"": 5}"
2026-04-09T10:52:00Z,API-0522,net-banking,prod,,,/web/v1/session,794,0.0036,394.9,"{""2xx"": 783, ""4xx"": 8, ""5xx"": 3}"
2026-04-09T10:52:00Z,API-0523,api-gateway,prod,,,/gw/v1/route,2474,0.0036,176.0,"{""2xx"": 2440, ""4xx"": 25, ""5xx"": 9}"
2026-04-09T10:52:00Z,API-0524,auth-service,prod,,,/auth/v1/login,882,0.0019,115.1,"{""2xx"": 871, ""4xx"": 9, ""5xx"": 2}"
2026-04-09T10:52:00Z,API-0525,payments-service,prod,,,/payments/v1/payments,649,0.0042,264.0,"{""2xx"": 640, ""4xx"": 6, ""5xx"": 3}"
2026-04-09T10:52:00Z,API-0526,accounts-service,prod,,,/accounts/v1/balance,1125,0.0036,147.8,"{""2xx"": 1110, ""4xx"": 11, ""5xx"": 4}"
2026-04-09T10:52:00Z,API-0527,notification-service,prod,,,/notify/v1/send,504,0.0021,90.5,"{""2xx"": 498, ""4xx"": 5, ""5xx"": 1}"
2026-04-09T10:52:00Z,API-0528,payment-network-gateway,prod,,,/routes/card,174,0.0035,348.1,"{""2xx"": 171, ""4xx"": 2, ""5xx"": 1}"
2026-04-09T10:52:00Z,API-0529,payment-network-gateway,prod,,,/routes/upi,220,0.0031,285.5,"{""2xx"": 217, ""4xx"": 2, ""5xx"": 1}"
2026-04-09T10:52:00Z,API-0530,payment-network-gateway,prod,,,/routes/neft,58,0.0042,462.2,"{""2xx"": 57, ""4xx"": 1, ""5xx"": 0}"
2026-04-09T10:53:00Z,API-0531,mobile-app,prod,,,/app/v1/session,1181,0.0035,410.6,"{""2xx"": 1165, ""4xx"": 12, ""5xx"": 4}"
2026-04-09T10:53:00Z,API-0532,net-banking,prod,,,/web/v1/session,836,0.0046,382.1,"{""2xx"": 824, ""4xx"": 8, ""5xx"": 4}"
2026-04-09T10:53:00Z,API-0533,api-gateway,prod,,,/gw/v1/route,2607,0.0024,184.8,"{""2xx"": 2575, ""4xx"": 26, ""5xx"": 6}"
2026-04-09T10:53:00Z,API-0534,auth-service,prod,,,/auth/v1/login,885,0.0024,120.0,"{""2xx"": 874, ""4xx"": 9, ""5xx"": 2}"
2026-04-09T10:53:00Z,API-0535,payments-service,prod,,,/payments/v1/payments,633,0.0051,252.2,"{""2xx"": 624, ""4xx"": 6, ""5xx"": 3}"
2026-04-09T10:53:00Z,API-0536,accounts-service,prod,,,/accounts/v1/balance,1115,0.003,149.5,"{""2xx"": 1101, ""4xx"": 11, ""5xx"": 3}"
2026-04-09T10:53:00Z,API-0537,notification-service,prod,,,/notify/v1/send,494,0.0017,91.3,"{""2xx"": 488, ""4xx"": 5, ""5xx"": 1}"
2026-04-09T10:53:00Z,API-0538,payment-network-gateway,prod,,,/routes/card,186,0.005,328.4,"{""2xx"": 183, ""4xx"": 2, ""5xx"": 1}"
2026-04-09T10:53:00Z,API-0539,payment-network-gateway,prod,,,/routes/upi,228,0.0032,295.7,"{""2xx"": 225, ""4xx"": 2, ""5xx"": 1}"
2026-04-09T10:53:00Z,API-0540,payment-network-gateway,prod,,,/routes/neft,62,0.0045,437.4,"{""2xx"": 61, ""4xx"": 1, ""5xx"": 0}"
2026-04-09T10:54:00Z,API-0541,mobile-app,prod,,,/app/v1/session,1150,0.0044,406.2,"{""2xx"": 1133, ""4xx"": 12, ""5xx"": 5}"
2026-04-09T10:54:00Z,API-0542,net-banking,prod,,,/web/v1/session,764,0.0038,367.8,"{""2xx"": 753, ""4xx"": 8, ""5xx"": 3}"
2026-04-09T10:54:00Z,API-0543,api-gateway,prod,,,/gw/v1/route,2712,0.0036,183.9,"{""2xx"": 2675, ""4xx"": 27, ""5xx"": 10}"
2026-04-09T10:54:00Z,API-0544,auth-service,prod,,,/auth/v1/login,901,0.0019,117.8,"{""2xx"": 890, ""4xx"": 9, ""5xx"": 2}"
2026-04-09T10:54:00Z,API-0545,payments-service,prod,,,/payments/v1/payments,622,0.0038,261.9,"{""2xx"": 614, ""4xx"": 6, ""5xx"": 2}"
2026-04-09T10:54:00Z,API-0546,accounts-service,prod,,,/accounts/v1/balance,1048,0.0036,155.3,"{""2xx"": 1034, ""4xx"": 10, ""5xx"": 4}"
2026-04-09T10:54:00Z,API-0547,notification-service,prod,,,/notify/v1/send,498,0.002,92.5,"{""2xx"": 492, ""4xx"": 5, ""5xx"": 1}"
2026-04-09T10:54:00Z,API-0548,payment-network-gateway,prod,,,/routes/card,184,0.0043,338.9,"{""2xx"": 181, ""4xx"": 2, ""5xx"": 1}"
2026-04-09T10:54:00Z,API-0549,payment-network-gateway,prod,,,/routes/upi,218,0.0036,315.0,"{""2xx"": 215, ""4xx"": 2, ""5xx"": 1}"
2026-04-09T10:54:00Z,API-0550,payment-network-gateway,prod,,,/routes/neft,62,0.0042,433.7,"{""2xx"": 61, ""4xx"": 1, ""5xx"": 0}"
2026-04-09T10:55:00Z,API-0551,mobile-app,prod,,,/app/v1/session,1201,0.0046,410.1,"{""2xx"": 1183, ""4xx"": 12, ""5xx"": 6}"
2026-04-09T10:55:00Z,API-0552,net-banking,prod,,,/web/v1/session,812,0.0033,390.6,"{""2xx"": 801, ""4xx"": 8, ""5xx"": 3}"
2026-04-09T10:55:00Z,API-0553,api-gateway,prod,,,/gw/v1/route,2544,0.0034,181.9,"{""2xx"": 2510, ""4xx"": 25, ""5xx"": 9}"
2026-04-09T10:55:00Z,API-0554,auth-service,prod,,,/auth/v1/login,919,0.0023,115.1,"{""2xx"": 908, ""4xx"": 9, ""5xx"": 2}"
2026-04-09T10:55:00Z,API-0555,payments-service,prod,,,/payments/v1/payments,641,0.0045,271.6,"{""2xx"": 632, ""4xx"": 6, ""5xx"": 3}"
2026-04-09T10:55:00Z,API-0556,accounts-service,prod,,,/accounts/v1/balance,1052,0.0036,153.6,"{""2xx"": 1037, ""4xx"": 11, ""5xx"": 4}"
2026-04-09T10:55:00Z,API-0557,notification-service,prod,,,/notify/v1/send,476,0.002,86.2,"{""2xx"": 470, ""4xx"": 5, ""5xx"": 1}"
2026-04-09T10:55:00Z,API-0558,payment-network-gateway,prod,,,/routes/card,178,0.0045,338.5,"{""2xx"": 175, ""4xx"": 2, ""5xx"": 1}"
2026-04-09T10:55:00Z,API-0559,payment-network-gateway,prod,,,/routes/upi,230,0.0033,295.9,"{""2xx"": 227, ""4xx"": 2, ""5xx"": 1}"
2026-04-09T10:55:00Z,API-0560,payment-network-gateway,prod,,,/routes/neft,62,0.0032,453.0,"{""2xx"": 61, ""4xx"": 1, ""5xx"": 0}"
2026-04-09T10:56:00Z,API-0561,mobile-app,prod,,,/app/v1/session,1234,0.0036,419.4,"{""2xx"": 1218, ""4xx"": 12, ""5xx"": 4}"
2026-04-09T10:56:00Z,API-0562,net-banking,prod,,,/web/v1/session,780,0.0043,392.6,"{""2xx"": 769, ""4xx"": 8, ""5xx"": 3}"
2026-04-09T10:56:00Z,API-0563,api-gateway,prod,,,/gw/v1/route,2508,0.0023,174.1,"{""2xx"": 2477, ""4xx"": 25, ""5xx"": 6}"
2026-04-09T10:56:00Z,API-0564,auth-service,prod,,,/auth/v1/login,872,0.0019,116.7,"{""2xx"": 861, ""4xx"": 9, ""5xx"": 2}"
2026-04-09T10:56:00Z,API-0565,payments-service,prod,,,/payments/v1/payments,607,0.0044,272.6,"{""2xx"": 598, ""4xx"": 6, ""5xx"": 3}"
2026-04-09T10:56:00Z,API-0566,accounts-service,prod,,,/accounts/v1/balance,1062,0.003,152.2,"{""2xx"": 1048, ""4xx"": 11, ""5xx"": 3}"
2026-04-09T10:56:00Z,API-0567,notification-service,prod,,,/notify/v1/send,488,0.0024,92.6,"{""2xx"": 482, ""4xx"": 5, ""5xx"": 1}"
2026-04-09T10:56:00Z,API-0568,payment-network-gateway,prod,,,/routes/card,175,0.0032,340.0,"{""2xx"": 172, ""4xx"": 2, ""5xx"": 1}"
2026-04-09T10:56:00Z,API-0569,payment-network-gateway,prod,,,/routes/upi,216,0.0045,306.9,"{""2xx"": 213, ""4xx"": 2, ""5xx"": 1}"
2026-04-09T10:56:00Z,API-0570,payment-network-gateway,prod,,,/routes/neft,61,0.0034,437.4,"{""2xx"": 60, ""4xx"": 1, ""5xx"": 0}"
2026-04-09T10:57:00Z,API-0571,mobile-app,prod,,,/app/v1/session,1206,0.0032,418.4,"{""2xx"": 1190, ""4xx"": 12, ""5xx"": 4}"
2026-04-09T10:57:00Z,API-0572,net-banking,prod,,,/web/v1/session,774,0.0031,390.8,"{""2xx"": 764, ""4xx"": 8, ""5xx"": 2}"
2026-04-09T10:57:00Z,API-0573,api-gateway,prod,,,/gw/v1/route,2575,0.0029,172.0,"{""2xx"": 2542, ""4xx"": 26, ""5xx"": 7}"
2026-04-09T10:57:00Z,API-0574,auth-service,prod,,,/auth/v1/login,881,0.0017,123.7,"{""2xx"": 871, ""4xx"": 9, ""5xx"": 1}"
2026-04-09T10:57:00Z,API-0575,payments-service,prod,,,/payments/v1/payments,618,0.0055,252.7,"{""2xx"": 609, ""4xx"": 6, ""5xx"": 3}"
2026-04-09T10:57:00Z,API-0576,accounts-service,prod,,,/accounts/v1/balance,1145,0.0031,156.4,"{""2xx"": 1130, ""4xx"": 11, ""5xx"": 4}"
2026-04-09T10:57:00Z,API-0577,notification-service,prod,,,/notify/v1/send,507,0.0016,90.9,"{""2xx"": 501, ""4xx"": 5, ""5xx"": 1}"
2026-04-09T10:57:00Z,API-0578,payment-network-gateway,prod,,,/routes/card,175,0.0036,355.7,"{""2xx"": 172, ""4xx"": 2, ""5xx"": 1}"
2026-04-09T10:57:00Z,API-0579,payment-network-gateway,prod,,,/routes/upi,227,0.0043,306.3,"{""2xx"": 224, ""4xx"": 2, ""5xx"": 1}"
2026-04-09T10:57:00Z,API-0580,payment-network-gateway,prod,,,/routes/neft,58,0.0046,464.7,"{""2xx"": 57, ""4xx"": 1, ""5xx"": 0}"
2026-04-09T10:58:00Z,API-0581,mobile-app,prod,,,/app/v1/session,1194,0.005,410.5,"{""2xx"": 1176, ""4xx"": 12, ""5xx"": 6}"
2026-04-09T10:58:00Z,API-0582,net-banking,prod,,,/web/v1/session,815,0.004,385.3,"{""2xx"": 804, ""4xx"": 8, ""5xx"": 3}"
2026-04-09T10:58:00Z,API-0583,api-gateway,prod,,,/gw/v1/route,2700,0.003,185.1,"{""2xx"": 2665, ""4xx"": 27, ""5xx"": 8}"
2026-04-09T10:58:00Z,API-0584,auth-service,prod,,,/auth/v1/login,924,0.0022,117.0,"{""2xx"": 913, ""4xx"": 9, ""5xx"": 2}"
2026-04-09T10:58:00Z,API-0585,payments-service,prod,,,/payments/v1/payments,628,0.0042,259.3,"{""2xx"": 619, ""4xx"": 6, ""5xx"": 3}"
2026-04-09T10:58:00Z,API-0586,accounts-service,prod,,,/accounts/v1/balance,1049,0.0033,149.0,"{""2xx"": 1036, ""4xx"": 10, ""5xx"": 3}"
2026-04-09T10:58:00Z,API-0587,notification-service,prod,,,/notify/v1/send,503,0.0025,86.5,"{""2xx"": 497, ""4xx"": 5, ""5xx"": 1}"
2026-04-09T10:58:00Z,API-0588,payment-network-gateway,prod,,,/routes/card,183,0.0044,351.9,"{""2xx"": 180, ""4xx"": 2, ""5xx"": 1}"
2026-04-09T10:58:00Z,API-0589,payment-network-gateway,prod,,,/routes/upi,230,0.0031,285.5,"{""2xx"": 227, ""4xx"": 2, ""5xx"": 1}"
2026-04-09T10:58:00Z,API-0590,payment-network-gateway,prod,,,/routes/neft,60,0.0047,441.5,"{""2xx"": 59, ""4xx"": 1, ""5xx"": 0}"
2026-04-09T10:59:00Z,API-0591,mobile-app,prod,,,/app/v1/session,1196,0.0037,399.5,"{""2xx"": 1180, ""4xx"": 12, ""5xx"": 4}"
2026-04-09T10:59:00Z,API-0592,net-banking,prod,,,/web/v1/session,794,0.005,371.1,"{""2xx"": 782, ""4xx"": 8, ""5xx"": 4}"
2026-04-09T10:59:00Z,API-0593,api-gateway,prod,,,/gw/v1/route,2631,0.0031,188.9,"{""2xx"": 2597, ""4xx"": 26, ""5xx"": 8}"
2026-04-09T10:59:00Z,API-0594,auth-service,prod,,,/auth/v1/login,899,0.0017,120.6,"{""2xx"": 888, ""4xx"": 9, ""5xx"": 2}"
2026-04-09T10:59:00Z,API-0595,payments-service,prod,,,/payments/v1/payments,626,0.0049,255.3,"{""2xx"": 617, ""4xx"": 6, ""5xx"": 3}"
2026-04-09T10:59:00Z,API-0596,accounts-service,prod,,,/accounts/v1/balance,1082,0.003,148.1,"{""2xx"": 1068, ""4xx"": 11, ""5xx"": 3}"
2026-04-09T10:59:00Z,API-0597,notification-service,prod,,,/notify/v1/send,495,0.0024,91.2,"{""2xx"": 489, ""4xx"": 5, ""5xx"": 1}"
2026-04-09T10:59:00Z,API-0598,payment-network-gateway,prod,,,/routes/card,171,0.003,338.3,"{""2xx"": 168, ""4xx"": 2, ""5xx"": 1}"
2026-04-09T10:59:00Z,API-0599,payment-network-gateway,prod,,,/routes/upi,221,0.0038,298.3,"{""2xx"": 218, ""4xx"": 2, ""5xx"": 1}"
2026-04-09T10:59:00Z,API-0600,payment-network-gateway,prod,,,/routes/neft,63,0.004,458.3,"{""2xx"": 62, ""4xx"": 1, ""5xx"": 0}"
2026-04-09T11:00:00Z,API-0601,mobile-app,prod,,,/app/v1/session,1200,0.0049,436.6,"{""2xx"": 1182, ""4xx"": 12, ""5xx"": 6}"
2026-04-09T11:00:00Z,API-0602,net-banking,prod,,,/web/v1/session,796,0.0037,393.6,"{""2xx"": 785, ""4xx"": 8, ""5xx"": 3}"
2026-04-09T11:00:00Z,API-0603,api-gateway,prod,,,/gw/v1/route,2699,0.0037,185.8,"{""2xx"": 2662, ""4xx"": 27, ""5xx"": 10}"
2026-04-09T11:00:00Z,API-0604,auth-service,prod,,,/auth/v1/login,860,0.0016,122.5,"{""2xx"": 850, ""4xx"": 9, ""5xx"": 1}"
2026-04-09T11:00:00Z,API-0605,payments-service,prod,,,/payments/v1/payments,656,0.0056,261.4,"{""2xx"": 645, ""4xx"": 7, ""5xx"": 4}"
2026-04-09T11:00:00Z,API-0606,accounts-service,prod,,,/accounts/v1/balance,1132,0.0027,148.8,"{""2xx"": 1118, ""4xx"": 11, ""5xx"": 3}"
2026-04-09T11:00:00Z,API-0607,notification-service,prod,,,/notify/v1/send,515,0.0022,89.4,"{""2xx"": 509, ""4xx"": 5, ""5xx"": 1}"
2026-04-09T11:00:00Z,API-0608,payment-network-gateway,prod,,,/routes/card,185,0.0038,332.1,"{""2xx"": 182, ""4xx"": 2, ""5xx"": 1}"
2026-04-09T11:00:00Z,API-0609,payment-network-gateway,prod,,,/routes/upi,215,0.0034,307.5,"{""2xx"": 212, ""4xx"": 2, ""5xx"": 1}"
2026-04-09T11:00:00Z,API-0610,payment-network-gateway,prod,,,/routes/neft,57,0.0038,455.3,"{""2xx"": 56, ""4xx"": 1, ""5xx"": 0}"
2026-04-09T11:01:00Z,API-0611,mobile-app,prod,,,/app/v1/session,1141,0.0048,421.5,"{""2xx"": 1125, ""4xx"": 11, ""5xx"": 5}"
2026-04-09T11:01:00Z,API-0612,net-banking,prod,,,/web/v1/session,806,0.0043,367.8,"{""2xx"": 795, ""4xx"": 8, ""5xx"": 3}"
2026-04-09T11:01:00Z,API-0613,api-gateway,prod,,,/gw/v1/route,2475,0.0028,173.2,"{""2xx"": 2443, ""4xx"": 25, ""5xx"": 7}"
2026-04-09T11:01:00Z,API-0614,auth-service,prod,,,/auth/v1/login,941,0.002,123.5,"{""2xx"": 930, ""4xx"": 9, ""5xx"": 2}"
2026-04-09T11:01:00Z,API-0615,payments-service,prod,,,/payments/v1/payments,636,0.005,263.8,"{""2xx"": 627, ""4xx"": 6, ""5xx"": 3}"
2026-04-09T11:01:00Z,API-0616,accounts-service,prod,,,/accounts/v1/balance,1089,0.003,147.5,"{""2xx"": 1075, ""4xx"": 11, ""5xx"": 3}"
2026-04-09T11:01:00Z,API-0617,notification-service,prod,,,/notify/v1/send,506,0.0017,90.1,"{""2xx"": 500, ""4xx"": 5, ""5xx"": 1}"
2026-04-09T11:01:00Z,API-0618,payment-network-gateway,prod,,,/routes/card,186,0.0038,336.4,"{""2xx"": 183, ""4xx"": 2, ""5xx"": 1}"
2026-04-09T11:01:00Z,API-0619,payment-network-gateway,prod,,,/routes/upi,215,0.0046,305.4,"{""2xx"": 212, ""4xx"": 2, ""5xx"": 1}"
2026-04-09T11:01:00Z,API-0620,payment-network-gateway,prod,,,/routes/neft,57,0.0047,439.6,"{""2xx"": 56, ""4xx"": 1, ""5xx"": 0}"
2026-04-09T11:02:00Z,API-0621,mobile-app,prod,,,/app/v1/session,1141,0.004,417.0,"{""2xx"": 1125, ""4xx"": 11, ""5xx"": 5}"
2026-04-09T11:02:00Z,API-0622,net-banking,prod,,,/web/v1/session,782,0.0036,368.1,"{""2xx"": 771, ""4xx"": 8, ""5xx"": 3}"
2026-04-09T11:02:00Z,API-0623,api-gateway,prod,,,/gw/v1/route,2516,0.0035,180.0,"{""2xx"": 2482, ""4xx"": 25, ""5xx"": 9}"
2026-04-09T11:02:00Z,API-0624,auth-service,prod,,,/auth/v1/login,897,0.0024,114.5,"{""2xx"": 886, ""4xx"": 9, ""5xx"": 2}"
2026-04-09T11:02:00Z,API-0625,payments-service,prod,,,/payments/v1/payments,653,0.0046,259.6,"{""2xx"": 643, ""4xx"": 7, ""5xx"": 3}"
2026-04-09T11:02:00Z,API-0626,accounts-service,prod,,,/accounts/v1/balance,1091,0.0029,142.6,"{""2xx"": 1077, ""4xx"": 11, ""5xx"": 3}"
2026-04-09T11:02:00Z,API-0627,notification-service,prod,,,/notify/v1/send,500,0.0021,91.0,"{""2xx"": 494, ""4xx"": 5, ""5xx"": 1}"
2026-04-09T11:02:00Z,API-0628,payment-network-gateway,prod,,,/routes/card,174,0.0039,339.0,"{""2xx"": 171, ""4xx"": 2, ""5xx"": 1}"
2026-04-09T11:02:00Z,API-0629,payment-network-gateway,prod,,,/routes/upi,211,0.0048,287.7,"{""2xx"": 208, ""4xx"": 2, ""5xx"": 1}"
2026-04-09T11:02:00Z,API-0630,payment-network-gateway,prod,,,/routes/neft,60,0.0048,451.2,"{""2xx"": 59, ""4xx"": 1, ""5xx"": 0}"
2026-04-09T11:03:00Z,API-0631,mobile-app,prod,,,/app/v1/session,1184,0.0046,403.9,"{""2xx"": 1167, ""4xx"": 12, ""5xx"": 5}"
2026-04-09T11:03:00Z,API-0632,net-banking,prod,,,/web/v1/session,833,0.0048,378.5,"{""2xx"": 821, ""4xx"": 8, ""5xx"": 4}"
2026-04-09T11:03:00Z,API-0633,api-gateway,prod,,,/gw/v1/route,2534,0.0029,187.0,"{""2xx"": 2502, ""4xx"": 25, ""5xx"": 7}"
2026-04-09T11:03:00Z,API-0634,auth-service,prod,,,/auth/v1/login,901,0.0021,114.9,"{""2xx"": 890, ""4xx"": 9, ""5xx"": 2}"
2026-04-09T11:03:00Z,API-0635,payments-service,prod,,,/payments/v1/payments,642,0.0051,262.6,"{""2xx"": 633, ""4xx"": 6, ""5xx"": 3}"
2026-04-09T11:03:00Z,API-0636,accounts-service,prod,,,/accounts/v1/balance,1056,0.0029,152.5,"{""2xx"": 1042, ""4xx"": 11, ""5xx"": 3}"
2026-04-09T11:03:00Z,API-0637,notification-service,prod,,,/notify/v1/send,502,0.0023,87.0,"{""2xx"": 496, ""4xx"": 5, ""5xx"": 1}"
2026-04-09T11:03:00Z,API-0638,payment-network-gateway,prod,,,/routes/card,171,0.0032,356.3,"{""2xx"": 168, ""4xx"": 2, ""5xx"": 1}"
2026-04-09T11:03:00Z,API-0639,payment-network-gateway,prod,,,/routes/upi,215,0.003,286.1,"{""2xx"": 212, ""4xx"": 2, ""5xx"": 1}"
2026-04-09T11:03:00Z,API-0640,payment-network-gateway,prod,,,/routes/neft,61,0.0047,440.4,"{""2xx"": 60, ""4xx"": 1, ""5xx"": 0}"
2026-04-09T11:04:00Z,API-0641,mobile-app,prod,,,/app/v1/session,1217,0.0041,415.5,"{""2xx"": 1200, ""4xx"": 12, ""5xx"": 5}"
2026-04-09T11:04:00Z,API-0642,net-banking,prod,,,/web/v1/session,832,0.0047,396.4,"{""2xx"": 820, ""4xx"": 8, ""5xx"": 4}"
2026-04-09T11:04:00Z,API-0643,api-gateway,prod,,,/gw/v1/route,2509,0.0031,171.6,"{""2xx"": 2476, ""4xx"": 25, ""5xx"": 8}"
2026-04-09T11:04:00Z,API-0644,auth-service,prod,,,/auth/v1/login,935,0.0023,125.0,"{""2xx"": 924, ""4xx"": 9, ""5xx"": 2}"
2026-04-09T11:04:00Z,API-0645,payments-service,prod,,,/payments/v1/payments,650,0.0045,262.7,"{""2xx"": 641, ""4xx"": 6, ""5xx"": 3}"
2026-04-09T11:04:00Z,API-0646,accounts-service,prod,,,/accounts/v1/balance,1084,0.0034,151.4,"{""2xx"": 1069, ""4xx"": 11, ""5xx"": 4}"
2026-04-09T11:04:00Z,API-0647,notification-service,prod,,,/notify/v1/send,505,0.0022,87.2,"{""2xx"": 499, ""4xx"": 5, ""5xx"": 1}"
2026-04-09T11:04:00Z,API-0648,payment-network-gateway,prod,,,/routes/card,188,0.0047,340.9,"{""2xx"": 185, ""4xx"": 2, ""5xx"": 1}"
2026-04-09T11:04:00Z,API-0649,payment-network-gateway,prod,,,/routes/upi,222,0.0031,296.3,"{""2xx"": 219, ""4xx"": 2, ""5xx"": 1}"
2026-04-09T11:04:00Z,API-0650,payment-network-gateway,prod,,,/routes/neft,59,0.0035,428.7,"{""2xx"": 58, ""4xx"": 1, ""5xx"": 0}"
2026-04-09T11:05:00Z,API-0651,mobile-app,prod,,,/app/v1/session,1206,0.0046,438.8,"{""2xx"": 1188, ""4xx"": 12, ""5xx"": 6}"
2026-04-09T11:05:00Z,API-0652,net-banking,prod,,,/web/v1/session,789,0.0036,376.8,"{""2xx"": 778, ""4xx"": 8, ""5xx"": 3}"
2026-04-09T11:05:00Z,API-0653,api-gateway,prod,,,/gw/v1/route,2535,0.0025,186.6,"{""2xx"": 2504, ""4xx"": 25, ""5xx"": 6}"
2026-04-09T11:05:00Z,API-0654,auth-service,prod,,,/auth/v1/login,885,0.0015,122.1,"{""2xx"": 875, ""4xx"": 9, ""5xx"": 1}"
2026-04-09T11:05:00Z,API-0655,payments-service,prod,,,/payments/v1/payments,648,0.0057,254.2,"{""2xx"": 638, ""4xx"": 6, ""5xx"": 4}"
2026-04-09T11:05:00Z,API-0656,accounts-service,prod,,,/accounts/v1/balance,1143,0.0032,144.2,"{""2xx"": 1128, ""4xx"": 11, ""5xx"": 4}"
2026-04-09T11:05:00Z,API-0657,notification-service,prod,,,/notify/v1/send,497,0.0022,90.9,"{""2xx"": 491, ""4xx"": 5, ""5xx"": 1}"
2026-04-09T11:05:00Z,API-0658,payment-network-gateway,prod,,,/routes/card,173,0.0037,345.8,"{""2xx"": 170, ""4xx"": 2, ""5xx"": 1}"
2026-04-09T11:05:00Z,API-0659,payment-network-gateway,prod,,,/routes/upi,227,0.0047,288.4,"{""2xx"": 224, ""4xx"": 2, ""5xx"": 1}"
2026-04-09T11:05:00Z,API-0660,payment-network-gateway,prod,,,/routes/neft,60,0.003,437.1,"{""2xx"": 59, ""4xx"": 1, ""5xx"": 0}"
2026-04-09T11:06:00Z,API-0661,mobile-app,prod,,,/app/v1/session,1149,0.004,437.3,"{""2xx"": 1133, ""4xx"": 11, ""5xx"": 5}"
2026-04-09T11:06:00Z,API-0662,net-banking,prod,,,/web/v1/session,814,0.0037,392.2,"{""2xx"": 803, ""4xx"": 8, ""5xx"": 3}"
2026-04-09T11:06:00Z,API-0663,api-gateway,prod,,,/gw/v1/route,2630,0.003,187.2,"{""2xx"": 2596, ""4xx"": 26, ""5xx"": 8}"
2026-04-09T11:06:00Z,API-0664,auth-service,prod,,,/auth/v1/login,878,0.0021,118.0,"{""2xx"": 867, ""4xx"": 9, ""5xx"": 2}"
2026-04-09T11:06:00Z,API-0665,payments-service,prod,,,/payments/v1/payments,610,0.0044,261.7,"{""2xx"": 601, ""4xx"": 6, ""5xx"": 3}"
2026-04-09T11:06:00Z,API-0666,accounts-service,prod,,,/accounts/v1/balance,1126,0.0031,149.6,"{""2xx"": 1112, ""4xx"": 11, ""5xx"": 3}"
2026-04-09T11:06:00Z,API-0667,notification-service,prod,,,/notify/v1/send,513,0.0018,92.8,"{""2xx"": 507, ""4xx"": 5, ""5xx"": 1}"
2026-04-09T11:06:00Z,API-0668,payment-network-gateway,prod,,,/routes/card,184,0.0047,327.0,"{""2xx"": 181, ""4xx"": 2, ""5xx"": 1}"
2026-04-09T11:06:00Z,API-0669,payment-network-gateway,prod,,,/routes/upi,223,0.0033,312.8,"{""2xx"": 220, ""4xx"": 2, ""5xx"": 1}"
2026-04-09T11:06:00Z,API-0670,payment-network-gateway,prod,,,/routes/neft,63,0.0032,454.9,"{""2xx"": 62, ""4xx"": 1, ""5xx"": 0}"
2026-04-09T11:07:00Z,API-0671,mobile-app,prod,,,/app/v1/session,1179,0.0043,438.6,"{""2xx"": 1162, ""4xx"": 12, ""5xx"": 5}"
2026-04-09T11:07:00Z,API-0672,net-banking,prod,,,/web/v1/session,799,0.0035,374.3,"{""2xx"": 788, ""4xx"": 8, ""5xx"": 3}"
2026-04-09T11:07:00Z,API-0673,api-gateway,prod,,,/gw/v1/route,2541,0.0024,187.6,"{""2xx"": 2510, ""4xx"": 25, ""5xx"": 6}"
2026-04-09T11:07:00Z,API-0674,auth-service,prod,,,/auth/v1/login,885,0.0019,114.5,"{""2xx"": 874, ""4xx"": 9, ""5xx"": 2}"
2026-04-09T11:07:00Z,API-0675,payments-service,prod,,,/payments/v1/payments,649,0.0038,269.0,"{""2xx"": 641, ""4xx"": 6, ""5xx"": 2}"
2026-04-09T11:07:00Z,API-0676,accounts-service,prod,,,/accounts/v1/balance,1147,0.0033,150.7,"{""2xx"": 1132, ""4xx"": 11, ""5xx"": 4}"
2026-04-09T11:07:00Z,API-0677,notification-service,prod,,,/notify/v1/send,513,0.0017,90.7,"{""2xx"": 507, ""4xx"": 5, ""5xx"": 1}"
2026-04-09T11:07:00Z,API-0678,payment-network-gateway,prod,,,/routes/card,174,0.0033,328.8,"{""2xx"": 171, ""4xx"": 2, ""5xx"": 1}"
2026-04-09T11:07:00Z,API-0679,payment-network-gateway,prod,,,/routes/upi,217,0.0048,296.7,"{""2xx"": 214, ""4xx"": 2, ""5xx"": 1}"
2026-04-09T11:07:00Z,API-0680,payment-network-gateway,prod,,,/routes/neft,59,0.0048,439.5,"{""2xx"": 58, ""4xx"": 1, ""5xx"": 0}"
2026-04-09T11:08:00Z,API-0681,mobile-app,prod,,,/app/v1/session,1259,0.0037,402.6,"{""2xx"": 1241, ""4xx"": 13, ""5xx"": 5}"
2026-04-09T11:08:00Z,API-0682,net-banking,prod,,,/web/v1/session,775,0.0049,382.3,"{""2xx"": 763, ""4xx"": 8, ""5xx"": 4}"
2026-04-09T11:08:00Z,API-0683,api-gateway,prod,,,/gw/v1/route,2593,0.0028,179.6,"{""2xx"": 2560, ""4xx"": 26, ""5xx"": 7}"
2026-04-09T11:08:00Z,API-0684,auth-service,prod,,,/auth/v1/login,903,0.0016,122.5,"{""2xx"": 893, ""4xx"": 9, ""5xx"": 1}"
2026-04-09T11:08:00Z,API-0685,payments-service,prod,,,/payments/v1/payments,640,0.0051,248.9,"{""2xx"": 631, ""4xx"": 6, ""5xx"": 3}"
2026-04-09T11:08:00Z,API-0686,accounts-service,prod,,,/accounts/v1/balance,1136,0.0028,148.2,"{""2xx"": 1122, ""4xx"": 11, ""5xx"": 3}"
2026-04-09T11:08:00Z,API-0687,notification-service,prod,,,/notify/v1/send,498,0.0019,88.1,"{""2xx"": 492, ""4xx"": 5, ""5xx"": 1}"
2026-04-09T11:08:00Z,API-0688,payment-network-gateway,prod,,,/routes/card,183,0.0032,336.4,"{""2xx"": 180, ""4xx"": 2, ""5xx"": 1}"
2026-04-09T11:08:00Z,API-0689,payment-network-gateway,prod,,,/routes/upi,225,0.0036,302.4,"{""2xx"": 222, ""4xx"": 2, ""5xx"": 1}"
2026-04-09T11:08:00Z,API-0690,payment-network-gateway,prod,,,/routes/neft,63,0.0043,465.9,"{""2xx"": 62, ""4xx"": 1, ""5xx"": 0}"
2026-04-09T11:09:00Z,API-0691,mobile-app,prod,,,/app/v1/session,1244,0.0035,430.9,"{""2xx"": 1228, ""4xx"": 12, ""5xx"": 4}"
2026-04-09T11:09:00Z,API-0692,net-banking,prod,,,/web/v1/session,782,0.0041,373.1,"{""2xx"": 771, ""4xx"": 8, ""5xx"": 3}"
2026-04-09T11:09:00Z,API-0693,api-gateway,prod,,,/gw/v1/route,2498,0.0032,178.8,"{""2xx"": 2465, ""4xx"": 25, ""5xx"": 8}"
2026-04-09T11:09:00Z,API-0694,auth-service,prod,,,/auth/v1/login,926,0.0023,119.8,"{""2xx"": 915, ""4xx"": 9, ""5xx"": 2}"
2026-04-09T11:09:00Z,API-0695,payments-service,prod,,,/payments/v1/payments,665,0.0059,265.4,"{""2xx"": 654, ""4xx"": 7, ""5xx"": 4}"
2026-04-09T11:09:00Z,API-0696,accounts-service,prod,,,/accounts/v1/balance,1091,0.0031,153.9,"{""2xx"": 1077, ""4xx"": 11, ""5xx"": 3}"
2026-04-09T11:09:00Z,API-0697,notification-service,prod,,,/notify/v1/send,515,0.0015,85.5,"{""2xx"": 509, ""4xx"": 5, ""5xx"": 1}"
2026-04-09T11:09:00Z,API-0698,payment-network-gateway,prod,,,/routes/card,188,0.0033,333.5,"{""2xx"": 185, ""4xx"": 2, ""5xx"": 1}"
2026-04-09T11:09:00Z,API-0699,payment-network-gateway,prod,,,/routes/upi,218,0.0036,290.8,"{""2xx"": 215, ""4xx"": 2, ""5xx"": 1}"
2026-04-09T11:09:00Z,API-0700,payment-network-gateway,prod,,,/routes/neft,61,0.0041,449.8,"{""2xx"": 60, ""4xx"": 1, ""5xx"": 0}"
2026-04-09T11:10:00Z,API-0701,mobile-app,prod,,,/app/v1/session,1163,0.0032,413.4,"{""2xx"": 1147, ""4xx"": 12, ""5xx"": 4}"
2026-04-09T11:10:00Z,API-0702,net-banking,prod,,,/web/v1/session,801,0.0042,396.4,"{""2xx"": 790, ""4xx"": 8, ""5xx"": 3}"
2026-04-09T11:10:00Z,API-0703,api-gateway,prod,,,/gw/v1/route,2560,0.003,172.6,"{""2xx"": 2526, ""4xx"": 26, ""5xx"": 8}"
2026-04-09T11:10:00Z,API-0704,auth-service,prod,,,/auth/v1/login,909,0.0015,116.2,"{""2xx"": 899, ""4xx"": 9, ""5xx"": 1}"
2026-04-09T11:10:00Z,API-0705,payments-service,prod,,,/payments/v1/payments,635,0.0044,254.6,"{""2xx"": 626, ""4xx"": 6, ""5xx"": 3}"
2026-04-09T11:10:00Z,API-0706,accounts-service,prod,,,/accounts/v1/balance,1067,0.0026,150.7,"{""2xx"": 1053, ""4xx"": 11, ""5xx"": 3}"
2026-04-09T11:10:00Z,API-0707,notification-service,prod,,,/notify/v1/send,496,0.002,86.2,"{""2xx"": 490, ""4xx"": 5, ""5xx"": 1}"
2026-04-09T11:10:00Z,API-0708,payment-network-gateway,prod,,,/routes/card,176,0.0048,331.7,"{""2xx"": 173, ""4xx"": 2, ""5xx"": 1}"
2026-04-09T11:10:00Z,API-0709,payment-network-gateway,prod,,,/routes/upi,226,0.0049,301.6,"{""2xx"": 223, ""4xx"": 2, ""5xx"": 1}"
2026-04-09T11:10:00Z,API-0710,payment-network-gateway,prod,,,/routes/neft,60,0.0038,433.5,"{""2xx"": 59, ""4xx"": 1, ""5xx"": 0}"
2026-04-09T11:11:00Z,API-0711,mobile-app,prod,,,/app/v1/session,1177,0.0046,407.7,"{""2xx"": 1160, ""4xx"": 12, ""5xx"": 5}"
2026-04-09T11:11:00Z,API-0712,net-banking,prod,,,/web/v1/session,804,0.0033,390.7,"{""2xx"": 793, ""4xx"": 8, ""5xx"": 3}"
2026-04-09T11:11:00Z,API-0713,api-gateway,prod,,,/gw/v1/route,2659,0.0037,187.8,"{""2xx"": 2622, ""4xx"": 27, ""5xx"": 10}"
2026-04-09T11:11:00Z,API-0714,auth-service,prod,,,/auth/v1/login,921,0.0022,114.6,"{""2xx"": 910, ""4xx"": 9, ""5xx"": 2}"
2026-04-09T11:11:00Z,API-0715,payments-service,prod,,,/payments/v1/payments,665,0.0041,256.7,"{""2xx"": 655, ""4xx"": 7, ""5xx"": 3}"
2026-04-09T11:11:00Z,API-0716,accounts-service,prod,,,/accounts/v1/balance,1121,0.0026,150.5,"{""2xx"": 1107, ""4xx"": 11, ""5xx"": 3}"
2026-04-09T11:11:00Z,API-0717,notification-service,prod,,,/notify/v1/send,496,0.002,94.0,"{""2xx"": 490, ""4xx"": 5, ""5xx"": 1}"
2026-04-09T11:11:00Z,API-0718,payment-network-gateway,prod,,,/routes/card,185,0.0046,327.1,"{""2xx"": 182, ""4xx"": 2, ""5xx"": 1}"
2026-04-09T11:11:00Z,API-0719,payment-network-gateway,prod,,,/routes/upi,221,0.0046,289.5,"{""2xx"": 218, ""4xx"": 2, ""5xx"": 1}"
2026-04-09T11:11:00Z,API-0720,payment-network-gateway,prod,,,/routes/neft,60,0.0038,444.5,"{""2xx"": 59, ""4xx"": 1, ""5xx"": 0}"
2026-04-09T11:12:00Z,API-0721,mobile-app,prod,,,/app/v1/session,1172,0.0046,434.4,"{""2xx"": 1155, ""4xx"": 12, ""5xx"": 5}"
2026-04-09T11:12:00Z,API-0722,net-banking,prod,,,/web/v1/session,802,0.0046,368.7,"{""2xx"": 790, ""4xx"": 8, ""5xx"": 4}"
2026-04-09T11:12:00Z,API-0723,api-gateway,prod,,,/gw/v1/route,2571,0.0027,185.6,"{""2xx"": 2538, ""4xx"": 26, ""5xx"": 7}"
2026-04-09T11:12:00Z,API-0724,auth-service,prod,,,/auth/v1/login,931,0.0015,118.0,"{""2xx"": 921, ""4xx"": 9, ""5xx"": 1}"
2026-04-09T11:12:00Z,API-0725,payments-service,prod,,,/payments/v1/payments,646,0.0039,262.6,"{""2xx"": 637, ""4xx"": 6, ""5xx"": 3}"
2026-04-09T11:12:00Z,API-0726,accounts-service,prod,,,/accounts/v1/balance,1133,0.0028,156.4,"{""2xx"": 1119, ""4xx"": 11, ""5xx"": 3}"
2026-04-09T11:12:00Z,API-0727,notification-service,prod,,,/notify/v1/send,517,0.0016,91.6,"{""2xx"": 511, ""4xx"": 5, ""5xx"": 1}"
2026-04-09T11:12:00Z,API-0728,payment-network-gateway,prod,,,/routes/card,184,0.0046,338.2,"{""2xx"": 181, ""4xx"": 2, ""5xx"": 1}"
2026-04-09T11:12:00Z,API-0729,payment-network-gateway,prod,,,/routes/upi,231,0.0037,300.9,"{""2xx"": 228, ""4xx"": 2, ""5xx"": 1}"
2026-04-09T11:12:00Z,API-0730,payment-network-gateway,prod,,,/routes/neft,60,0.0042,454.0,"{""2xx"": 59, ""4xx"": 1, ""5xx"": 0}"
2026-04-09T11:13:00Z,API-0731,mobile-app,prod,,,/app/v1/session,1200,0.0031,416.1,"{""2xx"": 1184, ""4xx"": 12, ""5xx"": 4}"
2026-04-09T11:13:00Z,API-0732,net-banking,prod,,,/web/v1/session,785,0.0042,383.7,"{""2xx"": 774, ""4xx"": 8, ""5xx"": 3}"
2026-04-09T11:13:00Z,API-0733,api-gateway,prod,,,/gw/v1/route,2474,0.0029,172.3,"{""2xx"": 2442, ""4xx"": 25, ""5xx"": 7}"
2026-04-09T11:13:00Z,API-0734,auth-service,prod,,,/auth/v1/login,864,0.0017,117.3,"{""2xx"": 854, ""4xx"": 9, ""5xx"": 1}"
2026-04-09T11:13:00Z,API-0735,payments-service,prod,,,/payments/v1/payments,620,0.0061,256.8,"{""2xx"": 610, ""4xx"": 6, ""5xx"": 4}"
2026-04-09T11:13:00Z,API-0736,accounts-service,prod,,,/accounts/v1/balance,1065,0.0024,144.2,"{""2xx"": 1051, ""4xx"": 11, ""5xx"": 3}"
2026-04-09T11:13:00Z,API-0737,notification-service,prod,,,/notify/v1/send,494,0.0019,89.1,"{""2xx"": 488, ""4xx"": 5, ""5xx"": 1}"
2026-04-09T11:13:00Z,API-0738,payment-network-gateway,prod,,,/routes/card,179,0.0033,341.8,"{""2xx"": 176, ""4xx"": 2, ""5xx"": 1}"
2026-04-09T11:13:00Z,API-0739,payment-network-gateway,prod,,,/routes/upi,216,0.0038,290.5,"{""2xx"": 213, ""4xx"": 2, ""5xx"": 1}"
2026-04-09T11:13:00Z,API-0740,payment-network-gateway,prod,,,/routes/neft,61,0.0039,440.3,"{""2xx"": 60, ""4xx"": 1, ""5xx"": 0}"
2026-04-09T11:14:00Z,API-0741,mobile-app,prod,,,/app/v1/session,1155,0.0042,401.7,"{""2xx"": 1138, ""4xx"": 12, ""5xx"": 5}"
2026-04-09T11:14:00Z,API-0742,net-banking,prod,,,/web/v1/session,824,0.0044,365.5,"{""2xx"": 812, ""4xx"": 8, ""5xx"": 4}"
2026-04-09T11:14:00Z,API-0743,api-gateway,prod,,,/gw/v1/route,2582,0.0024,172.5,"{""2xx"": 2550, ""4xx"": 26, ""5xx"": 6}"
2026-04-09T11:14:00Z,API-0744,auth-service,prod,,,/auth/v1/login,911,0.0016,117.6,"{""2xx"": 901, ""4xx"": 9, ""5xx"": 1}"
2026-04-09T11:14:00Z,API-0745,payments-service,prod,,,/payments/v1/payments,605,0.0041,264.2,"{""2xx"": 597, ""4xx"": 6, ""5xx"": 2}"
2026-04-09T11:14:00Z,API-0746,accounts-service,prod,,,/accounts/v1/balance,1110,0.0026,144.4,"{""2xx"": 1096, ""4xx"": 11, ""5xx"": 3}"
2026-04-09T11:14:00Z,API-0747,notification-service,prod,,,/notify/v1/send,485,0.0022,93.7,"{""2xx"": 479, ""4xx"": 5, ""5xx"": 1}"
2026-04-09T11:14:00Z,API-0748,payment-network-gateway,prod,,,/routes/card,187,0.0036,326.2,"{""2xx"": 184, ""4xx"": 2, ""5xx"": 1}"
2026-04-09T11:14:00Z,API-0749,payment-network-gateway,prod,,,/routes/upi,228,0.0034,301.5,"{""2xx"": 225, ""4xx"": 2, ""5xx"": 1}"
2026-04-09T11:14:00Z,API-0750,payment-network-gateway,prod,,,/routes/neft,63,0.0042,428.1,"{""2xx"": 62, ""4xx"": 1, ""5xx"": 0}"
2026-04-09T11:15:00Z,API-0751,mobile-app,prod,,,/app/v1/session,1238,0.0034,416.7,"{""2xx"": 1222, ""4xx"": 12, ""5xx"": 4}"
2026-04-09T11:15:00Z,API-0752,net-banking,prod,,,/web/v1/session,834,0.0035,377.2,"{""2xx"": 823, ""4xx"": 8, ""5xx"": 3}"
2026-04-09T11:15:00Z,API-0753,api-gateway,prod,,,/gw/v1/route,2686,0.0031,180.3,"{""2xx"": 2651, ""4xx"": 27, ""5xx"": 8}"
2026-04-09T11:15:00Z,API-0754,auth-service,prod,,,/auth/v1/login,942,0.0018,122.3,"{""2xx"": 931, ""4xx"": 9, ""5xx"": 2}"
2026-04-09T11:15:00Z,API-0755,payments-service,prod,,,/payments/v1/payments,620,0.0061,247.1,"{""2xx"": 610, ""4xx"": 6, ""5xx"": 4}"
2026-04-09T11:15:00Z,API-0756,accounts-service,prod,,,/accounts/v1/balance,1150,0.0032,156.0,"{""2xx"": 1134, ""4xx"": 12, ""5xx"": 4}"
2026-04-09T11:15:00Z,API-0757,notification-service,prod,,,/notify/v1/send,514,0.0022,86.8,"{""2xx"": 508, ""4xx"": 5, ""5xx"": 1}"
2026-04-09T11:15:00Z,API-0758,payment-network-gateway,prod,,,/routes/card,183,0.0049,351.6,"{""2xx"": 180, ""4xx"": 2, ""5xx"": 1}"
2026-04-09T11:15:00Z,API-0759,payment-network-gateway,prod,,,/routes/upi,220,0.0037,301.6,"{""2xx"": 217, ""4xx"": 2, ""5xx"": 1}"
2026-04-09T11:15:00Z,API-0760,payment-network-gateway,prod,,,/routes/neft,60,0.0034,451.7,"{""2xx"": 59, ""4xx"": 1, ""5xx"": 0}"
2026-04-09T11:16:00Z,API-0761,mobile-app,prod,,,/app/v1/session,1216,0.0042,439.9,"{""2xx"": 1199, ""4xx"": 12, ""5xx"": 5}"
2026-04-09T11:16:00Z,API-0762,net-banking,prod,,,/web/v1/session,823,0.0044,387.3,"{""2xx"": 811, ""4xx"": 8, ""5xx"": 4}"
2026-04-09T11:16:00Z,API-0763,api-gateway,prod,,,/gw/v1/route,2507,0.003,183.7,"{""2xx"": 2474, ""4xx"": 25, ""5xx"": 8}"
2026-04-09T11:16:00Z,API-0764,auth-service,prod,,,/auth/v1/login,894,0.0024,119.9,"{""2xx"": 883, ""4xx"": 9, ""5xx"": 2}"
2026-04-09T11:16:00Z,API-0765,payments-service,prod,,,/payments/v1/payments,638,0.0052,259.0,"{""2xx"": 629, ""4xx"": 6, ""5xx"": 3}"
2026-04-09T11:16:00Z,API-0766,accounts-service,prod,,,/accounts/v1/balance,1096,0.0025,157.2,"{""2xx"": 1082, ""4xx"": 11, ""5xx"": 3}"
2026-04-09T11:16:00Z,API-0767,notification-service,prod,,,/notify/v1/send,481,0.0024,87.9,"{""2xx"": 475, ""4xx"": 5, ""5xx"": 1}"
2026-04-09T11:16:00Z,API-0768,payment-network-gateway,prod,,,/routes/card,177,0.005,343.0,"{""2xx"": 174, ""4xx"": 2, ""5xx"": 1}"
2026-04-09T11:16:00Z,API-0769,payment-network-gateway,prod,,,/routes/upi,223,0.0045,310.5,"{""2xx"": 220, ""4xx"": 2, ""5xx"": 1}"
2026-04-09T11:16:00Z,API-0770,payment-network-gateway,prod,,,/routes/neft,62,0.0037,451.0,"{""2xx"": 61, ""4xx"": 1, ""5xx"": 0}"
2026-04-09T11:17:00Z,API-0771,mobile-app,prod,,,/app/v1/session,1158,0.0033,399.4,"{""2xx"": 1142, ""4xx"": 12, ""5xx"": 4}"
2026-04-09T11:17:00Z,API-0772,net-banking,prod,,,/web/v1/session,816,0.0036,381.9,"{""2xx"": 805, ""4xx"": 8, ""5xx"": 3}"
2026-04-09T11:17:00Z,API-0773,api-gateway,prod,,,/gw/v1/route,2504,0.0033,176.0,"{""2xx"": 2471, ""4xx"": 25, ""5xx"": 8}"
2026-04-09T11:17:00Z,API-0774,auth-service,prod,,,/auth/v1/login,869,0.0016,121.9,"{""2xx"": 859, ""4xx"": 9, ""5xx"": 1}"
2026-04-09T11:17:00Z,API-0775,payments-service,prod,,,/payments/v1/payments,635,0.0061,248.9,"{""2xx"": 625, ""4xx"": 6, ""5xx"": 4}"
2026-04-09T11:17:00Z,API-0776,accounts-service,prod,,,/accounts/v1/balance,1126,0.003,156.4,"{""2xx"": 1112, ""4xx"": 11, ""5xx"": 3}"
2026-04-09T11:17:00Z,API-0777,notification-service,prod,,,/notify/v1/send,492,0.0023,91.2,"{""2xx"": 486, ""4xx"": 5, ""5xx"": 1}"
2026-04-09T11:17:00Z,API-0778,payment-network-gateway,prod,,,/routes/card,176,0.0041,342.4,"{""2xx"": 173, ""4xx"": 2, ""5xx"": 1}"
2026-04-09T11:17:00Z,API-0779,payment-network-gateway,prod,,,/routes/upi,226,0.0038,290.2,"{""2xx"": 223, ""4xx"": 2, ""5xx"": 1}"
2026-04-09T11:17:00Z,API-0780,payment-network-gateway,prod,,,/routes/neft,57,0.0038,464.9,"{""2xx"": 56, ""4xx"": 1, ""5xx"": 0}"
2026-04-09T11:18:00Z,API-0781,mobile-app,prod,,,/app/v1/session,1239,0.0034,425.9,"{""2xx"": 1223, ""4xx"": 12, ""5xx"": 4}"
2026-04-09T11:18:00Z,API-0782,net-banking,prod,,,/web/v1/session,788,0.0045,390.4,"{""2xx"": 776, ""4xx"": 8, ""5xx"": 4}"
2026-04-09T11:18:00Z,API-0783,api-gateway,prod,,,/gw/v1/route,2713,0.0023,177.9,"{""2xx"": 2680, ""4xx"": 27, ""5xx"": 6}"
2026-04-09T11:18:00Z,API-0784,auth-service,prod,,,/auth/v1/login,886,0.0018,114.9,"{""2xx"": 875, ""4xx"": 9, ""5xx"": 2}"
2026-04-09T11:18:00Z,API-0785,payments-service,prod,,,/payments/v1/payments,628,0.0045,258.9,"{""2xx"": 619, ""4xx"": 6, ""5xx"": 3}"
2026-04-09T11:18:00Z,API-0786,accounts-service,prod,,,/accounts/v1/balance,1104,0.0035,148.3,"{""2xx"": 1089, ""4xx"": 11, ""5xx"": 4}"
2026-04-09T11:18:00Z,API-0787,notification-service,prod,,,/notify/v1/send,496,0.0018,88.7,"{""2xx"": 490, ""4xx"": 5, ""5xx"": 1}"
2026-04-09T11:18:00Z,API-0788,payment-network-gateway,prod,,,/routes/card,178,0.0034,328.1,"{""2xx"": 175, ""4xx"": 2, ""5xx"": 1}"
2026-04-09T11:18:00Z,API-0789,payment-network-gateway,prod,,,/routes/upi,229,0.0031,300.3,"{""2xx"": 226, ""4xx"": 2, ""5xx"": 1}"
2026-04-09T11:18:00Z,API-0790,payment-network-gateway,prod,,,/routes/neft,62,0.0042,465.5,"{""2xx"": 61, ""4xx"": 1, ""5xx"": 0}"
2026-04-09T11:19:00Z,API-0791,mobile-app,prod,,,/app/v1/session,1251,0.0045,406.7,"{""2xx"": 1232, ""4xx"": 13, ""5xx"": 6}"
2026-04-09T11:19:00Z,API-0792,net-banking,prod,,,/web/v1/session,799,0.0041,366.8,"{""2xx"": 788, ""4xx"": 8, ""5xx"": 3}"
2026-04-09T11:19:00Z,API-0793,api-gateway,prod,,,/gw/v1/route,2612,0.0032,178.4,"{""2xx"": 2578, ""4xx"": 26, ""5xx"": 8}"
2026-04-09T11:19:00Z,API-0794,auth-service,prod,,,/auth/v1/login,892,0.0024,119.0,"{""2xx"": 881, ""4xx"": 9, ""5xx"": 2}"
2026-04-09T11:19:00Z,API-0795,payments-service,prod,,,/payments/v1/payments,652,0.0056,265.3,"{""2xx"": 641, ""4xx"": 7, ""5xx"": 4}"
2026-04-09T11:19:00Z,API-0796,accounts-service,prod,,,/accounts/v1/balance,1133,0.0024,150.6,"{""2xx"": 1119, ""4xx"": 11, ""5xx"": 3}"
2026-04-09T11:19:00Z,API-0797,notification-service,prod,,,/notify/v1/send,513,0.0021,89.8,"{""2xx"": 507, ""4xx"": 5, ""5xx"": 1}"
2026-04-09T11:19:00Z,API-0798,payment-network-gateway,prod,,,/routes/card,174,0.0042,324.4,"{""2xx"": 171, ""4xx"": 2, ""5xx"": 1}"
2026-04-09T11:19:00Z,API-0799,payment-network-gateway,prod,,,/routes/upi,223,0.003,306.2,"{""2xx"": 220, ""4xx"": 2, ""5xx"": 1}"
2026-04-09T11:19:00Z,API-0800,payment-network-gateway,prod,,,/routes/neft,57,0.0034,440.9,"{""2xx"": 56, ""4xx"": 1, ""5xx"": 0}"
2026-04-09T11:20:00Z,API-0801,mobile-app,prod,,,/app/v1/session,1155,0.0039,399.5,"{""2xx"": 1138, ""4xx"": 12, ""5xx"": 5}"
2026-04-09T11:20:00Z,API-0802,net-banking,prod,,,/web/v1/session,821,0.0032,371.7,"{""2xx"": 810, ""4xx"": 8, ""5xx"": 3}"
2026-04-09T11:20:00Z,API-0803,api-gateway,prod,,,/gw/v1/route,2650,0.0027,176.1,"{""2xx"": 2617, ""4xx"": 26, ""5xx"": 7}"
2026-04-09T11:20:00Z,API-0804,auth-service,prod,,,/auth/v1/login,943,0.002,117.0,"{""2xx"": 932, ""4xx"": 9, ""5xx"": 2}"
2026-04-09T11:20:00Z,API-0805,payments-service,prod,,,/payments/v1/payments,617,0.0038,267.7,"{""2xx"": 609, ""4xx"": 6, ""5xx"": 2}"
2026-04-09T11:20:00Z,API-0806,accounts-service,prod,,,/accounts/v1/balance,1059,0.0029,150.4,"{""2xx"": 1045, ""4xx"": 11, ""5xx"": 3}"
2026-04-09T11:20:00Z,API-0807,notification-service,prod,,,/notify/v1/send,500,0.0022,86.1,"{""2xx"": 494, ""4xx"": 5, ""5xx"": 1}"
2026-04-09T11:20:00Z,API-0808,payment-network-gateway,prod,,,/routes/card,173,0.0047,324.5,"{""2xx"": 170, ""4xx"": 2, ""5xx"": 1}"
2026-04-09T11:20:00Z,API-0809,payment-network-gateway,prod,,,/routes/upi,213,0.0046,291.6,"{""2xx"": 210, ""4xx"": 2, ""5xx"": 1}"
2026-04-09T11:20:00Z,API-0810,payment-network-gateway,prod,,,/routes/neft,58,0.0045,450.7,"{""2xx"": 57, ""4xx"": 1, ""5xx"": 0}"
2026-04-09T11:21:00Z,API-0811,mobile-app,prod,,,/app/v1/session,1162,0.0041,415.6,"{""2xx"": 1145, ""4xx"": 12, ""5xx"": 5}"
2026-04-09T11:21:00Z,API-0812,net-banking,prod,,,/web/v1/session,827,0.0032,398.7,"{""2xx"": 816, ""4xx"": 8, ""5xx"": 3}"
2026-04-09T11:21:00Z,API-0813,api-gateway,prod,,,/gw/v1/route,2704,0.0025,182.8,"{""2xx"": 2670, ""4xx"": 27, ""5xx"": 7}"
2026-04-09T11:21:00Z,API-0814,auth-service,prod,,,/auth/v1/login,901,0.0019,115.1,"{""2xx"": 890, ""4xx"": 9, ""5xx"": 2}"
2026-04-09T11:21:00Z,API-0815,payments-service,prod,,,/payments/v1/payments,655,0.0048,257.9,"{""2xx"": 645, ""4xx"": 7, ""5xx"": 3}"
2026-04-09T11:21:00Z,API-0816,accounts-service,prod,,,/accounts/v1/balance,1076,0.0031,144.4,"{""2xx"": 1062, ""4xx"": 11, ""5xx"": 3}"
2026-04-09T11:21:00Z,API-0817,notification-service,prod,,,/notify/v1/send,504,0.0021,87.8,"{""2xx"": 498, ""4xx"": 5, ""5xx"": 1}"
2026-04-09T11:21:00Z,API-0818,payment-network-gateway,prod,,,/routes/card,185,0.0032,328.9,"{""2xx"": 182, ""4xx"": 2, ""5xx"": 1}"
2026-04-09T11:21:00Z,API-0819,payment-network-gateway,prod,,,/routes/upi,222,0.0033,295.2,"{""2xx"": 219, ""4xx"": 2, ""5xx"": 1}"
2026-04-09T11:21:00Z,API-0820,payment-network-gateway,prod,,,/routes/neft,59,0.0045,446.5,"{""2xx"": 58, ""4xx"": 1, ""5xx"": 0}"
2026-04-09T11:22:00Z,API-0821,mobile-app,prod,,,/app/v1/session,1248,0.0041,439.8,"{""2xx"": 1231, ""4xx"": 12, ""5xx"": 5}"
2026-04-09T11:22:00Z,API-0822,net-banking,prod,,,/web/v1/session,762,0.0049,374.9,"{""2xx"": 750, ""4xx"": 8, ""5xx"": 4}"
2026-04-09T11:22:00Z,API-0823,api-gateway,prod,,,/gw/v1/route,2605,0.0036,172.0,"{""2xx"": 2570, ""4xx"": 26, ""5xx"": 9}"
2026-04-09T11:22:00Z,API-0824,auth-service,prod,,,/auth/v1/login,897,0.0023,122.4,"{""2xx"": 886, ""4xx"": 9, ""5xx"": 2}"
2026-04-09T11:22:00Z,API-0825,payments-service,prod,,,/payments/v1/payments,649,0.0056,255.4,"{""2xx"": 639, ""4xx"": 6, ""5xx"": 4}"
2026-04-09T11:22:00Z,API-0826,accounts-service,prod,,,/accounts/v1/balance,1073,0.0037,145.0,"{""2xx"": 1058, ""4xx"": 11, ""5xx"": 4}"
2026-04-09T11:22:00Z,API-0827,notification-service,prod,,,/notify/v1/send,478,0.0025,92.8,"{""2xx"": 472, ""4xx"": 5, ""5xx"": 1}"
2026-04-09T11:22:00Z,API-0828,payment-network-gateway,prod,,,/routes/card,180,0.0048,347.8,"{""2xx"": 177, ""4xx"": 2, ""5xx"": 1}"
2026-04-09T11:22:00Z,API-0829,payment-network-gateway,prod,,,/routes/upi,223,0.0044,313.7,"{""2xx"": 220, ""4xx"": 2, ""5xx"": 1}"
2026-04-09T11:22:00Z,API-0830,payment-network-gateway,prod,,,/routes/neft,60,0.003,447.7,"{""2xx"": 59, ""4xx"": 1, ""5xx"": 0}"
2026-04-09T11:23:00Z,API-0831,mobile-app,prod,,,/app/v1/session,1196,0.0041,409.8,"{""2xx"": 1179, ""4xx"": 12, ""5xx"": 5}"
2026-04-09T11:23:00Z,API-0832,net-banking,prod,,,/web/v1/session,818,0.005,391.7,"{""2xx"": 806, ""4xx"": 8, ""5xx"": 4}"
2026-04-09T11:23:00Z,API-0833,api-gateway,prod,,,/gw/v1/route,2689,0.0032,186.7,"{""2xx"": 2653, ""4xx"": 27, ""5xx"": 9}"
2026-04-09T11:23:00Z,API-0834,auth-service,prod,,,/auth/v1/login,891,0.0019,117.6,"{""2xx"": 880, ""4xx"": 9, ""5xx"": 2}"
2026-04-09T11:23:00Z,API-0835,payments-service,prod,,,/payments/v1/payments,668,0.0055,253.7,"{""2xx"": 657, ""4xx"": 7, ""5xx"": 4}"
2026-04-09T11:23:00Z,API-0836,accounts-service,prod,,,/accounts/v1/balance,1136,0.0036,143.2,"{""2xx"": 1121, ""4xx"": 11, ""5xx"": 4}"
2026-04-09T11:23:00Z,API-0837,notification-service,prod,,,/notify/v1/send,489,0.0024,88.9,"{""2xx"": 483, ""4xx"": 5, ""5xx"": 1}"
2026-04-09T11:23:00Z,API-0838,payment-network-gateway,prod,,,/routes/card,186,0.0038,331.5,"{""2xx"": 183, ""4xx"": 2, ""5xx"": 1}"
2026-04-09T11:23:00Z,API-0839,payment-network-gateway,prod,,,/routes/upi,219,0.004,285.7,"{""2xx"": 216, ""4xx"": 2, ""5xx"": 1}"
2026-04-09T11:23:00Z,API-0840,payment-network-gateway,prod,,,/routes/neft,58,0.0031,444.2,"{""2xx"": 57, ""4xx"": 1, ""5xx"": 0}"
2026-04-09T11:24:00Z,API-0841,mobile-app,prod,,,/app/v1/session,1163,0.0039,428.3,"{""2xx"": 1146, ""4xx"": 12, ""5xx"": 5}"
2026-04-09T11:24:00Z,API-0842,net-banking,prod,,,/web/v1/session,813,0.0047,369.4,"{""2xx"": 801, ""4xx"": 8, ""5xx"": 4}"
2026-04-09T11:24:00Z,API-0843,api-gateway,prod,,,/gw/v1/route,2471,0.0025,172.5,"{""2xx"": 2440, ""4xx"": 25, ""5xx"": 6}"
2026-04-09T11:24:00Z,API-0844,auth-service,prod,,,/auth/v1/login,933,0.0018,115.1,"{""2xx"": 922, ""4xx"": 9, ""5xx"": 2}"
2026-04-09T11:24:00Z,API-0845,payments-service,prod,,,/payments/v1/payments,649,0.0045,256.4,"{""2xx"": 640, ""4xx"": 6, ""5xx"": 3}"
2026-04-09T11:24:00Z,API-0846,accounts-service,prod,,,/accounts/v1/balance,1096,0.0037,146.3,"{""2xx"": 1081, ""4xx"": 11, ""5xx"": 4}"
2026-04-09T11:24:00Z,API-0847,notification-service,prod,,,/notify/v1/send,478,0.0024,91.6,"{""2xx"": 472, ""4xx"": 5, ""5xx"": 1}"
2026-04-09T11:24:00Z,API-0848,payment-network-gateway,prod,,,/routes/card,185,0.0037,346.3,"{""2xx"": 182, ""4xx"": 2, ""5xx"": 1}"
2026-04-09T11:24:00Z,API-0849,payment-network-gateway,prod,,,/routes/upi,212,0.0031,286.3,"{""2xx"": 209, ""4xx"": 2, ""5xx"": 1}"
2026-04-09T11:24:00Z,API-0850,payment-network-gateway,prod,,,/routes/neft,62,0.0032,451.8,"{""2xx"": 61, ""4xx"": 1, ""5xx"": 0}"
2026-04-09T11:25:00Z,API-0851,mobile-app,prod,,,/app/v1/session,1151,0.0043,409.7,"{""2xx"": 1134, ""4xx"": 12, ""5xx"": 5}"
2026-04-09T11:25:00Z,API-0852,net-banking,prod,,,/web/v1/session,807,0.0037,377.9,"{""2xx"": 796, ""4xx"": 8, ""5xx"": 3}"
2026-04-09T11:25:00Z,API-0853,api-gateway,prod,,,/gw/v1/route,2545,0.0024,177.6,"{""2xx"": 2514, ""4xx"": 25, ""5xx"": 6}"
2026-04-09T11:25:00Z,API-0854,auth-service,prod,,,/auth/v1/login,910,0.0017,118.8,"{""2xx"": 899, ""4xx"": 9, ""5xx"": 2}"
2026-04-09T11:25:00Z,API-0855,payments-service,prod,,,/payments/v1/payments,623,0.0057,260.5,"{""2xx"": 613, ""4xx"": 6, ""5xx"": 4}"
2026-04-09T11:25:00Z,API-0856,accounts-service,prod,,,/accounts/v1/balance,1114,0.0032,146.7,"{""2xx"": 1099, ""4xx"": 11, ""5xx"": 4}"
2026-04-09T11:25:00Z,API-0857,notification-service,prod,,,/notify/v1/send,514,0.0024,89.8,"{""2xx"": 508, ""4xx"": 5, ""5xx"": 1}"
2026-04-09T11:25:00Z,API-0858,payment-network-gateway,prod,,,/routes/card,181,0.0032,323.5,"{""2xx"": 178, ""4xx"": 2, ""5xx"": 1}"
2026-04-09T11:25:00Z,API-0859,payment-network-gateway,prod,,,/routes/upi,225,0.0039,297.2,"{""2xx"": 222, ""4xx"": 2, ""5xx"": 1}"
2026-04-09T11:25:00Z,API-0860,payment-network-gateway,prod,,,/routes/neft,61,0.0048,468.8,"{""2xx"": 60, ""4xx"": 1, ""5xx"": 0}"
2026-04-09T11:26:00Z,API-0861,mobile-app,prod,,,/app/v1/session,1162,0.004,404.1,"{""2xx"": 1145, ""4xx"": 12, ""5xx"": 5}"
2026-04-09T11:26:00Z,API-0862,net-banking,prod,,,/web/v1/session,811,0.005,397.4,"{""2xx"": 799, ""4xx"": 8, ""5xx"": 4}"
2026-04-09T11:26:00Z,API-0863,api-gateway,prod,,,/gw/v1/route,2590,0.0032,178.0,"{""2xx"": 2556, ""4xx"": 26, ""5xx"": 8}"
2026-04-09T11:26:00Z,API-0864,auth-service,prod,,,/auth/v1/login,871,0.0015,117.3,"{""2xx"": 861, ""4xx"": 9, ""5xx"": 1}"
2026-04-09T11:26:00Z,API-0865,payments-service,prod,,,/payments/v1/payments,639,0.0051,251.7,"{""2xx"": 630, ""4xx"": 6, ""5xx"": 3}"
2026-04-09T11:26:00Z,API-0866,accounts-service,prod,,,/accounts/v1/balance,1057,0.0037,151.1,"{""2xx"": 1042, ""4xx"": 11, ""5xx"": 4}"
2026-04-09T11:26:00Z,API-0867,notification-service,prod,,,/notify/v1/send,498,0.0023,94.1,"{""2xx"": 492, ""4xx"": 5, ""5xx"": 1}"
2026-04-09T11:26:00Z,API-0868,payment-network-gateway,prod,,,/routes/card,184,0.0041,345.0,"{""2xx"": 181, ""4xx"": 2, ""5xx"": 1}"
2026-04-09T11:26:00Z,API-0869,payment-network-gateway,prod,,,/routes/upi,217,0.0033,313.9,"{""2xx"": 214, ""4xx"": 2, ""5xx"": 1}"
2026-04-09T11:26:00Z,API-0870,payment-network-gateway,prod,,,/routes/neft,59,0.0036,443.8,"{""2xx"": 58, ""4xx"": 1, ""5xx"": 0}"
2026-04-09T11:27:00Z,API-0871,mobile-app,prod,,,/app/v1/session,1260,0.0049,430.2,"{""2xx"": 1241, ""4xx"": 13, ""5xx"": 6}"
2026-04-09T11:27:00Z,API-0872,net-banking,prod,,,/web/v1/session,811,0.0031,394.0,"{""2xx"": 800, ""4xx"": 8, ""5xx"": 3}"
2026-04-09T11:27:00Z,API-0873,api-gateway,prod,,,/gw/v1/route,2541,0.0032,182.7,"{""2xx"": 2508, ""4xx"": 25, ""5xx"": 8}"
2026-04-09T11:27:00Z,API-0874,auth-service,prod,,,/auth/v1/login,936,0.0022,115.9,"{""2xx"": 925, ""4xx"": 9, ""5xx"": 2}"
2026-04-09T11:27:00Z,API-0875,payments-service,prod,,,/payments/v1/payments,638,0.0048,256.2,"{""2xx"": 629, ""4xx"": 6, ""5xx"": 3}"
2026-04-09T11:27:00Z,API-0876,accounts-service,prod,,,/accounts/v1/balance,1059,0.0029,144.0,"{""2xx"": 1045, ""4xx"": 11, ""5xx"": 3}"
2026-04-09T11:27:00Z,API-0877,notification-service,prod,,,/notify/v1/send,502,0.0017,86.6,"{""2xx"": 496, ""4xx"": 5, ""5xx"": 1}"
2026-04-09T11:27:00Z,API-0878,payment-network-gateway,prod,,,/routes/card,173,0.0034,326.1,"{""2xx"": 170, ""4xx"": 2, ""5xx"": 1}"
2026-04-09T11:27:00Z,API-0879,payment-network-gateway,prod,,,/routes/upi,227,0.0036,288.1,"{""2xx"": 224, ""4xx"": 2, ""5xx"": 1}"
2026-04-09T11:27:00Z,API-0880,payment-network-gateway,prod,,,/routes/neft,59,0.0042,465.3,"{""2xx"": 58, ""4xx"": 1, ""5xx"": 0}"
2026-04-09T11:28:00Z,API-0881,mobile-app,prod,,,/app/v1/session,1230,0.0044,432.4,"{""2xx"": 1213, ""4xx"": 12, ""5xx"": 5}"
2026-04-09T11:28:00Z,API-0882,net-banking,prod,,,/web/v1/session,777,0.0039,369.7,"{""2xx"": 766, ""4xx"": 8, ""5xx"": 3}"
2026-04-09T11:28:00Z,API-0883,api-gateway,prod,,,/gw/v1/route,2727,0.0035,171.2,"{""2xx"": 2690, ""4xx"": 27, ""5xx"": 10}"
2026-04-09T11:28:00Z,API-0884,auth-service,prod,,,/auth/v1/login,865,0.0018,124.3,"{""2xx"": 854, ""4xx"": 9, ""5xx"": 2}"
2026-04-09T11:28:00Z,API-0885,payments-service,prod,,,/payments/v1/payments,666,0.004,261.0,"{""2xx"": 656, ""4xx"": 7, ""5xx"": 3}"
2026-04-09T11:28:00Z,API-0886,accounts-service,prod,,,/accounts/v1/balance,1068,0.0023,144.6,"{""2xx"": 1055, ""4xx"": 11, ""5xx"": 2}"
2026-04-09T11:28:00Z,API-0887,notification-service,prod,,,/notify/v1/send,499,0.0017,93.2,"{""2xx"": 493, ""4xx"": 5, ""5xx"": 1}"
2026-04-09T11:28:00Z,API-0888,payment-network-gateway,prod,,,/routes/card,185,0.0039,338.5,"{""2xx"": 182, ""4xx"": 2, ""5xx"": 1}"
2026-04-09T11:28:00Z,API-0889,payment-network-gateway,prod,,,/routes/upi,214,0.0036,289.4,"{""2xx"": 211, ""4xx"": 2, ""5xx"": 1}"
2026-04-09T11:28:00Z,API-0890,payment-network-gateway,prod,,,/routes/neft,62,0.0032,452.9,"{""2xx"": 61, ""4xx"": 1, ""5xx"": 0}"
2026-04-09T11:29:00Z,API-0891,mobile-app,prod,,,/app/v1/session,1202,0.0037,428.4,"{""2xx"": 1186, ""4xx"": 12, ""5xx"": 4}"
2026-04-09T11:29:00Z,API-0892,net-banking,prod,,,/web/v1/session,806,0.0035,381.7,"{""2xx"": 795, ""4xx"": 8, ""5xx"": 3}"
2026-04-09T11:29:00Z,API-0893,api-gateway,prod,,,/gw/v1/route,2718,0.0029,179.0,"{""2xx"": 2683, ""4xx"": 27, ""5xx"": 8}"
2026-04-09T11:29:00Z,API-0894,auth-service,prod,,,/auth/v1/login,920,0.0023,114.9,"{""2xx"": 909, ""4xx"": 9, ""5xx"": 2}"
2026-04-09T11:29:00Z,API-0895,payments-service,prod,,,/payments/v1/payments,639,0.0051,247.5,"{""2xx"": 630, ""4xx"": 6, ""5xx"": 3}"
2026-04-09T11:29:00Z,API-0896,accounts-service,prod,,,/accounts/v1/balance,1061,0.0033,151.3,"{""2xx"": 1046, ""4xx"": 11, ""5xx"": 4}"
2026-04-09T11:29:00Z,API-0897,notification-service,prod,,,/notify/v1/send,514,0.002,87.6,"{""2xx"": 508, ""4xx"": 5, ""5xx"": 1}"
2026-04-09T11:29:00Z,API-0898,payment-network-gateway,prod,,,/routes/card,186,0.0043,348.6,"{""2xx"": 183, ""4xx"": 2, ""5xx"": 1}"
2026-04-09T11:29:00Z,API-0899,payment-network-gateway,prod,,,/routes/upi,230,0.004,294.4,"{""2xx"": 227, ""4xx"": 2, ""5xx"": 1}"
2026-04-09T11:29:00Z,API-0900,payment-network-gateway,prod,,,/routes/neft,60,0.0048,463.0,"{""2xx"": 59, ""4xx"": 1, ""5xx"": 0}"
