timestamp,record_id,service,environment,trace_id,transaction_id,endpoint,request_count,error_rate,p95_latency_ms,status_code_breakdown
2026-03-14T09:35:00Z,API-0001,mobile-app,prod,,,/app/v1/session,1217,0.0035,412.7,"{""2xx"": 1201, ""4xx"": 12, ""5xx"": 4}"
2026-03-14T09:35:00Z,API-0002,net-banking,prod,,,/web/v1/session,776,0.0036,362.7,"{""2xx"": 765, ""4xx"": 8, ""5xx"": 3}"
2026-03-14T09:35:00Z,API-0003,api-gateway,prod,,,/gw/v1/route,2715,0.0029,184.9,"{""2xx"": 2680, ""4xx"": 27, ""5xx"": 8}"
2026-03-14T09:35:00Z,API-0004,auth-service,prod,,,/auth/v1/login,933,0.002,125.0,"{""2xx"": 922, ""4xx"": 9, ""5xx"": 2}"
2026-03-14T09:35:00Z,API-0005,payments-service,prod,,,/payments/v1/payments,612,0.0053,260.5,"{""2xx"": 603, ""4xx"": 6, ""5xx"": 3}"
2026-03-14T09:35:00Z,API-0006,accounts-service,prod,,,/accounts/v1/balance,1153,0.0023,144.0,"{""2xx"": 1138, ""4xx"": 12, ""5xx"": 3}"
2026-03-14T09:35:00Z,API-0007,notification-service,prod,,,/notify/v1/send,492,0.0023,87.4,"{""2xx"": 486, ""4xx"": 5, ""5xx"": 1}"
2026-03-14T09:35:00Z,API-0008,payment-network-gateway,prod,,,/routes/card,172,0.004,323.7,"{""2xx"": 169, ""4xx"": 2, ""5xx"": 1}"
2026-03-14T09:35:00Z,API-0009,payment-network-gateway,prod,,,/routes/upi,214,0.0044,295.9,"{""2xx"": 211, ""4xx"": 2, ""5xx"": 1}"
2026-03-14T09:35:00Z,API-0010,payment-network-gateway,prod,,,/routes/neft,57,0.0044,434.3,"{""2xx"": 56, ""4xx"": 1, ""5xx"": 0}"
2026-03-14T09:36:00Z,API-0011,mobile-app,prod,,,/app/v1/session,1252,0.0042,437.2,"{""2xx"": 1234, ""4xx"": 13, ""5xx"": 5}"
2026-03-14T09:36:00Z,API-0012,net-banking,prod,,,/web/v1/session,817,0.0045,368.1,"{""2xx"": 805, ""4xx"": 8, ""5xx"": 4}"
2026-03-14T09:36:00Z,API-0013,api-gateway,prod,,,/gw/v1/route,2662,0.0033,177.8,"{""2xx"": 2626, ""4xx"": 27, ""5xx"": 9}"
2026-03-14T09:36:00Z,API-0014,auth-service,prod,,,/auth/v1/login,930,0.0016,120.7,"{""2xx"": 920, ""4xx"": 9, ""5xx"": 1}"
2026-03-14T09:36:00Z,API-0015,payments-service,prod,,,/payments/v1/payments,627,0.0041,255.6,"{""2xx"": 618, ""4xx"": 6, ""5xx"": 3}"
2026-03-14T09:36:00Z,API-0016,accounts-service,prod,,,/accounts/v1/balance,1054,0.0028,149.4,"{""2xx"": 1040, ""4xx"": 11, ""5xx"": 3}"
2026-03-14T09:36:00Z,API-0017,notification-service,prod,,,/notify/v1/send,524,0.002,86.7,"{""2xx"": 518, ""4xx"": 5, ""5xx"": 1}"
2026-03-14T09:36:00Z,API-0018,payment-network-gateway,prod,,,/routes/card,178,0.0038,333.9,"{""2xx"": 175, ""4xx"": 2, ""5xx"": 1}"
2026-03-14T09:36:00Z,API-0019,payment-network-gateway,prod,,,/routes/upi,215,0.0041,293.3,"{""2xx"": 212, ""4xx"": 2, ""5xx"": 1}"
2026-03-14T09:36:00Z,API-0020,payment-network-gateway,prod,,,/routes/neft,62,0.0039,467.4,"{""2xx"": 61, ""4xx"": 1, ""5xx"": 0}"
2026-03-14T09:37:00Z,API-0021,mobile-app,prod,,,/app/v1/session,1162,0.0037,421.1,"{""2xx"": 1146, ""4xx"": 12, ""5xx"": 4}"
2026-03-14T09:37:00Z,API-0022,net-banking,prod,,,/web/v1/session,790,0.0049,362.2,"{""2xx"": 778, ""4xx"": 8, ""5xx"": 4}"
2026-03-14T09:37:00Z,API-0023,api-gateway,prod,,,/gw/v1/route,2652,0.0024,179.0,"{""2xx"": 2619, ""4xx"": 27, ""5xx"": 6}"
2026-03-14T09:37:00Z,API-0024,auth-service,prod,,,/auth/v1/login,936,0.0024,119.5,"{""2xx"": 925, ""4xx"": 9, ""5xx"": 2}"
2026-03-14T09:37:00Z,API-0025,payments-service,prod,,,/payments/v1/payments,619,0.0045,261.6,"{""2xx"": 610, ""4xx"": 6, ""5xx"": 3}"
2026-03-14T09:37:00Z,API-0026,accounts-service,prod,,,/accounts/v1/balance,1063,0.0032,152.1,"{""2xx"": 1049, ""4xx"": 11, ""5xx"": 3}"
2026-03-14T09:37:00Z,API-0027,notification-service,prod,,,/notify/v1/send,524,0.0021,94.1,"{""2xx"": 518, ""4xx"": 5, ""5xx"": 1}"
2026-03-14T09:37:00Z,API-0028,payment-network-gateway,prod,,,/routes/card,174,0.0041,340.3,"{""2xx"": 171, ""4xx"": 2, ""5xx"": 1}"
2026-03-14T09:37:00Z,API-0029,payment-network-gateway,prod,,,/routes/upi,211,0.0044,309.1,"{""2xx"": 208, ""4xx"": 2, ""5xx"": 1}"
2026-03-14T09:37:00Z,API-0030,payment-network-gateway,prod,,,/routes/neft,59,0.0039,472.5,"{""2xx"": 58, ""4xx"": 1, ""5xx"": 0}"
2026-03-14T09:38:00Z,API-0031,mobile-app,prod,,,/app/v1/session,1171,0.0046,431.0,"{""2xx"": 1154, ""4xx"": 12, ""5xx"": 5}"
2026-03-14T09:38:00Z,API-0032,net-banking,prod,,,/web/v1/session,797,0.005,365.8,"{""2xx"": 785, ""4xx"": 8, ""5xx"": 4}"
2026-03-14T09:38:00Z,API-0033,api-gateway,prod,,,/gw/v1/route,2627,0.0037,181.0,"{""2xx"": 2591, ""4xx"": 26, ""5xx"": 10}"
2026-03-14T09:38:00Z,API-0034,auth-service,prod,,,/auth/v1/login,905,0.0019,121.0,"{""2xx"": 894, ""4xx"": 9, ""5xx"": 2}"
2026-03-14T09:38:00Z,API-0035,payments-service,prod,,,/payments/v1/payments,580,0.0052,249.9,"{""2xx"": 571, ""4xx"": 6, ""5xx"": 3}"
2026-03-14T09:38:00Z,API-0036,accounts-service,prod,,,/accounts/v1/balance,1130,0.0036,148.3,"{""2xx"": 1115, ""4xx"": 11, ""5xx"": 4}"
2026-03-14T09:38:00Z,API-0037,notification-service,prod,,,/notify/v1/send,491,0.002,90.3,"{""2xx"": 485, ""4xx"": 5, ""5xx"": 1}"
2026-03-14T09:38:00Z,API-0038,payment-network-gateway,prod,,,/routes/card,174,0.0037,336.0,"{""2xx"": 171, ""4xx"": 2, ""5xx"": 1}"
2026-03-14T09:38:00Z,API-0039,payment-network-gateway,prod,,,/routes/upi,223,0.0044,292.8,"{""2xx"": 220, ""4xx"": 2, ""5xx"": 1}"
2026-03-14T09:38:00Z,API-0040,payment-network-gateway,prod,,,/routes/neft,61,0.0038,428.7,"{""2xx"": 60, ""4xx"": 1, ""5xx"": 0}"
2026-03-14T09:39:00Z,API-0041,mobile-app,prod,,,/app/v1/session,1194,0.0035,399.7,"{""2xx"": 1178, ""4xx"": 12, ""5xx"": 4}"
2026-03-14T09:39:00Z,API-0042,net-banking,prod,,,/web/v1/session,785,0.0031,393.1,"{""2xx"": 775, ""4xx"": 8, ""5xx"": 2}"
2026-03-14T09:39:00Z,API-0043,api-gateway,prod,,,/gw/v1/route,2555,0.0031,181.1,"{""2xx"": 2521, ""4xx"": 26, ""5xx"": 8}"
2026-03-14T09:39:00Z,API-0044,auth-service,prod,,,/auth/v1/login,905,0.0016,114.1,"{""2xx"": 895, ""4xx"": 9, ""5xx"": 1}"
2026-03-14T09:39:00Z,API-0045,payments-service,prod,,,/payments/v1/payments,573,0.0051,255.6,"{""2xx"": 564, ""4xx"": 6, ""5xx"": 3}"
2026-03-14T09:39:00Z,API-0046,accounts-service,prod,,,/accounts/v1/balance,1083,0.0031,149.7,"{""2xx"": 1069, ""4xx"": 11, ""5xx"": 3}"
2026-03-14T09:39:00Z,API-0047,notification-service,prod,,,/notify/v1/send,491,0.0016,93.5,"{""2xx"": 485, ""4xx"": 5, ""5xx"": 1}"
2026-03-14T09:39:00Z,API-0048,payment-network-gateway,prod,,,/routes/card,188,0.0033,349.1,"{""2xx"": 185, ""4xx"": 2, ""5xx"": 1}"
2026-03-14T09:39:00Z,API-0049,payment-network-gateway,prod,,,/routes/upi,216,0.0037,303.1,"{""2xx"": 213, ""4xx"": 2, ""5xx"": 1}"
2026-03-14T09:39:00Z,API-0050,payment-network-gateway,prod,,,/routes/neft,59,0.003,445.4,"{""2xx"": 58, ""4xx"": 1, ""5xx"": 0}"
2026-03-14T09:40:00Z,API-0051,mobile-app,prod,,,/app/v1/session,1228,0.0044,410.1,"{""2xx"": 1211, ""4xx"": 12, ""5xx"": 5}"
2026-03-14T09:40:00Z,API-0052,net-banking,prod,,,/web/v1/session,823,0.0047,380.5,"{""2xx"": 811, ""4xx"": 8, ""5xx"": 4}"
2026-03-14T09:40:00Z,API-0053,api-gateway,prod,,,/gw/v1/route,2723,0.003,173.5,"{""2xx"": 2688, ""4xx"": 27, ""5xx"": 8}"
2026-03-14T09:40:00Z,API-0054,auth-service,prod,,,/auth/v1/login,903,0.0024,118.1,"{""2xx"": 892, ""4xx"": 9, ""5xx"": 2}"
2026-03-14T09:40:00Z,API-0055,payments-service,prod,,,/payments/v1/payments,589,0.0054,263.2,"{""2xx"": 580, ""4xx"": 6, ""5xx"": 3}"
2026-03-14T09:40:00Z,API-0056,accounts-service,prod,,,/accounts/v1/balance,1106,0.0031,151.6,"{""2xx"": 1092, ""4xx"": 11, ""5xx"": 3}"
2026-03-14T09:40:00Z,API-0057,notification-service,prod,,,/notify/v1/send,478,0.0017,86.3,"{""2xx"": 472, ""4xx"": 5, ""5xx"": 1}"
2026-03-14T09:40:00Z,API-0058,payment-network-gateway,prod,,,/routes/card,173,0.0039,354.7,"{""2xx"": 170, ""4xx"": 2, ""5xx"": 1}"
2026-03-14T09:40:00Z,API-0059,payment-network-gateway,prod,,,/routes/upi,213,0.0032,303.1,"{""2xx"": 210, ""4xx"": 2, ""5xx"": 1}"
2026-03-14T09:40:00Z,API-0060,payment-network-gateway,prod,,,/routes/neft,61,0.0032,431.5,"{""2xx"": 60, ""4xx"": 1, ""5xx"": 0}"
2026-03-14T09:41:00Z,API-0061,mobile-app,prod,,,/app/v1/session,1218,0.0032,436.3,"{""2xx"": 1202, ""4xx"": 12, ""5xx"": 4}"
2026-03-14T09:41:00Z,API-0062,net-banking,prod,,,/web/v1/session,836,0.005,397.8,"{""2xx"": 824, ""4xx"": 8, ""5xx"": 4}"
2026-03-14T09:41:00Z,API-0063,api-gateway,prod,,,/gw/v1/route,2558,0.0027,182.0,"{""2xx"": 2525, ""4xx"": 26, ""5xx"": 7}"
2026-03-14T09:41:00Z,API-0064,auth-service,prod,,,/auth/v1/login,892,0.0022,117.5,"{""2xx"": 881, ""4xx"": 9, ""5xx"": 2}"
2026-03-14T09:41:00Z,API-0065,payments-service,prod,,,/payments/v1/payments,589,0.005,258.3,"{""2xx"": 580, ""4xx"": 6, ""5xx"": 3}"
2026-03-14T09:41:00Z,API-0066,accounts-service,prod,,,/accounts/v1/balance,1079,0.0023,156.7,"{""2xx"": 1066, ""4xx"": 11, ""5xx"": 2}"
2026-03-14T09:41:00Z,API-0067,notification-service,prod,,,/notify/v1/send,491,0.0018,94.3,"{""2xx"": 485, ""4xx"": 5, ""5xx"": 1}"
2026-03-14T09:41:00Z,API-0068,payment-network-gateway,prod,,,/routes/card,188,0.0047,332.2,"{""2xx"": 185, ""4xx"": 2, ""5xx"": 1}"
2026-03-14T09:41:00Z,API-0069,payment-network-gateway,prod,,,/routes/upi,228,0.0031,299.8,"{""2xx"": 225, ""4xx"": 2, ""5xx"": 1}"
2026-03-14T09:41:00Z,API-0070,payment-network-gateway,prod,,,/routes/neft,62,0.0043,460.6,"{""2xx"": 61, ""4xx"": 1, ""5xx"": 0}"
2026-03-14T09:42:00Z,API-0071,mobile-app,prod,,,/app/v1/session,1162,0.0033,422.4,"{""2xx"": 1146, ""4xx"": 12, ""5xx"": 4}"
2026-03-14T09:42:00Z,API-0072,net-banking,prod,,,/web/v1/session,826,0.0048,391.8,"{""2xx"": 814, ""4xx"": 8, ""5xx"": 4}"
2026-03-14T09:42:00Z,API-0073,api-gateway,prod,,,/gw/v1/route,2604,0.003,183.5,"{""2xx"": 2570, ""4xx"": 26, ""5xx"": 8}"
2026-03-14T09:42:00Z,API-0074,auth-service,prod,,,/auth/v1/login,876,0.0015,114.2,"{""2xx"": 866, ""4xx"": 9, ""5xx"": 1}"
2026-03-14T09:42:00Z,API-0075,payments-service,prod,,,/payments/v1/payments,629,0.0046,256.5,"{""2xx"": 620, ""4xx"": 6, ""5xx"": 3}"
2026-03-14T09:42:00Z,API-0076,accounts-service,prod,,,/accounts/v1/balance,1082,0.0023,144.2,"{""2xx"": 1069, ""4xx"": 11, ""5xx"": 2}"
2026-03-14T09:42:00Z,API-0077,notification-service,prod,,,/notify/v1/send,510,0.0025,93.1,"{""2xx"": 504, ""4xx"": 5, ""5xx"": 1}"
2026-03-14T09:42:00Z,API-0078,payment-network-gateway,prod,,,/routes/card,180,0.0048,339.9,"{""2xx"": 177, ""4xx"": 2, ""5xx"": 1}"
2026-03-14T09:42:00Z,API-0079,payment-network-gateway,prod,,,/routes/upi,213,0.0037,313.1,"{""2xx"": 210, ""4xx"": 2, ""5xx"": 1}"
2026-03-14T09:42:00Z,API-0080,payment-network-gateway,prod,,,/routes/neft,59,0.0035,460.5,"{""2xx"": 58, ""4xx"": 1, ""5xx"": 0}"
2026-03-14T09:43:00Z,API-0081,mobile-app,prod,,,/app/v1/session,1253,0.0041,404.2,"{""2xx"": 1235, ""4xx"": 13, ""5xx"": 5}"
2026-03-14T09:43:00Z,API-0082,net-banking,prod,,,/web/v1/session,816,0.0031,369.1,"{""2xx"": 805, ""4xx"": 8, ""5xx"": 3}"
2026-03-14T09:43:00Z,API-0083,api-gateway,prod,,,/gw/v1/route,2561,0.0025,172.7,"{""2xx"": 2529, ""4xx"": 26, ""5xx"": 6}"
2026-03-14T09:43:00Z,API-0084,auth-service,prod,,,/auth/v1/login,863,0.0025,120.6,"{""2xx"": 852, ""4xx"": 9, ""5xx"": 2}"
2026-03-14T09:43:00Z,API-0085,payments-service,prod,,,/payments/v1/payments,606,0.005,256.8,"{""2xx"": 597, ""4xx"": 6, ""5xx"": 3}"
2026-03-14T09:43:00Z,API-0086,accounts-service,prod,,,/accounts/v1/balance,1128,0.0033,146.9,"{""2xx"": 1113, ""4xx"": 11, ""5xx"": 4}"
2026-03-14T09:43:00Z,API-0087,notification-service,prod,,,/notify/v1/send,515,0.0016,92.3,"{""2xx"": 509, ""4xx"": 5, ""5xx"": 1}"
2026-03-14T09:43:00Z,API-0088,payment-network-gateway,prod,,,/routes/card,187,0.0048,343.1,"{""2xx"": 184, ""4xx"": 2, ""5xx"": 1}"
2026-03-14T09:43:00Z,API-0089,payment-network-gateway,prod,,,/routes/upi,220,0.0042,302.1,"{""2xx"": 217, ""4xx"": 2, ""5xx"": 1}"
2026-03-14T09:43:00Z,API-0090,payment-network-gateway,prod,,,/routes/neft,62,0.0038,449.5,"{""2xx"": 61, ""4xx"": 1, ""5xx"": 0}"
2026-03-14T09:44:00Z,API-0091,mobile-app,prod,,,/app/v1/session,1259,0.0033,430.3,"{""2xx"": 1242, ""4xx"": 13, ""5xx"": 4}"
2026-03-14T09:44:00Z,API-0092,net-banking,prod,,,/web/v1/session,835,0.003,383.0,"{""2xx"": 824, ""4xx"": 8, ""5xx"": 3}"
2026-03-14T09:44:00Z,API-0093,api-gateway,prod,,,/gw/v1/route,2671,0.0024,175.3,"{""2xx"": 2638, ""4xx"": 27, ""5xx"": 6}"
2026-03-14T09:44:00Z,API-0094,auth-service,prod,,,/auth/v1/login,938,0.0022,117.3,"{""2xx"": 927, ""4xx"": 9, ""5xx"": 2}"
2026-03-14T09:44:00Z,API-0095,payments-service,prod,,,/payments/v1/payments,598,0.0049,253.8,"{""2xx"": 589, ""4xx"": 6, ""5xx"": 3}"
2026-03-14T09:44:00Z,API-0096,accounts-service,prod,,,/accounts/v1/balance,1132,0.0034,155.3,"{""2xx"": 1117, ""4xx"": 11, ""5xx"": 4}"
2026-03-14T09:44:00Z,API-0097,notification-service,prod,,,/notify/v1/send,503,0.002,86.5,"{""2xx"": 497, ""4xx"": 5, ""5xx"": 1}"
2026-03-14T09:44:00Z,API-0098,payment-network-gateway,prod,,,/routes/card,184,0.0049,344.4,"{""2xx"": 181, ""4xx"": 2, ""5xx"": 1}"
2026-03-14T09:44:00Z,API-0099,payment-network-gateway,prod,,,/routes/upi,210,0.0034,289.5,"{""2xx"": 207, ""4xx"": 2, ""5xx"": 1}"
2026-03-14T09:44:00Z,API-0100,payment-network-gateway,prod,,,/routes/neft,60,0.003,460.3,"{""2xx"": 59, ""4xx"": 1, ""5xx"": 0}"
2026-03-14T09:45:00Z,API-0101,mobile-app,prod,,,/app/v1/session,1219,0.0046,410.3,"{""2xx"": 1201, ""4xx"": 12, ""5xx"": 6}"
2026-03-14T09:45:00Z,API-0102,net-banking,prod,,,/web/v1/session,765,0.0031,391.2,"{""2xx"": 755, ""4xx"": 8, ""5xx"": 2}"
2026-03-14T09:45:00Z,API-0103,api-gateway,prod,,,/gw/v1/route,2692,0.0035,183.0,"{""2xx"": 2656, ""4xx"": 27, ""5xx"": 9}"
2026-03-14T09:45:00Z,API-0104,auth-service,prod,,,/auth/v1/login,903,0.0019,121.7,"{""2xx"": 892, ""4xx"": 9, ""5xx"": 2}"
2026-03-14T09:45:00Z,API-0105,payments-service,prod,,,/payments/v1/payments,603,0.0058,259.8,"{""2xx"": 594, ""4xx"": 6, ""5xx"": 3}"
2026-03-14T09:45:00Z,API-0106,accounts-service,prod,,,/accounts/v1/balance,1122,0.0024,149.0,"{""2xx"": 1108, ""4xx"": 11, ""5xx"": 3}"
2026-03-14T09:45:00Z,API-0107,notification-service,prod,,,/notify/v1/send,490,0.0021,88.5,"{""2xx"": 484, ""4xx"": 5, ""5xx"": 1}"
2026-03-14T09:45:00Z,API-0108,payment-network-gateway,prod,,,/routes/card,177,0.0036,355.5,"{""2xx"": 174, ""4xx"": 2, ""5xx"": 1}"
2026-03-14T09:45:00Z,API-0109,payment-network-gateway,prod,,,/routes/upi,214,0.0048,294.0,"{""2xx"": 211, ""4xx"": 2, ""5xx"": 1}"
2026-03-14T09:45:00Z,API-0110,payment-network-gateway,prod,,,/routes/neft,58,0.0033,450.3,"{""2xx"": 57, ""4xx"": 1, ""5xx"": 0}"
2026-03-14T09:46:00Z,API-0111,mobile-app,prod,,,/app/v1/session,1168,0.0045,423.1,"{""2xx"": 1151, ""4xx"": 12, ""5xx"": 5}"
2026-03-14T09:46:00Z,API-0112,net-banking,prod,,,/web/v1/session,795,0.0032,388.8,"{""2xx"": 784, ""4xx"": 8, ""5xx"": 3}"
2026-03-14T09:46:00Z,API-0113,api-gateway,prod,,,/gw/v1/route,2605,0.0031,177.1,"{""2xx"": 2571, ""4xx"": 26, ""5xx"": 8}"
2026-03-14T09:46:00Z,API-0114,auth-service,prod,,,/auth/v1/login,880,0.0023,125.1,"{""2xx"": 869, ""4xx"": 9, ""5xx"": 2}"
2026-03-14T09:46:00Z,API-0115,payments-service,prod,,,/payments/v1/payments,616,0.0057,260.8,"{""2xx"": 606, ""4xx"": 6, ""5xx"": 4}"
2026-03-14T09:46:00Z,API-0116,accounts-service,prod,,,/accounts/v1/balance,1116,0.0028,143.9,"{""2xx"": 1102, ""4xx"": 11, ""5xx"": 3}"
2026-03-14T09:46:00Z,API-0117,notification-service,prod,,,/notify/v1/send,489,0.0019,85.7,"{""2xx"": 483, ""4xx"": 5, ""5xx"": 1}"
2026-03-14T09:46:00Z,API-0118,payment-network-gateway,prod,,,/routes/card,173,0.0041,334.0,"{""2xx"": 170, ""4xx"": 2, ""5xx"": 1}"
2026-03-14T09:46:00Z,API-0119,payment-network-gateway,prod,,,/routes/upi,220,0.0039,287.6,"{""2xx"": 217, ""4xx"": 2, ""5xx"": 1}"
2026-03-14T09:46:00Z,API-0120,payment-network-gateway,prod,,,/routes/neft,58,0.0046,467.3,"{""2xx"": 57, ""4xx"": 1, ""5xx"": 0}"
2026-03-14T09:47:00Z,API-0121,mobile-app,prod,,,/app/v1/session,1259,0.0045,425.8,"{""2xx"": 1240, ""4xx"": 13, ""5xx"": 6}"
2026-03-14T09:47:00Z,API-0122,net-banking,prod,,,/web/v1/session,818,0.0035,376.4,"{""2xx"": 807, ""4xx"": 8, ""5xx"": 3}"
2026-03-14T09:47:00Z,API-0123,api-gateway,prod,,,/gw/v1/route,2501,0.0025,176.5,"{""2xx"": 2470, ""4xx"": 25, ""5xx"": 6}"
2026-03-14T09:47:00Z,API-0124,auth-service,prod,,,/auth/v1/login,880,0.0017,122.2,"{""2xx"": 870, ""4xx"": 9, ""5xx"": 1}"
2026-03-14T09:47:00Z,API-0125,payments-service,prod,,,/payments/v1/payments,594,0.0062,247.1,"{""2xx"": 584, ""4xx"": 6, ""5xx"": 4}"
2026-03-14T09:47:00Z,API-0126,accounts-service,prod,,,/accounts/v1/balance,1125,0.0029,155.3,"{""2xx"": 1111, ""4xx"": 11, ""5xx"": 3}"
2026-03-14T09:47:00Z,API-0127,notification-service,prod,,,/notify/v1/send,488,0.0017,85.8,"{""2xx"": 482, ""4xx"": 5, ""5xx"": 1}"
2026-03-14T09:47:00Z,API-0128,payment-network-gateway,prod,,,/routes/card,180,0.0032,326.6,"{""2xx"": 177, ""4xx"": 2, ""5xx"": 1}"
2026-03-14T09:47:00Z,API-0129,payment-network-gateway,prod,,,/routes/upi,222,0.0043,302.9,"{""2xx"": 219, ""4xx"": 2, ""5xx"": 1}"
2026-03-14T09:47:00Z,API-0130,payment-network-gateway,prod,,,/routes/neft,61,0.0036,442.0,"{""2xx"": 60, ""4xx"": 1, ""5xx"": 0}"
2026-03-14T09:48:00Z,API-0131,mobile-app,prod,,,/app/v1/session,1142,0.0045,423.0,"{""2xx"": 1126, ""4xx"": 11, ""5xx"": 5}"
2026-03-14T09:48:00Z,API-0132,net-banking,prod,,,/web/v1/session,765,0.0048,393.5,"{""2xx"": 753, ""4xx"": 8, ""5xx"": 4}"
2026-03-14T09:48:00Z,API-0133,api-gateway,prod,,,/gw/v1/route,2573,0.0028,171.8,"{""2xx"": 2540, ""4xx"": 26, ""5xx"": 7}"
2026-03-14T09:48:00Z,API-0134,auth-service,prod,,,/auth/v1/login,925,0.0024,117.9,"{""2xx"": 914, ""4xx"": 9, ""5xx"": 2}"
2026-03-14T09:48:00Z,API-0135,payments-service,prod,,,/payments/v1/payments,619,0.0043,247.3,"{""2xx"": 610, ""4xx"": 6, ""5xx"": 3}"
2026-03-14T09:48:00Z,API-0136,accounts-service,prod,,,/accounts/v1/balance,1054,0.0026,149.3,"{""2xx"": 1040, ""4xx"": 11, ""5xx"": 3}"
2026-03-14T09:48:00Z,API-0137,notification-service,prod,,,/notify/v1/send,520,0.0021,88.3,"{""2xx"": 514, ""4xx"": 5, ""5xx"": 1}"
2026-03-14T09:48:00Z,API-0138,payment-network-gateway,prod,,,/routes/card,186,0.0041,355.2,"{""2xx"": 183, ""4xx"": 2, ""5xx"": 1}"
2026-03-14T09:48:00Z,API-0139,payment-network-gateway,prod,,,/routes/upi,219,0.005,289.5,"{""2xx"": 216, ""4xx"": 2, ""5xx"": 1}"
2026-03-14T09:48:00Z,API-0140,payment-network-gateway,prod,,,/routes/neft,61,0.0031,454.8,"{""2xx"": 60, ""4xx"": 1, ""5xx"": 0}"
2026-03-14T09:49:00Z,API-0141,mobile-app,prod,,,/app/v1/session,1204,0.0046,415.8,"{""2xx"": 1186, ""4xx"": 12, ""5xx"": 6}"
2026-03-14T09:49:00Z,API-0142,net-banking,prod,,,/web/v1/session,824,0.0046,382.8,"{""2xx"": 812, ""4xx"": 8, ""5xx"": 4}"
2026-03-14T09:49:00Z,API-0143,api-gateway,prod,,,/gw/v1/route,2657,0.003,185.6,"{""2xx"": 2622, ""4xx"": 27, ""5xx"": 8}"
2026-03-14T09:49:00Z,API-0144,auth-service,prod,,,/auth/v1/login,892,0.002,125.9,"{""2xx"": 881, ""4xx"": 9, ""5xx"": 2}"
2026-03-14T09:49:00Z,API-0145,payments-service,prod,,,/payments/v1/payments,598,0.0049,269.2,"{""2xx"": 589, ""4xx"": 6, ""5xx"": 3}"
2026-03-14T09:49:00Z,API-0146,accounts-service,prod,,,/accounts/v1/balance,1047,0.0028,148.5,"{""2xx"": 1034, ""4xx"": 10, ""5xx"": 3}"
2026-03-14T09:49:00Z,API-0147,notification-service,prod,,,/notify/v1/send,476,0.0015,91.5,"{""2xx"": 470, ""4xx"": 5, ""5xx"": 1}"
2026-03-14T09:49:00Z,API-0148,payment-network-gateway,prod,,,/routes/card,184,0.0048,345.1,"{""2xx"": 181, ""4xx"": 2, ""5xx"": 1}"
2026-03-14T09:49:00Z,API-0149,payment-network-gateway,prod,,,/routes/upi,231,0.0039,298.5,"{""2xx"": 228, ""4xx"": 2, ""5xx"": 1}"
2026-03-14T09:49:00Z,API-0150,payment-network-gateway,prod,,,/routes/neft,58,0.0041,454.6,"{""2xx"": 57, ""4xx"": 1, ""5xx"": 0}"
2026-03-14T09:50:00Z,API-0151,mobile-app,prod,,,/app/v1/session,1142,0.0042,438.1,"{""2xx"": 1126, ""4xx"": 11, ""5xx"": 5}"
2026-03-14T09:50:00Z,API-0152,net-banking,prod,,,/web/v1/session,789,0.0049,372.1,"{""2xx"": 777, ""4xx"": 8, ""5xx"": 4}"
2026-03-14T09:50:00Z,API-0153,api-gateway,prod,,,/gw/v1/route,2614,0.0029,173.5,"{""2xx"": 2580, ""4xx"": 26, ""5xx"": 8}"
2026-03-14T09:50:00Z,API-0154,auth-service,prod,,,/auth/v1/login,928,0.0023,123.2,"{""2xx"": 917, ""4xx"": 9, ""5xx"": 2}"
2026-03-14T09:50:00Z,API-0155,payments-service,prod,,,/payments/v1/payments,602,0.004,258.9,"{""2xx"": 594, ""4xx"": 6, ""5xx"": 2}"
2026-03-14T09:50:00Z,API-0156,accounts-service,prod,,,/accounts/v1/balance,1098,0.0023,143.7,"{""2xx"": 1084, ""4xx"": 11, ""5xx"": 3}"
2026-03-14T09:50:00Z,API-0157,notification-service,prod,,,/notify/v1/send,523,0.0017,87.5,"{""2xx"": 517, ""4xx"": 5, ""5xx"": 1}"
2026-03-14T09:50:00Z,API-0158,payment-network-gateway,prod,,,/routes/card,189,0.0041,344.4,"{""2xx"": 186, ""4xx"": 2, ""5xx"": 1}"
2026-03-14T09:50:00Z,API-0159,payment-network-gateway,prod,,,/routes/upi,213,0.0044,303.5,"{""2xx"": 210, ""4xx"": 2, ""5xx"": 1}"
2026-03-14T09:50:00Z,API-0160,payment-network-gateway,prod,,,/routes/neft,62,0.0047,445.5,"{""2xx"": 61, ""4xx"": 1, ""5xx"": 0}"
2026-03-14T09:51:00Z,API-0161,mobile-app,prod,,,/app/v1/session,1141,0.0039,409.5,"{""2xx"": 1126, ""4xx"": 11, ""5xx"": 4}"
2026-03-14T09:51:00Z,API-0162,net-banking,prod,,,/web/v1/session,802,0.0035,383.1,"{""2xx"": 791, ""4xx"": 8, ""5xx"": 3}"
2026-03-14T09:51:00Z,API-0163,api-gateway,prod,,,/gw/v1/route,2652,0.0031,184.7,"{""2xx"": 2617, ""4xx"": 27, ""5xx"": 8}"
2026-03-14T09:51:00Z,API-0164,auth-service,prod,,,/auth/v1/login,904,0.0019,117.1,"{""2xx"": 893, ""4xx"": 9, ""5xx"": 2}"
2026-03-14T09:51:00Z,API-0165,payments-service,prod,,,/payments/v1/payments,578,0.0053,260.1,"{""2xx"": 569, ""4xx"": 6, ""5xx"": 3}"
2026-03-14T09:51:00Z,API-0166,accounts-service,prod,,,/accounts/v1/balance,1076,0.0027,150.5,"{""2xx"": 1062, ""4xx"": 11, ""5xx"": 3}"
2026-03-14T09:51:00Z,API-0167,notification-service,prod,,,/notify/v1/send,483,0.0019,93.2,"{""2xx"": 477, ""4xx"": 5, ""5xx"": 1}"
2026-03-14T09:51:00Z,API-0168,payment-network-gateway,prod,,,/routes/card,186,0.0041,332.0,"{""2xx"": 183, ""4xx"": 2, ""5xx"": 1}"
2026-03-14T09:51:00Z,API-0169,payment-network-gateway,prod,,,/routes/upi,221,0.0036,296.6,"{""2xx"": 218, ""4xx"": 2, ""5xx"": 1}"
2026-03-14T09:51:00Z,API-0170,payment-network-gateway,prod,,,/routes/neft,58,0.0039,448.5,"{""2xx"": 57, ""4xx"": 1, ""5xx"": 0}"
2026-03-14T09:52:00Z,API-0171,mobile-app,prod,,,/app/v1/session,1154,0.003,425.5,"{""2xx"": 1139, ""4xx"": 12, ""5xx"": 3}"
2026-03-14T09:52:00Z,API-0172,net-banking,prod,,,/web/v1/session,823,0.0031,367.5,"{""2xx"": 812, ""4xx"": 8, ""5xx"": 3}"
2026-03-14T09:52:00Z,API-0173,api-gateway,prod,,,/gw/v1/route,2579,0.0036,187.0,"{""2xx"": 2544, ""4xx"": 26, ""5xx"": 9}"
2026-03-14T09:52:00Z,API-0174,auth-service,prod,,,/auth/v1/login,879,0.0022,120.8,"{""2xx"": 868, ""4xx"": 9, ""5xx"": 2}"
2026-03-14T09:52:00Z,API-0175,payments-service,prod,,,/payments/v1/payments,630,0.0047,258.6,"{""2xx"": 621, ""4xx"": 6, ""5xx"": 3}"
2026-03-14T09:52:00Z,API-0176,accounts-service,prod,,,/accounts/v1/balance,1052,0.0035,146.2,"{""2xx"": 1037, ""4xx"": 11, ""5xx"": 4}"
2026-03-14T09:52:00Z,API-0177,notification-service,prod,,,/notify/v1/send,511,0.0018,89.6,"{""2xx"": 505, ""4xx"": 5, ""5xx"": 1}"
2026-03-14T09:52:00Z,API-0178,payment-network-gateway,prod,,,/routes/card,180,0.0044,326.2,"{""2xx"": 177, ""4xx"": 2, ""5xx"": 1}"
2026-03-14T09:52:00Z,API-0179,payment-network-gateway,prod,,,/routes/upi,225,0.0046,292.7,"{""2xx"": 222, ""4xx"": 2, ""5xx"": 1}"
2026-03-14T09:52:00Z,API-0180,payment-network-gateway,prod,,,/routes/neft,59,0.0042,446.2,"{""2xx"": 58, ""4xx"": 1, ""5xx"": 0}"
2026-03-14T09:53:00Z,API-0181,mobile-app,prod,,,/app/v1/session,1224,0.0044,430.3,"{""2xx"": 1207, ""4xx"": 12, ""5xx"": 5}"
2026-03-14T09:53:00Z,API-0182,net-banking,prod,,,/web/v1/session,816,0.0032,385.6,"{""2xx"": 805, ""4xx"": 8, ""5xx"": 3}"
2026-03-14T09:53:00Z,API-0183,api-gateway,prod,,,/gw/v1/route,2651,0.0027,171.7,"{""2xx"": 2617, ""4xx"": 27, ""5xx"": 7}"
2026-03-14T09:53:00Z,API-0184,auth-service,prod,,,/auth/v1/login,871,0.0018,117.7,"{""2xx"": 860, ""4xx"": 9, ""5xx"": 2}"
2026-03-14T09:53:00Z,API-0185,payments-service,prod,,,/payments/v1/payments,599,0.004,251.7,"{""2xx"": 591, ""4xx"": 6, ""5xx"": 2}"
2026-03-14T09:53:00Z,API-0186,accounts-service,prod,,,/accounts/v1/balance,1108,0.0028,147.9,"{""2xx"": 1094, ""4xx"": 11, ""5xx"": 3}"
2026-03-14T09:53:00Z,API-0187,notification-service,prod,,,/notify/v1/send,517,0.0023,93.5,"{""2xx"": 511, ""4xx"": 5, ""5xx"": 1}"
2026-03-14T09:53:00Z,API-0188,payment-network-gateway,prod,,,/routes/card,171,0.0046,336.1,"{""2xx"": 168, ""4xx"": 2, ""5xx"": 1}"
2026-03-14T09:53:00Z,API-0189,payment-network-gateway,prod,,,/routes/upi,227,0.0033,290.2,"{""2xx"": 224, ""4xx"": 2, ""5xx"": 1}"
2026-03-14T09:53:00Z,API-0190,payment-network-gateway,prod,,,/routes/neft,62,0.0036,441.3,"{""2xx"": 61, ""4xx"": 1, ""5xx"": 0}"
2026-03-14T09:54:00Z,API-0191,mobile-app,prod,,,/app/v1/session,1166,0.0042,436.4,"{""2xx"": 1149, ""4xx"": 12, ""5xx"": 5}"
2026-03-14T09:54:00Z,API-0192,net-banking,prod,,,/web/v1/session,834,0.0037,387.7,"{""2xx"": 823, ""4xx"": 8, ""5xx"": 3}"
2026-03-14T09:54:00Z,API-0193,api-gateway,prod,,,/gw/v1/route,2520,0.003,177.4,"{""2xx"": 2487, ""4xx"": 25, ""5xx"": 8}"
2026-03-14T09:54:00Z,API-0194,auth-service,prod,,,/auth/v1/login,894,0.0019,122.4,"{""2xx"": 883, ""4xx"": 9, ""5xx"": 2}"
2026-03-14T09:54:00Z,API-0195,payments-service,prod,,,/payments/v1/payments,606,0.0051,262.5,"{""2xx"": 597, ""4xx"": 6, ""5xx"": 3}"
2026-03-14T09:54:00Z,API-0196,accounts-service,prod,,,/accounts/v1/balance,1088,0.0034,145.1,"{""2xx"": 1073, ""4xx"": 11, ""5xx"": 4}"
2026-03-14T09:54:00Z,API-0197,notification-service,prod,,,/notify/v1/send,514,0.0023,90.7,"{""2xx"": 508, ""4xx"": 5, ""5xx"": 1}"
2026-03-14T09:54:00Z,API-0198,payment-network-gateway,prod,,,/routes/card,174,0.0047,352.3,"{""2xx"": 171, ""4xx"": 2, ""5xx"": 1}"
2026-03-14T09:54:00Z,API-0199,payment-network-gateway,prod,,,/routes/upi,227,0.0046,311.5,"{""2xx"": 224, ""4xx"": 2, ""5xx"": 1}"
2026-03-14T09:54:00Z,API-0200,payment-network-gateway,prod,,,/routes/neft,58,0.005,454.1,"{""2xx"": 57, ""4xx"": 1, ""5xx"": 0}"
2026-03-14T09:55:00Z,API-0201,mobile-app,prod,,,/app/v1/session,1204,0.005,426.4,"{""2xx"": 1186, ""4xx"": 12, ""5xx"": 6}"
2026-03-14T09:55:00Z,API-0202,net-banking,prod,,,/web/v1/session,792,0.0043,372.1,"{""2xx"": 781, ""4xx"": 8, ""5xx"": 3}"
2026-03-14T09:55:00Z,API-0203,api-gateway,prod,,,/gw/v1/route,2500,0.003,187.8,"{""2xx"": 2467, ""4xx"": 25, ""5xx"": 8}"
2026-03-14T09:55:00Z,API-0204,auth-service,prod,,,/auth/v1/login,918,0.0016,119.0,"{""2xx"": 908, ""4xx"": 9, ""5xx"": 1}"
2026-03-14T09:55:00Z,API-0205,payments-service,prod,,,/payments/v1/payments,578,0.0043,255.4,"{""2xx"": 570, ""4xx"": 6, ""5xx"": 2}"
2026-03-14T09:55:00Z,API-0206,accounts-service,prod,,,/accounts/v1/balance,1143,0.0025,154.5,"{""2xx"": 1129, ""4xx"": 11, ""5xx"": 3}"
2026-03-14T09:55:00Z,API-0207,notification-service,prod,,,/notify/v1/send,485,0.0016,86.6,"{""2xx"": 479, ""4xx"": 5, ""5xx"": 1}"
2026-03-14T09:55:00Z,API-0208,payment-network-gateway,prod,,,/routes/card,176,0.0041,353.1,"{""2xx"": 173, ""4xx"": 2, ""5xx"": 1}"
2026-03-14T09:55:00Z,API-0209,payment-network-gateway,prod,,,/routes/upi,225,0.0045,298.7,"{""2xx"": 222, ""4xx"": 2, ""5xx"": 1}"
2026-03-14T09:55:00Z,API-0210,payment-network-gateway,prod,,,/routes/neft,61,0.0032,470.8,"{""2xx"": 60, ""4xx"": 1, ""5xx"": 0}"
2026-03-14T09:56:00Z,API-0211,mobile-app,prod,,,/app/v1/session,1173,0.0033,413.7,"{""2xx"": 1157, ""4xx"": 12, ""5xx"": 4}"
2026-03-14T09:56:00Z,API-0212,net-banking,prod,,,/web/v1/session,792,0.0041,369.5,"{""2xx"": 781, ""4xx"": 8, ""5xx"": 3}"
2026-03-14T09:56:00Z,API-0213,api-gateway,prod,,,/gw/v1/route,2712,0.0033,177.5,"{""2xx"": 2676, ""4xx"": 27, ""5xx"": 9}"
2026-03-14T09:56:00Z,API-0214,auth-service,prod,,,/auth/v1/login,942,0.0025,114.0,"{""2xx"": 931, ""4xx"": 9, ""5xx"": 2}"
2026-03-14T09:56:00Z,API-0215,payments-service,prod,,,/payments/v1/payments,582,0.006,254.8,"{""2xx"": 573, ""4xx"": 6, ""5xx"": 3}"
2026-03-14T09:56:00Z,API-0216,accounts-service,prod,,,/accounts/v1/balance,1068,0.0036,144.3,"{""2xx"": 1053, ""4xx"": 11, ""5xx"": 4}"
2026-03-14T09:56:00Z,API-0217,notification-service,prod,,,/notify/v1/send,477,0.0024,87.4,"{""2xx"": 471, ""4xx"": 5, ""5xx"": 1}"
2026-03-14T09:56:00Z,API-0218,payment-network-gateway,prod,,,/routes/card,188,0.0045,339.5,"{""2xx"": 185, ""4xx"": 2, ""5xx"": 1}"
2026-03-14T09:56:00Z,API-0219,payment-network-gateway,prod,,,/routes/upi,230,0.0037,301.8,"{""2xx"": 227, ""4xx"": 2, ""5xx"": 1}"
2026-03-14T09:56:00Z,API-0220,payment-network-gateway,prod,,,/routes/neft,62,0.0043,452.6,"{""2xx"": 61, ""4xx"": 1, ""5xx"": 0}"
2026-03-14T09:57:00Z,API-0221,mobile-app,prod,,,/app/v1/session,1170,0.0032,426.0,"{""2xx"": 1154, ""4xx"": 12, ""5xx"": 4}"
2026-03-14T09:57:00Z,API-0222,net-banking,prod,,,/web/v1/session,767,0.0035,364.0,"{""2xx"": 756, ""4xx"": 8, ""5xx"": 3}"
2026-03-14T09:57:00Z,API-0223,api-gateway,prod,,,/gw/v1/route,2692,0.0032,183.7,"{""2xx"": 2656, ""4xx"": 27, ""5xx"": 9}"
2026-03-14T09:57:00Z,API-0224,auth-service,prod,,,/auth/v1/login,882,0.0025,114.1,"{""2xx"": 871, ""4xx"": 9, ""5xx"": 2}"
2026-03-14T09:57:00Z,API-0225,payments-service,prod,,,/payments/v1/payments,608,0.0061,268.0,"{""2xx"": 598, ""4xx"": 6, ""5xx"": 4}"
2026-03-14T09:57:00Z,API-0226,accounts-service,prod,,,/accounts/v1/balance,1068,0.0031,143.4,"{""2xx"": 1054, ""4xx"": 11, ""5xx"": 3}"
2026-03-14T09:57:00Z,API-0227,notification-service,prod,,,/notify/v1/send,486,0.0015,91.5,"{""2xx"": 480, ""4xx"": 5, ""5xx"": 1}"
2026-03-14T09:57:00Z,API-0228,payment-network-gateway,prod,,,/routes/card,186,0.0032,330.8,"{""2xx"": 183, ""4xx"": 2, ""5xx"": 1}"
2026-03-14T09:57:00Z,API-0229,payment-network-gateway,prod,,,/routes/upi,220,0.0041,297.1,"{""2xx"": 217, ""4xx"": 2, ""5xx"": 1}"
2026-03-14T09:57:00Z,API-0230,payment-network-gateway,prod,,,/routes/neft,61,0.0039,427.6,"{""2xx"": 60, ""4xx"": 1, ""5xx"": 0}"
2026-03-14T09:58:00Z,API-0231,mobile-app,prod,,,/app/v1/session,1202,0.0045,440.4,"{""2xx"": 1185, ""4xx"": 12, ""5xx"": 5}"
2026-03-14T09:58:00Z,API-0232,net-banking,prod,,,/web/v1/session,791,0.0047,372.3,"{""2xx"": 779, ""4xx"": 8, ""5xx"": 4}"
2026-03-14T09:58:00Z,API-0233,api-gateway,prod,,,/gw/v1/route,2498,0.0028,175.8,"{""2xx"": 2466, ""4xx"": 25, ""5xx"": 7}"
2026-03-14T09:58:00Z,API-0234,auth-service,prod,,,/auth/v1/login,918,0.0016,118.7,"{""2xx"": 908, ""4xx"": 9, ""5xx"": 1}"
2026-03-14T09:58:00Z,API-0235,payments-service,prod,,,/payments/v1/payments,572,0.0061,249.1,"{""2xx"": 563, ""4xx"": 6, ""5xx"": 3}"
2026-03-14T09:58:00Z,API-0236,accounts-service,prod,,,/accounts/v1/balance,1123,0.0029,146.5,"{""2xx"": 1109, ""4xx"": 11, ""5xx"": 3}"
2026-03-14T09:58:00Z,API-0237,notification-service,prod,,,/notify/v1/send,504,0.0019,90.9,"{""2xx"": 498, ""4xx"": 5, ""5xx"": 1}"
2026-03-14T09:58:00Z,API-0238,payment-network-gateway,prod,,,/routes/card,188,0.0047,346.1,"{""2xx"": 185, ""4xx"": 2, ""5xx"": 1}"
2026-03-14T09:58:00Z,API-0239,payment-network-gateway,prod,,,/routes/upi,215,0.0049,288.8,"{""2xx"": 212, ""4xx"": 2, ""5xx"": 1}"
2026-03-14T09:58:00Z,API-0240,payment-network-gateway,prod,,,/routes/neft,61,0.0041,455.7,"{""2xx"": 60, ""4xx"": 1, ""5xx"": 0}"
2026-03-14T09:59:00Z,API-0241,mobile-app,prod,,,/app/v1/session,1146,0.0039,402.1,"{""2xx"": 1131, ""4xx"": 11, ""5xx"": 4}"
2026-03-14T09:59:00Z,API-0242,net-banking,prod,,,/web/v1/session,767,0.0042,375.0,"{""2xx"": 756, ""4xx"": 8, ""5xx"": 3}"
2026-03-14T09:59:00Z,API-0243,api-gateway,prod,,,/gw/v1/route,2549,0.0026,176.9,"{""2xx"": 2517, ""4xx"": 25, ""5xx"": 7}"
2026-03-14T09:59:00Z,API-0244,auth-service,prod,,,/auth/v1/login,879,0.0017,122.5,"{""2xx"": 869, ""4xx"": 9, ""5xx"": 1}"
2026-03-14T09:59:00Z,API-0245,payments-service,prod,,,/payments/v1/payments,576,0.0046,262.3,"{""2xx"": 567, ""4xx"": 6, ""5xx"": 3}"
2026-03-14T09:59:00Z,API-0246,accounts-service,prod,,,/accounts/v1/balance,1146,0.0028,151.4,"{""2xx"": 1132, ""4xx"": 11, ""5xx"": 3}"
2026-03-14T09:59:00Z,API-0247,notification-service,prod,,,/notify/v1/send,490,0.0024,94.0,"{""2xx"": 484, ""4xx"": 5, ""5xx"": 1}"
2026-03-14T09:59:00Z,API-0248,payment-network-gateway,prod,,,/routes/card,180,0.0035,343.6,"{""2xx"": 177, ""4xx"": 2, ""5xx"": 1}"
2026-03-14T09:59:00Z,API-0249,payment-network-gateway,prod,,,/routes/upi,229,0.0049,306.8,"{""2xx"": 226, ""4xx"": 2, ""5xx"": 1}"
2026-03-14T09:59:00Z,API-0250,payment-network-gateway,prod,,,/routes/neft,58,0.0031,444.1,"{""2xx"": 57, ""4xx"": 1, ""5xx"": 0}"
2026-03-14T10:00:00Z,API-0251,mobile-app,prod,,,/app/v1/session,1205,0.0047,425.8,"{""2xx"": 1187, ""4xx"": 12, ""5xx"": 6}"
2026-03-14T10:00:00Z,API-0252,net-banking,prod,,,/web/v1/session,779,0.0039,383.0,"{""2xx"": 768, ""4xx"": 8, ""5xx"": 3}"
2026-03-14T10:00:00Z,API-0253,api-gateway,prod,,,/gw/v1/route,2475,0.0023,188.4,"{""2xx"": 2444, ""4xx"": 25, ""5xx"": 6}"
2026-03-14T10:00:00Z,API-0254,auth-service,prod,,,/auth/v1/login,942,0.0019,121.8,"{""2xx"": 931, ""4xx"": 9, ""5xx"": 2}"
2026-03-14T10:00:00Z,API-0255,payments-service,prod,,,/payments/v1/payments,625,0.004,248.3,"{""2xx"": 617, ""4xx"": 6, ""5xx"": 2}"
2026-03-14T10:00:00Z,API-0256,accounts-service,prod,,,/accounts/v1/balance,1112,0.003,147.9,"{""2xx"": 1098, ""4xx"": 11, ""5xx"": 3}"
2026-03-14T10:00:00Z,API-0257,notification-service,prod,,,/notify/v1/send,524,0.0016,92.1,"{""2xx"": 518, ""4xx"": 5, ""5xx"": 1}"
2026-03-14T10:00:00Z,API-0258,payment-network-gateway,prod,,,/routes/card,179,0.0046,336.4,"{""2xx"": 176, ""4xx"": 2, ""5xx"": 1}"
2026-03-14T10:00:00Z,API-0259,payment-network-gateway,prod,,,/routes/upi,211,0.0045,293.5,"{""2xx"": 208, ""4xx"": 2, ""5xx"": 1}"
2026-03-14T10:00:00Z,API-0260,payment-network-gateway,prod,,,/routes/neft,63,0.0043,461.0,"{""2xx"": 62, ""4xx"": 1, ""5xx"": 0}"
2026-03-14T10:01:00Z,API-0261,mobile-app,prod,,,/app/v1/session,1220,0.0044,426.6,"{""2xx"": 1203, ""4xx"": 12, ""5xx"": 5}"
2026-03-14T10:01:00Z,API-0262,net-banking,prod,,,/web/v1/session,797,0.0031,361.3,"{""2xx"": 787, ""4xx"": 8, ""5xx"": 2}"
2026-03-14T10:01:00Z,API-0263,api-gateway,prod,,,/gw/v1/route,2533,0.0024,184.4,"{""2xx"": 2502, ""4xx"": 25, ""5xx"": 6}"
2026-03-14T10:01:00Z,API-0264,auth-service,prod,,,/auth/v1/login,901,0.0022,119.1,"{""2xx"": 890, ""4xx"": 9, ""5xx"": 2}"
2026-03-14T10:01:00Z,API-0265,payments-service,prod,,,/payments/v1/payments,581,0.0041,248.0,"{""2xx"": 573, ""4xx"": 6, ""5xx"": 2}"
2026-03-14T10:01:00Z,API-0266,accounts-service,prod,,,/accounts/v1/balance,1063,0.0023,154.1,"{""2xx"": 1050, ""4xx"": 11, ""5xx"": 2}"
2026-03-14T10:01:00Z,API-0267,notification-service,prod,,,/notify/v1/send,515,0.0022,88.7,"{""2xx"": 509, ""4xx"": 5, ""5xx"": 1}"
2026-03-14T10:01:00Z,API-0268,payment-network-gateway,prod,,,/routes/card,185,0.0035,326.8,"{""2xx"": 182, ""4xx"": 2, ""5xx"": 1}"
2026-03-14T10:01:00Z,API-0269,payment-network-gateway,prod,,,/routes/upi,217,0.0032,296.2,"{""2xx"": 214, ""4xx"": 2, ""5xx"": 1}"
2026-03-14T10:01:00Z,API-0270,payment-network-gateway,prod,,,/routes/neft,57,0.0049,446.4,"{""2xx"": 56, ""4xx"": 1, ""5xx"": 0}"
2026-03-14T10:02:00Z,API-0271,mobile-app,prod,,,/app/v1/session,1186,0.0049,406.7,"{""2xx"": 1168, ""4xx"": 12, ""5xx"": 6}"
2026-03-14T10:02:00Z,API-0272,net-banking,prod,,,/web/v1/session,784,0.0043,387.7,"{""2xx"": 773, ""4xx"": 8, ""5xx"": 3}"
2026-03-14T10:02:00Z,API-0273,api-gateway,prod,,,/gw/v1/route,2702,0.0028,182.0,"{""2xx"": 2667, ""4xx"": 27, ""5xx"": 8}"
2026-03-14T10:02:00Z,API-0274,auth-service,prod,,,/auth/v1/login,870,0.002,119.1,"{""2xx"": 859, ""4xx"": 9, ""5xx"": 2}"
2026-03-14T10:02:00Z,API-0275,payments-service,prod,,,/payments/v1/payments,621,0.0056,253.8,"{""2xx"": 612, ""4xx"": 6, ""5xx"": 3}"
2026-03-14T10:02:00Z,API-0276,accounts-service,prod,,,/accounts/v1/balance,1131,0.0025,149.9,"{""2xx"": 1117, ""4xx"": 11, ""5xx"": 3}"
2026-03-14T10:02:00Z,API-0277,notification-service,prod,,,/notify/v1/send,504,0.0024,92.9,"{""2xx"": 498, ""4xx"": 5, ""5xx"": 1}"
2026-03-14T10:02:00Z,API-0278,payment-network-gateway,prod,,,/routes/card,179,0.0034,349.9,"{""2xx"": 176, ""4xx"": 2, ""5xx"": 1}"
2026-03-14T10:02:00Z,API-0279,payment-network-gateway,prod,,,/routes/upi,227,0.0042,311.9,"{""2xx"": 224, ""4xx"": 2, ""5xx"": 1}"
2026-03-14T10:02:00Z,API-0280,payment-network-gateway,prod,,,/routes/neft,60,0.0035,438.4,"{""2xx"": 59, ""4xx"": 1, ""5xx"": 0}"
2026-03-14T10:03:00Z,API-0281,mobile-app,prod,,,/app/v1/session,1150,0.005,410.1,"{""2xx"": 1132, ""4xx"": 12, ""5xx"": 6}"
2026-03-14T10:03:00Z,API-0282,net-banking,prod,,,/web/v1/session,798,0.0037,376.5,"{""2xx"": 787, ""4xx"": 8, ""5xx"": 3}"
2026-03-14T10:03:00Z,API-0283,api-gateway,prod,,,/gw/v1/route,2600,0.0037,182.5,"{""2xx"": 2564, ""4xx"": 26, ""5xx"": 10}"
2026-03-14T10:03:00Z,API-0284,auth-service,prod,,,/auth/v1/login,886,0.0023,114.5,"{""2xx"": 875, ""4xx"": 9, ""5xx"": 2}"
2026-03-14T10:03:00Z,API-0285,payments-service,prod,,,/payments/v1/payments,612,0.0054,249.3,"{""2xx"": 603, ""4xx"": 6, ""5xx"": 3}"
2026-03-14T10:03:00Z,API-0286,accounts-service,prod,,,/accounts/v1/balance,1137,0.0033,145.5,"{""2xx"": 1122, ""4xx"": 11, ""5xx"": 4}"
2026-03-14T10:03:00Z,API-0287,notification-service,prod,,,/notify/v1/send,521,0.0016,86.2,"{""2xx"": 515, ""4xx"": 5, ""5xx"": 1}"
2026-03-14T10:03:00Z,API-0288,payment-network-gateway,prod,,,/routes/card,180,0.0037,340.1,"{""2xx"": 177, ""4xx"": 2, ""5xx"": 1}"
2026-03-14T10:03:00Z,API-0289,payment-network-gateway,prod,,,/routes/upi,222,0.0041,295.5,"{""2xx"": 219, ""4xx"": 2, ""5xx"": 1}"
2026-03-14T10:03:00Z,API-0290,payment-network-gateway,prod,,,/routes/neft,63,0.0032,428.5,"{""2xx"": 62, ""4xx"": 1, ""5xx"": 0}"
2026-03-14T10:04:00Z,API-0291,mobile-app,prod,,,/app/v1/session,1200,0.0037,440.1,"{""2xx"": 1184, ""4xx"": 12, ""5xx"": 4}"
2026-03-14T10:04:00Z,API-0292,net-banking,prod,,,/web/v1/session,805,0.0035,386.4,"{""2xx"": 794, ""4xx"": 8, ""5xx"": 3}"
2026-03-14T10:04:00Z,API-0293,api-gateway,prod,,,/gw/v1/route,2672,0.0028,172.9,"{""2xx"": 2638, ""4xx"": 27, ""5xx"": 7}"
2026-03-14T10:04:00Z,API-0294,auth-service,prod,,,/auth/v1/login,863,0.0019,120.8,"{""2xx"": 852, ""4xx"": 9, ""5xx"": 2}"
2026-03-14T10:04:00Z,API-0295,payments-service,prod,,,/payments/v1/payments,578,0.0041,265.9,"{""2xx"": 570, ""4xx"": 6, ""5xx"": 2}"
2026-03-14T10:04:00Z,API-0296,accounts-service,prod,,,/accounts/v1/balance,1113,0.0033,155.3,"{""2xx"": 1098, ""4xx"": 11, ""5xx"": 4}"
2026-03-14T10:04:00Z,API-0297,notification-service,prod,,,/notify/v1/send,524,0.0018,93.0,"{""2xx"": 518, ""4xx"": 5, ""5xx"": 1}"
2026-03-14T10:04:00Z,API-0298,payment-network-gateway,prod,,,/routes/card,175,0.0036,337.1,"{""2xx"": 172, ""4xx"": 2, ""5xx"": 1}"
2026-03-14T10:04:00Z,API-0299,payment-network-gateway,prod,,,/routes/upi,217,0.004,300.3,"{""2xx"": 214, ""4xx"": 2, ""5xx"": 1}"
2026-03-14T10:04:00Z,API-0300,payment-network-gateway,prod,,,/routes/neft,62,0.0041,461.1,"{""2xx"": 61, ""4xx"": 1, ""5xx"": 0}"
2026-03-14T10:05:00Z,API-0301,mobile-app,prod,,,/app/v1/session,1181,0.0702,689.8,"{""2xx"": 1086, ""4xx"": 12, ""5xx"": 83}"
2026-03-14T10:05:00Z,API-0302,net-banking,prod,,,/web/v1/session,776,0.0515,553.5,"{""2xx"": 728, ""4xx"": 8, ""5xx"": 40}"
2026-03-14T10:05:00Z,API-0303,api-gateway,prod,,,/gw/v1/route,2694,0.0933,631.7,"{""2xx"": 2416, ""4xx"": 27, ""5xx"": 251}"
2026-03-14T10:05:00Z,API-0304,auth-service,prod,,,/auth/v1/login,926,0.0018,115.1,"{""2xx"": 915, ""4xx"": 9, ""5xx"": 2}"
2026-03-14T10:05:00Z,API-0305,payments-service,prod,,,/payments/v1/payments,623,0.3903,690.7,"{""2xx"": 374, ""4xx"": 6, ""5xx"": 243}"
2026-03-14T10:05:00Z,API-0306,accounts-service,prod,,,/accounts/v1/balance,1089,0.0035,154.1,"{""2xx"": 1074, ""4xx"": 11, ""5xx"": 4}"
2026-03-14T10:05:00Z,API-0307,notification-service,prod,,,/notify/v1/send,524,0.0022,89.4,"{""2xx"": 518, ""4xx"": 5, ""5xx"": 1}"
2026-03-14T10:05:00Z,API-0308,payment-network-gateway,prod,,,/routes/card,180,0.0034,342.9,"{""2xx"": 177, ""4xx"": 2, ""5xx"": 1}"
2026-03-14T10:05:00Z,API-0309,payment-network-gateway,prod,,,/routes/upi,218,0.0034,297.2,"{""2xx"": 215, ""4xx"": 2, ""5xx"": 1}"
2026-03-14T10:05:00Z,API-0310,payment-network-gateway,prod,,,/routes/neft,60,0.0035,457.6,"{""2xx"": 59, ""4xx"": 1, ""5xx"": 0}"
2026-03-14T10:06:00Z,API-0311,mobile-app,prod,,,/app/v1/session,1226,0.0721,697.6,"{""2xx"": 1126, ""4xx"": 12, ""5xx"": 88}"
2026-03-14T10:06:00Z,API-0312,net-banking,prod,,,/web/v1/session,788,0.0513,554.4,"{""2xx"": 740, ""4xx"": 8, ""5xx"": 40}"
2026-03-14T10:06:00Z,API-0313,api-gateway,prod,,,/gw/v1/route,2490,0.0902,651.9,"{""2xx"": 2240, ""4xx"": 25, ""5xx"": 225}"
2026-03-14T10:06:00Z,API-0314,auth-service,prod,,,/auth/v1/login,883,0.002,115.6,"{""2xx"": 872, ""4xx"": 9, ""5xx"": 2}"
2026-03-14T10:06:00Z,API-0315,payments-service,prod,,,/payments/v1/payments,618,0.3842,678.2,"{""2xx"": 375, ""4xx"": 6, ""5xx"": 237}"
2026-03-14T10:06:00Z,API-0316,accounts-service,prod,,,/accounts/v1/balance,1111,0.0024,154.8,"{""2xx"": 1097, ""4xx"": 11, ""5xx"": 3}"
2026-03-14T10:06:00Z,API-0317,notification-service,prod,,,/notify/v1/send,500,0.0021,89.2,"{""2xx"": 494, ""4xx"": 5, ""5xx"": 1}"
2026-03-14T10:06:00Z,API-0318,payment-network-gateway,prod,,,/routes/card,187,0.0049,334.3,"{""2xx"": 184, ""4xx"": 2, ""5xx"": 1}"
2026-03-14T10:06:00Z,API-0319,payment-network-gateway,prod,,,/routes/upi,215,0.0032,287.9,"{""2xx"": 212, ""4xx"": 2, ""5xx"": 1}"
2026-03-14T10:06:00Z,API-0320,payment-network-gateway,prod,,,/routes/neft,61,0.0046,430.2,"{""2xx"": 60, ""4xx"": 1, ""5xx"": 0}"
2026-03-14T10:07:00Z,API-0321,mobile-app,prod,,,/app/v1/session,1196,0.0711,694.8,"{""2xx"": 1099, ""4xx"": 12, ""5xx"": 85}"
2026-03-14T10:07:00Z,API-0322,net-banking,prod,,,/web/v1/session,768,0.0519,550.1,"{""2xx"": 720, ""4xx"": 8, ""5xx"": 40}"
2026-03-14T10:07:00Z,API-0323,api-gateway,prod,,,/gw/v1/route,2653,0.0933,658.4,"{""2xx"": 2378, ""4xx"": 27, ""5xx"": 248}"
2026-03-14T10:07:00Z,API-0324,auth-service,prod,,,/auth/v1/login,871,0.0019,121.7,"{""2xx"": 860, ""4xx"": 9, ""5xx"": 2}"
2026-03-14T10:07:00Z,API-0325,payments-service,prod,,,/payments/v1/payments,596,0.3889,686.2,"{""2xx"": 358, ""4xx"": 6, ""5xx"": 232}"
2026-03-14T10:07:00Z,API-0326,accounts-service,prod,,,/accounts/v1/balance,1113,0.0027,154.9,"{""2xx"": 1099, ""4xx"": 11, ""5xx"": 3}"
2026-03-14T10:07:00Z,API-0327,notification-service,prod,,,/notify/v1/send,478,0.0018,85.8,"{""2xx"": 472, ""4xx"": 5, ""5xx"": 1}"
2026-03-14T10:07:00Z,API-0328,payment-network-gateway,prod,,,/routes/card,178,0.0042,335.4,"{""2xx"": 175, ""4xx"": 2, ""5xx"": 1}"
2026-03-14T10:07:00Z,API-0329,payment-network-gateway,prod,,,/routes/upi,222,0.0047,294.5,"{""2xx"": 219, ""4xx"": 2, ""5xx"": 1}"
2026-03-14T10:07:00Z,API-0330,payment-network-gateway,prod,,,/routes/neft,60,0.0031,461.2,"{""2xx"": 59, ""4xx"": 1, ""5xx"": 0}"
2026-03-14T10:08:00Z,API-0331,mobile-app,prod,,,/app/v1/session,1230,0.0717,681.9,"{""2xx"": 1130, ""4xx"": 12, ""5xx"": 88}"
2026-03-14T10:08:00Z,API-0332,net-banking,prod,,,/web/v1/session,778,0.0508,537.3,"{""2xx"": 730, ""4xx"": 8, ""5xx"": 40}"
2026-03-14T10:08:00Z,API-0333,api-gateway,prod,,,/gw/v1/route,2690,0.0915,637.5,"{""2xx"": 2417, ""4xx"": 27, ""5xx"": 246}"
2026-03-14T10:08:00Z,API-0334,auth-service,prod,,,/auth/v1/login,940,0.0019,117.2,"{""2xx"": 929, ""4xx"": 9, ""5xx"": 2}"
2026-03-14T10:08:00Z,API-0335,payments-service,prod,,,/payments/v1/payments,611,0.3908,686.3,"{""2xx"": 366, ""4xx"": 6, ""5xx"": 239}"
2026-03-14T10:08:00Z,API-0336,accounts-service,prod,,,/accounts/v1/balance,1049,0.0033,152.8,"{""2xx"": 1036, ""4xx"": 10, ""5xx"": 3}"
2026-03-14T10:08:00Z,API-0337,notification-service,prod,,,/notify/v1/send,517,0.0022,93.8,"{""2xx"": 511, ""4xx"": 5, ""5xx"": 1}"
2026-03-14T10:08:00Z,API-0338,payment-network-gateway,prod,,,/routes/card,177,0.0045,323.5,"{""2xx"": 174, ""4xx"": 2, ""5xx"": 1}"
2026-03-14T10:08:00Z,API-0339,payment-network-gateway,prod,,,/routes/upi,215,0.0048,303.7,"{""2xx"": 212, ""4xx"": 2, ""5xx"": 1}"
2026-03-14T10:08:00Z,API-0340,payment-network-gateway,prod,,,/routes/neft,63,0.0048,460.9,"{""2xx"": 62, ""4xx"": 1, ""5xx"": 0}"
2026-03-14T10:09:00Z,API-0341,mobile-app,prod,,,/app/v1/session,1257,0.0706,701.9,"{""2xx"": 1155, ""4xx"": 13, ""5xx"": 89}"
2026-03-14T10:09:00Z,API-0342,net-banking,prod,,,/web/v1/session,827,0.0514,539.9,"{""2xx"": 776, ""4xx"": 8, ""5xx"": 43}"
2026-03-14T10:09:00Z,API-0343,api-gateway,prod,,,/gw/v1/route,2581,0.0905,630.3,"{""2xx"": 2321, ""4xx"": 26, ""5xx"": 234}"
2026-03-14T10:09:00Z,API-0344,auth-service,prod,,,/auth/v1/login,879,0.0022,115.2,"{""2xx"": 868, ""4xx"": 9, ""5xx"": 2}"
2026-03-14T10:09:00Z,API-0345,payments-service,prod,,,/payments/v1/payments,585,0.3822,695.3,"{""2xx"": 355, ""4xx"": 6, ""5xx"": 224}"
2026-03-14T10:09:00Z,API-0346,accounts-service,prod,,,/accounts/v1/balance,1111,0.003,156.8,"{""2xx"": 1097, ""4xx"": 11, ""5xx"": 3}"
2026-03-14T10:09:00Z,API-0347,notification-service,prod,,,/notify/v1/send,480,0.0016,93.7,"{""2xx"": 474, ""4xx"": 5, ""5xx"": 1}"
2026-03-14T10:09:00Z,API-0348,payment-network-gateway,prod,,,/routes/card,181,0.0033,356.9,"{""2xx"": 178, ""4xx"": 2, ""5xx"": 1}"
2026-03-14T10:09:00Z,API-0349,payment-network-gateway,prod,,,/routes/upi,213,0.0046,287.1,"{""2xx"": 210, ""4xx"": 2, ""5xx"": 1}"
2026-03-14T10:09:00Z,API-0350,payment-network-gateway,prod,,,/routes/neft,59,0.0038,428.4,"{""2xx"": 58, ""4xx"": 1, ""5xx"": 0}"
2026-03-14T10:10:00Z,API-0351,mobile-app,prod,,,/app/v1/session,1178,0.0721,696.4,"{""2xx"": 1081, ""4xx"": 12, ""5xx"": 85}"
2026-03-14T10:10:00Z,API-0352,net-banking,prod,,,/web/v1/session,778,0.0514,537.8,"{""2xx"": 730, ""4xx"": 8, ""5xx"": 40}"
2026-03-14T10:10:00Z,API-0353,api-gateway,prod,,,/gw/v1/route,2516,0.0908,643.1,"{""2xx"": 2263, ""4xx"": 25, ""5xx"": 228}"
2026-03-14T10:10:00Z,API-0354,auth-service,prod,,,/auth/v1/login,938,0.0016,117.4,"{""2xx"": 927, ""4xx"": 9, ""5xx"": 2}"
2026-03-14T10:10:00Z,API-0355,payments-service,prod,,,/payments/v1/payments,609,0.3853,689.9,"{""2xx"": 368, ""4xx"": 6, ""5xx"": 235}"
2026-03-14T10:10:00Z,API-0356,accounts-service,prod,,,/accounts/v1/balance,1083,0.0035,152.9,"{""2xx"": 1068, ""4xx"": 11, ""5xx"": 4}"
2026-03-14T10:10:00Z,API-0357,notification-service,prod,,,/notify/v1/send,497,0.002,88.9,"{""2xx"": 491, ""4xx"": 5, ""5xx"": 1}"
2026-03-14T10:10:00Z,API-0358,payment-network-gateway,prod,,,/routes/card,171,0.0036,328.3,"{""2xx"": 168, ""4xx"": 2, ""5xx"": 1}"
2026-03-14T10:10:00Z,API-0359,payment-network-gateway,prod,,,/routes/upi,218,0.0036,298.9,"{""2xx"": 215, ""4xx"": 2, ""5xx"": 1}"
2026-03-14T10:10:00Z,API-0360,payment-network-gateway,prod,,,/routes/neft,63,0.0034,450.5,"{""2xx"": 62, ""4xx"": 1, ""5xx"": 0}"
2026-03-14T10:11:00Z,API-0361,mobile-app,prod,,,/app/v1/session,1245,0.0717,684.3,"{""2xx"": 1144, ""4xx"": 12, ""5xx"": 89}"
2026-03-14T10:11:00Z,API-0362,net-banking,prod,,,/web/v1/session,803,0.0502,548.1,"{""2xx"": 755, ""4xx"": 8, ""5xx"": 40}"
2026-03-14T10:11:00Z,API-0363,api-gateway,prod,,,/gw/v1/route,2627,0.0924,631.5,"{""2xx"": 2358, ""4xx"": 26, ""5xx"": 243}"
2026-03-14T10:11:00Z,API-0364,auth-service,prod,,,/auth/v1/login,908,0.0017,124.1,"{""2xx"": 897, ""4xx"": 9, ""5xx"": 2}"
2026-03-14T10:11:00Z,API-0365,payments-service,prod,,,/payments/v1/payments,584,0.3801,696.2,"{""2xx"": 356, ""4xx"": 6, ""5xx"": 222}"
2026-03-14T10:11:00Z,API-0366,accounts-service,prod,,,/accounts/v1/balance,1149,0.0031,145.5,"{""2xx"": 1134, ""4xx"": 11, ""5xx"": 4}"
2026-03-14T10:11:00Z,API-0367,notification-service,prod,,,/notify/v1/send,486,0.0018,92.5,"{""2xx"": 480, ""4xx"": 5, ""5xx"": 1}"
2026-03-14T10:11:00Z,API-0368,payment-network-gateway,prod,,,/routes/card,173,0.0047,349.2,"{""2xx"": 170, ""4xx"": 2, ""5xx"": 1}"
2026-03-14T10:11:00Z,API-0369,payment-network-gateway,prod,,,/routes/upi,211,0.0039,312.3,"{""2xx"": 208, ""4xx"": 2, ""5xx"": 1}"
2026-03-14T10:11:00Z,API-0370,payment-network-gateway,prod,,,/routes/neft,61,0.0031,466.8,"{""2xx"": 60, ""4xx"": 1, ""5xx"": 0}"
2026-03-14T10:12:00Z,API-0371,mobile-app,prod,,,/app/v1/session,1186,0.0711,699.8,"{""2xx"": 1090, ""4xx"": 12, ""5xx"": 84}"
2026-03-14T10:12:00Z,API-0372,net-banking,prod,,,/web/v1/session,774,0.0505,548.1,"{""2xx"": 727, ""4xx"": 8, ""5xx"": 39}"
2026-03-14T10:12:00Z,API-0373,api-gateway,prod,,,/gw/v1/route,2659,0.0918,640.2,"{""2xx"": 2388, ""4xx"": 27, ""5xx"": 244}"
2026-03-14T10:12:00Z,API-0374,auth-service,prod,,,/auth/v1/login,917,0.002,118.9,"{""2xx"": 906, ""4xx"": 9, ""5xx"": 2}"
2026-03-14T10:12:00Z,API-0375,payments-service,prod,,,/payments/v1/payments,605,0.3921,694.2,"{""2xx"": 362, ""4xx"": 6, ""5xx"": 237}"
2026-03-14T10:12:00Z,API-0376,accounts-service,prod,,,/accounts/v1/balance,1087,0.0027,147.7,"{""2xx"": 1073, ""4xx"": 11, ""5xx"": 3}"
2026-03-14T10:12:00Z,API-0377,notification-service,prod,,,/notify/v1/send,517,0.0016,93.7,"{""2xx"": 511, ""4xx"": 5, ""5xx"": 1}"
2026-03-14T10:12:00Z,API-0378,payment-network-gateway,prod,,,/routes/card,185,0.0033,356.4,"{""2xx"": 182, ""4xx"": 2, ""5xx"": 1}"
2026-03-14T10:12:00Z,API-0379,payment-network-gateway,prod,,,/routes/upi,227,0.0049,290.1,"{""2xx"": 224, ""4xx"": 2, ""5xx"": 1}"
2026-03-14T10:12:00Z,API-0380,payment-network-gateway,prod,,,/routes/neft,62,0.0035,429.9,"{""2xx"": 61, ""4xx"": 1, ""5xx"": 0}"
2026-03-14T10:13:00Z,API-0381,mobile-app,prod,,,/app/v1/session,1234,0.0714,677.1,"{""2xx"": 1134, ""4xx"": 12, ""5xx"": 88}"
2026-03-14T10:13:00Z,API-0382,net-banking,prod,,,/web/v1/session,772,0.0515,556.3,"{""2xx"": 724, ""4xx"": 8, ""5xx"": 40}"
2026-03-14T10:13:00Z,API-0383,api-gateway,prod,,,/gw/v1/route,2500,0.0909,649.8,"{""2xx"": 2248, ""4xx"": 25, ""5xx"": 227}"
2026-03-14T10:13:00Z,API-0384,auth-service,prod,,,/auth/v1/login,858,0.0021,123.9,"{""2xx"": 847, ""4xx"": 9, ""5xx"": 2}"
2026-03-14T10:13:00Z,API-0385,payments-service,prod,,,/payments/v1/payments,589,0.3937,706.5,"{""2xx"": 351, ""4xx"": 6, ""5xx"": 232}"
2026-03-14T10:13:00Z,API-0386,accounts-service,prod,,,/accounts/v1/balance,1072,0.0032,155.9,"{""2xx"": 1058, ""4xx"": 11, ""5xx"": 3}"
2026-03-14T10:13:00Z,API-0387,notification-service,prod,,,/notify/v1/send,514,0.0024,87.3,"{""2xx"": 508, ""4xx"": 5, ""5xx"": 1}"
2026-03-14T10:13:00Z,API-0388,payment-network-gateway,prod,,,/routes/card,189,0.0049,324.6,"{""2xx"": 186, ""4xx"": 2, ""5xx"": 1}"
2026-03-14T10:13:00Z,API-0389,payment-network-gateway,prod,,,/routes/upi,213,0.0044,295.1,"{""2xx"": 210, ""4xx"": 2, ""5xx"": 1}"
2026-03-14T10:13:00Z,API-0390,payment-network-gateway,prod,,,/routes/neft,59,0.0033,460.9,"{""2xx"": 58, ""4xx"": 1, ""5xx"": 0}"
2026-03-14T10:14:00Z,API-0391,mobile-app,prod,,,/app/v1/session,1194,0.0705,693.7,"{""2xx"": 1098, ""4xx"": 12, ""5xx"": 84}"
2026-03-14T10:14:00Z,API-0392,net-banking,prod,,,/web/v1/session,827,0.0505,553.4,"{""2xx"": 777, ""4xx"": 8, ""5xx"": 42}"
2026-03-14T10:14:00Z,API-0393,api-gateway,prod,,,/gw/v1/route,2579,0.0902,655.9,"{""2xx"": 2320, ""4xx"": 26, ""5xx"": 233}"
2026-03-14T10:14:00Z,API-0394,auth-service,prod,,,/auth/v1/login,873,0.002,125.7,"{""2xx"": 862, ""4xx"": 9, ""5xx"": 2}"
2026-03-14T10:14:00Z,API-0395,payments-service,prod,,,/payments/v1/payments,611,0.3851,697.6,"{""2xx"": 370, ""4xx"": 6, ""5xx"": 235}"
2026-03-14T10:14:00Z,API-0396,accounts-service,prod,,,/accounts/v1/balance,1060,0.0031,147.9,"{""2xx"": 1046, ""4xx"": 11, ""5xx"": 3}"
2026-03-14T10:14:00Z,API-0397,notification-service,prod,,,/notify/v1/send,499,0.0018,91.1,"{""2xx"": 493, ""4xx"": 5, ""5xx"": 1}"
2026-03-14T10:14:00Z,API-0398,payment-network-gateway,prod,,,/routes/card,176,0.0045,349.8,"{""2xx"": 173, ""4xx"": 2, ""5xx"": 1}"
2026-03-14T10:14:00Z,API-0399,payment-network-gateway,prod,,,/routes/upi,217,0.0041,310.0,"{""2xx"": 214, ""4xx"": 2, ""5xx"": 1}"
2026-03-14T10:14:00Z,API-0400,payment-network-gateway,prod,,,/routes/neft,58,0.0038,452.3,"{""2xx"": 57, ""4xx"": 1, ""5xx"": 0}"
2026-03-14T10:15:00Z,API-0401,mobile-app,prod,,,/app/v1/session,1215,0.0714,682.2,"{""2xx"": 1116, ""4xx"": 12, ""5xx"": 87}"
2026-03-14T10:15:00Z,API-0402,net-banking,prod,,,/web/v1/session,797,0.0506,556.7,"{""2xx"": 749, ""4xx"": 8, ""5xx"": 40}"
2026-03-14T10:15:00Z,API-0403,api-gateway,prod,,,/gw/v1/route,2541,0.0932,658.2,"{""2xx"": 2279, ""4xx"": 25, ""5xx"": 237}"
2026-03-14T10:15:00Z,API-0404,auth-service,prod,,,/auth/v1/login,861,0.0022,115.7,"{""2xx"": 850, ""4xx"": 9, ""5xx"": 2}"
2026-03-14T10:15:00Z,API-0405,payments-service,prod,,,/payments/v1/payments,621,0.3809,699.8,"{""2xx"": 378, ""4xx"": 6, ""5xx"": 237}"
2026-03-14T10:15:00Z,API-0406,accounts-service,prod,,,/accounts/v1/balance,1075,0.0031,156.5,"{""2xx"": 1061, ""4xx"": 11, ""5xx"": 3}"
2026-03-14T10:15:00Z,API-0407,notification-service,prod,,,/notify/v1/send,513,0.0017,93.9,"{""2xx"": 507, ""4xx"": 5, ""5xx"": 1}"
2026-03-14T10:15:00Z,API-0408,payment-network-gateway,prod,,,/routes/card,188,0.0049,346.5,"{""2xx"": 185, ""4xx"": 2, ""5xx"": 1}"
2026-03-14T10:15:00Z,API-0409,payment-network-gateway,prod,,,/routes/upi,214,0.0038,298.4,"{""2xx"": 211, ""4xx"": 2, ""5xx"": 1}"
2026-03-14T10:15:00Z,API-0410,payment-network-gateway,prod,,,/routes/neft,58,0.0041,431.7,"{""2xx"": 57, ""4xx"": 1, ""5xx"": 0}"
2026-03-14T10:16:00Z,API-0411,mobile-app,prod,,,/app/v1/session,1225,0.071,702.5,"{""2xx"": 1126, ""4xx"": 12, ""5xx"": 87}"
2026-03-14T10:16:00Z,API-0412,net-banking,prod,,,/web/v1/session,783,0.052,556.8,"{""2xx"": 734, ""4xx"": 8, ""5xx"": 41}"
2026-03-14T10:16:00Z,API-0413,api-gateway,prod,,,/gw/v1/route,2563,0.0932,649.0,"{""2xx"": 2298, ""4xx"": 26, ""5xx"": 239}"
2026-03-14T10:16:00Z,API-0414,auth-service,prod,,,/auth/v1/login,935,0.0021,122.2,"{""2xx"": 924, ""4xx"": 9, ""5xx"": 2}"
2026-03-14T10:16:00Z,API-0415,payments-service,prod,,,/payments/v1/payments,611,0.3896,709.7,"{""2xx"": 367, ""4xx"": 6, ""5xx"": 238}"
2026-03-14T10:16:00Z,API-0416,accounts-service,prod,,,/accounts/v1/balance,1064,0.0036,153.1,"{""2xx"": 1049, ""4xx"": 11, ""5xx"": 4}"
2026-03-14T10:16:00Z,API-0417,notification-service,prod,,,/notify/v1/send,509,0.0023,92.9,"{""2xx"": 503, ""4xx"": 5, ""5xx"": 1}"
2026-03-14T10:16:00Z,API-0418,payment-network-gateway,prod,,,/routes/card,189,0.003,330.5,"{""2xx"": 186, ""4xx"": 2, ""5xx"": 1}"
2026-03-14T10:16:00Z,API-0419,payment-network-gateway,prod,,,/routes/upi,222,0.0031,291.1,"{""2xx"": 219, ""4xx"": 2, ""5xx"": 1}"
2026-03-14T10:16:00Z,API-0420,payment-network-gateway,prod,,,/routes/neft,61,0.0035,456.0,"{""2xx"": 60, ""4xx"": 1, ""5xx"": 0}"
2026-03-14T10:17:00Z,API-0421,mobile-app,prod,,,/app/v1/session,1160,0.072,698.8,"{""2xx"": 1064, ""4xx"": 12, ""5xx"": 84}"
2026-03-14T10:17:00Z,API-0422,net-banking,prod,,,/web/v1/session,825,0.0503,545.0,"{""2xx"": 776, ""4xx"": 8, ""5xx"": 41}"
2026-03-14T10:17:00Z,API-0423,api-gateway,prod,,,/gw/v1/route,2530,0.0919,632.9,"{""2xx"": 2272, ""4xx"": 25, ""5xx"": 233}"
2026-03-14T10:17:00Z,API-0424,auth-service,prod,,,/auth/v1/login,855,0.0019,124.4,"{""2xx"": 844, ""4xx"": 9, ""5xx"": 2}"
2026-03-14T10:17:00Z,API-0425,payments-service,prod,,,/payments/v1/payments,582,0.3934,707.9,"{""2xx"": 347, ""4xx"": 6, ""5xx"": 229}"
2026-03-14T10:17:00Z,API-0426,accounts-service,prod,,,/accounts/v1/balance,1155,0.0031,147.4,"{""2xx"": 1139, ""4xx"": 12, ""5xx"": 4}"
2026-03-14T10:17:00Z,API-0427,notification-service,prod,,,/notify/v1/send,494,0.0019,90.8,"{""2xx"": 488, ""4xx"": 5, ""5xx"": 1}"
2026-03-14T10:17:00Z,API-0428,payment-network-gateway,prod,,,/routes/card,179,0.0038,328.9,"{""2xx"": 176, ""4xx"": 2, ""5xx"": 1}"
2026-03-14T10:17:00Z,API-0429,payment-network-gateway,prod,,,/routes/upi,211,0.0044,309.3,"{""2xx"": 208, ""4xx"": 2, ""5xx"": 1}"
2026-03-14T10:17:00Z,API-0430,payment-network-gateway,prod,,,/routes/neft,60,0.0033,435.5,"{""2xx"": 59, ""4xx"": 1, ""5xx"": 0}"
2026-03-14T10:18:00Z,API-0431,mobile-app,prod,,,/app/v1/session,1254,0.0721,693.2,"{""2xx"": 1151, ""4xx"": 13, ""5xx"": 90}"
2026-03-14T10:18:00Z,API-0432,net-banking,prod,,,/web/v1/session,792,0.05,552.0,"{""2xx"": 744, ""4xx"": 8, ""5xx"": 40}"
2026-03-14T10:18:00Z,API-0433,api-gateway,prod,,,/gw/v1/route,2570,0.0916,657.7,"{""2xx"": 2309, ""4xx"": 26, ""5xx"": 235}"
2026-03-14T10:18:00Z,API-0434,auth-service,prod,,,/auth/v1/login,883,0.0018,125.1,"{""2xx"": 872, ""4xx"": 9, ""5xx"": 2}"
2026-03-14T10:18:00Z,API-0435,payments-service,prod,,,/payments/v1/payments,617,0.3915,696.9,"{""2xx"": 369, ""4xx"": 6, ""5xx"": 242}"
2026-03-14T10:18:00Z,API-0436,accounts-service,prod,,,/accounts/v1/balance,1084,0.0035,151.4,"{""2xx"": 1069, ""4xx"": 11, ""5xx"": 4}"
2026-03-14T10:18:00Z,API-0437,notification-service,prod,,,/notify/v1/send,497,0.0024,91.3,"{""2xx"": 491, ""4xx"": 5, ""5xx"": 1}"
2026-03-14T10:18:00Z,API-0438,payment-network-gateway,prod,,,/routes/card,187,0.0034,349.0,"{""2xx"": 184, ""4xx"": 2, ""5xx"": 1}"
2026-03-14T10:18:00Z,API-0439,payment-network-gateway,prod,,,/routes/upi,219,0.0042,314.3,"{""2xx"": 216, ""4xx"": 2, ""5xx"": 1}"
2026-03-14T10:18:00Z,API-0440,payment-network-gateway,prod,,,/routes/neft,60,0.004,460.5,"{""2xx"": 59, ""4xx"": 1, ""5xx"": 0}"
2026-03-14T10:19:00Z,API-0441,mobile-app,prod,,,/app/v1/session,1167,0.0715,703.9,"{""2xx"": 1072, ""4xx"": 12, ""5xx"": 83}"
2026-03-14T10:19:00Z,API-0442,net-banking,prod,,,/web/v1/session,817,0.0515,546.1,"{""2xx"": 767, ""4xx"": 8, ""5xx"": 42}"
2026-03-14T10:19:00Z,API-0443,api-gateway,prod,,,/gw/v1/route,2653,0.0928,648.1,"{""2xx"": 2380, ""4xx"": 27, ""5xx"": 246}"
2026-03-14T10:19:00Z,API-0444,auth-service,prod,,,/auth/v1/login,912,0.0022,118.3,"{""2xx"": 901, ""4xx"": 9, ""5xx"": 2}"
2026-03-14T10:19:00Z,API-0445,payments-service,prod,,,/payments/v1/payments,621,0.3892,682.2,"{""2xx"": 373, ""4xx"": 6, ""5xx"": 242}"
2026-03-14T10:19:00Z,API-0446,accounts-service,prod,,,/accounts/v1/balance,1135,0.0027,150.6,"{""2xx"": 1121, ""4xx"": 11, ""5xx"": 3}"
2026-03-14T10:19:00Z,API-0447,notification-service,prod,,,/notify/v1/send,505,0.0015,90.5,"{""2xx"": 499, ""4xx"": 5, ""5xx"": 1}"
2026-03-14T10:19:00Z,API-0448,payment-network-gateway,prod,,,/routes/card,187,0.003,340.9,"{""2xx"": 184, ""4xx"": 2, ""5xx"": 1}"
2026-03-14T10:19:00Z,API-0449,payment-network-gateway,prod,,,/routes/upi,215,0.0049,296.4,"{""2xx"": 212, ""4xx"": 2, ""5xx"": 1}"
2026-03-14T10:19:00Z,API-0450,payment-network-gateway,prod,,,/routes/neft,59,0.0036,446.9,"{""2xx"": 58, ""4xx"": 1, ""5xx"": 0}"
2026-03-14T10:20:00Z,API-0451,mobile-app,prod,,,/app/v1/session,1198,0.0721,681.0,"{""2xx"": 1100, ""4xx"": 12, ""5xx"": 86}"
2026-03-14T10:20:00Z,API-0452,net-banking,prod,,,/web/v1/session,791,0.05,547.7,"{""2xx"": 743, ""4xx"": 8, ""5xx"": 40}"
2026-03-14T10:20:00Z,API-0453,api-gateway,prod,,,/gw/v1/route,2529,0.0932,637.2,"{""2xx"": 2268, ""4xx"": 25, ""5xx"": 236}"
2026-03-14T10:20:00Z,API-0454,auth-service,prod,,,/auth/v1/login,917,0.0023,115.3,"{""2xx"": 906, ""4xx"": 9, ""5xx"": 2}"
2026-03-14T10:20:00Z,API-0455,payments-service,prod,,,/payments/v1/payments,602,0.3801,688.7,"{""2xx"": 367, ""4xx"": 6, ""5xx"": 229}"
2026-03-14T10:20:00Z,API-0456,accounts-service,prod,,,/accounts/v1/balance,1101,0.0027,147.9,"{""2xx"": 1087, ""4xx"": 11, ""5xx"": 3}"
2026-03-14T10:20:00Z,API-0457,notification-service,prod,,,/notify/v1/send,515,0.0022,86.2,"{""2xx"": 509, ""4xx"": 5, ""5xx"": 1}"
2026-03-14T10:20:00Z,API-0458,payment-network-gateway,prod,,,/routes/card,179,0.0034,354.4,"{""2xx"": 176, ""4xx"": 2, ""5xx"": 1}"
2026-03-14T10:20:00Z,API-0459,payment-network-gateway,prod,,,/routes/upi,223,0.005,290.5,"{""2xx"": 220, ""4xx"": 2, ""5xx"": 1}"
2026-03-14T10:20:00Z,API-0460,payment-network-gateway,prod,,,/routes/neft,59,0.0042,442.6,"{""2xx"": 58, ""4xx"": 1, ""5xx"": 0}"
2026-03-14T10:21:00Z,API-0461,mobile-app,prod,,,/app/v1/session,1154,0.0711,704.3,"{""2xx"": 1060, ""4xx"": 12, ""5xx"": 82}"
2026-03-14T10:21:00Z,API-0462,net-banking,prod,,,/web/v1/session,769,0.0507,557.1,"{""2xx"": 722, ""4xx"": 8, ""5xx"": 39}"
2026-03-14T10:21:00Z,API-0463,api-gateway,prod,,,/gw/v1/route,2678,0.0931,648.3,"{""2xx"": 2402, ""4xx"": 27, ""5xx"": 249}"
2026-03-14T10:21:00Z,API-0464,auth-service,prod,,,/auth/v1/login,905,0.0018,122.3,"{""2xx"": 894, ""4xx"": 9, ""5xx"": 2}"
2026-03-14T10:21:00Z,API-0465,payments-service,prod,,,/payments/v1/payments,624,0.3831,702.1,"{""2xx"": 379, ""4xx"": 6, ""5xx"": 239}"
2026-03-14T10:21:00Z,API-0466,accounts-service,prod,,,/accounts/v1/balance,1104,0.003,143.4,"{""2xx"": 1090, ""4xx"": 11, ""5xx"": 3}"
2026-03-14T10:21:00Z,API-0467,notification-service,prod,,,/notify/v1/send,477,0.0021,88.3,"{""2xx"": 471, ""4xx"": 5, ""5xx"": 1}"
2026-03-14T10:21:00Z,API-0468,payment-network-gateway,prod,,,/routes/card,182,0.0031,328.9,"{""2xx"": 179, ""4xx"": 2, ""5xx"": 1}"
2026-03-14T10:21:00Z,API-0469,payment-network-gateway,prod,,,/routes/upi,216,0.0048,293.5,"{""2xx"": 213, ""4xx"": 2, ""5xx"": 1}"
2026-03-14T10:21:00Z,API-0470,payment-network-gateway,prod,,,/routes/neft,58,0.0032,455.5,"{""2xx"": 57, ""4xx"": 1, ""5xx"": 0}"
2026-03-14T10:22:00Z,API-0471,mobile-app,prod,,,/app/v1/session,1228,0.0711,700.0,"{""2xx"": 1129, ""4xx"": 12, ""5xx"": 87}"
2026-03-14T10:22:00Z,API-0472,net-banking,prod,,,/web/v1/session,811,0.0502,555.0,"{""2xx"": 762, ""4xx"": 8, ""5xx"": 41}"
2026-03-14T10:22:00Z,API-0473,api-gateway,prod,,,/gw/v1/route,2664,0.0909,650.4,"{""2xx"": 2395, ""4xx"": 27, ""5xx"": 242}"
2026-03-14T10:22:00Z,API-0474,auth-service,prod,,,/auth/v1/login,867,0.0019,119.4,"{""2xx"": 856, ""4xx"": 9, ""5xx"": 2}"
2026-03-14T10:22:00Z,API-0475,payments-service,prod,,,/payments/v1/payments,628,0.3861,701.5,"{""2xx"": 380, ""4xx"": 6, ""5xx"": 242}"
2026-03-14T10:22:00Z,API-0476,accounts-service,prod,,,/accounts/v1/balance,1125,0.0035,152.6,"{""2xx"": 1110, ""4xx"": 11, ""5xx"": 4}"
2026-03-14T10:22:00Z,API-0477,notification-service,prod,,,/notify/v1/send,507,0.0018,87.9,"{""2xx"": 501, ""4xx"": 5, ""5xx"": 1}"
2026-03-14T10:22:00Z,API-0478,payment-network-gateway,prod,,,/routes/card,176,0.0039,339.0,"{""2xx"": 173, ""4xx"": 2, ""5xx"": 1}"
2026-03-14T10:22:00Z,API-0479,payment-network-gateway,prod,,,/routes/upi,222,0.0047,295.7,"{""2xx"": 219, ""4xx"": 2, ""5xx"": 1}"
2026-03-14T10:22:00Z,API-0480,payment-network-gateway,prod,,,/routes/neft,60,0.0043,455.3,"{""2xx"": 59, ""4xx"": 1, ""5xx"": 0}"
2026-03-14T10:23:00Z,API-0481,mobile-app,prod,,,/app/v1/session,1201,0.072,704.5,"{""2xx"": 1103, ""4xx"": 12, ""5xx"": 86}"
2026-03-14T10:23:00Z,API-0482,net-banking,prod,,,/web/v1/session,777,0.0506,547.5,"{""2xx"": 730, ""4xx"": 8, ""5xx"": 39}"
2026-03-14T10:23:00Z,API-0483,api-gateway,prod,,,/gw/v1/route,2570,0.0918,649.7,"{""2xx"": 2308, ""4xx"": 26, ""5xx"": 236}"
2026-03-14T10:23:00Z,API-0484,auth-service,prod,,,/auth/v1/login,890,0.0021,117.1,"{""2xx"": 879, ""4xx"": 9, ""5xx"": 2}"
2026-03-14T10:23:00Z,API-0485,payments-service,prod,,,/payments/v1/payments,587,0.3929,697.5,"{""2xx"": 350, ""4xx"": 6, ""5xx"": 231}"
2026-03-14T10:23:00Z,API-0486,accounts-service,prod,,,/accounts/v1/balance,1110,0.0029,146.5,"{""2xx"": 1096, ""4xx"": 11, ""5xx"": 3}"
2026-03-14T10:23:00Z,API-0487,notification-service,prod,,,/notify/v1/send,523,0.0016,86.3,"{""2xx"": 517, ""4xx"": 5, ""5xx"": 1}"
2026-03-14T10:23:00Z,API-0488,payment-network-gateway,prod,,,/routes/card,187,0.0032,340.8,"{""2xx"": 184, ""4xx"": 2, ""5xx"": 1}"
2026-03-14T10:23:00Z,API-0489,payment-network-gateway,prod,,,/routes/upi,215,0.0033,307.7,"{""2xx"": 212, ""4xx"": 2, ""5xx"": 1}"
2026-03-14T10:23:00Z,API-0490,payment-network-gateway,prod,,,/routes/neft,62,0.0049,465.7,"{""2xx"": 61, ""4xx"": 1, ""5xx"": 0}"
2026-03-14T10:24:00Z,API-0491,mobile-app,prod,,,/app/v1/session,1163,0.0705,682.1,"{""2xx"": 1069, ""4xx"": 12, ""5xx"": 82}"
2026-03-14T10:24:00Z,API-0492,net-banking,prod,,,/web/v1/session,768,0.0519,554.8,"{""2xx"": 720, ""4xx"": 8, ""5xx"": 40}"
2026-03-14T10:24:00Z,API-0493,api-gateway,prod,,,/gw/v1/route,2488,0.0922,658.4,"{""2xx"": 2234, ""4xx"": 25, ""5xx"": 229}"
2026-03-14T10:24:00Z,API-0494,auth-service,prod,,,/auth/v1/login,914,0.002,115.1,"{""2xx"": 903, ""4xx"": 9, ""5xx"": 2}"
2026-03-14T10:24:00Z,API-0495,payments-service,prod,,,/payments/v1/payments,620,0.3862,681.0,"{""2xx"": 375, ""4xx"": 6, ""5xx"": 239}"
2026-03-14T10:24:00Z,API-0496,accounts-service,prod,,,/accounts/v1/balance,1069,0.0028,148.3,"{""2xx"": 1055, ""4xx"": 11, ""5xx"": 3}"
2026-03-14T10:24:00Z,API-0497,notification-service,prod,,,/notify/v1/send,521,0.0016,86.8,"{""2xx"": 515, ""4xx"": 5, ""5xx"": 1}"
2026-03-14T10:24:00Z,API-0498,payment-network-gateway,prod,,,/routes/card,189,0.0048,344.0,"{""2xx"": 186, ""4xx"": 2, ""5xx"": 1}"
2026-03-14T10:24:00Z,API-0499,payment-network-gateway,prod,,,/routes/upi,223,0.0045,292.6,"{""2xx"": 220, ""4xx"": 2, ""5xx"": 1}"
2026-03-14T10:24:00Z,API-0500,payment-network-gateway,prod,,,/routes/neft,61,0.0048,441.1,"{""2xx"": 60, ""4xx"": 1, ""5xx"": 0}"
2026-03-14T10:25:00Z,API-0501,mobile-app,prod,,,/app/v1/session,1238,0.0718,700.3,"{""2xx"": 1137, ""4xx"": 12, ""5xx"": 89}"
2026-03-14T10:25:00Z,API-0502,net-banking,prod,,,/web/v1/session,769,0.0509,554.2,"{""2xx"": 722, ""4xx"": 8, ""5xx"": 39}"
2026-03-14T10:25:00Z,API-0503,api-gateway,prod,,,/gw/v1/route,2480,0.0929,644.0,"{""2xx"": 2225, ""4xx"": 25, ""5xx"": 230}"
2026-03-14T10:25:00Z,API-0504,auth-service,prod,,,/auth/v1/login,912,0.0023,123.2,"{""2xx"": 901, ""4xx"": 9, ""5xx"": 2}"
2026-03-14T10:25:00Z,API-0505,payments-service,prod,,,/payments/v1/payments,574,0.388,680.9,"{""2xx"": 345, ""4xx"": 6, ""5xx"": 223}"
2026-03-14T10:25:00Z,API-0506,accounts-service,prod,,,/accounts/v1/balance,1052,0.0026,154.7,"{""2xx"": 1038, ""4xx"": 11, ""5xx"": 3}"
2026-03-14T10:25:00Z,API-0507,notification-service,prod,,,/notify/v1/send,487,0.0018,93.0,"{""2xx"": 481, ""4xx"": 5, ""5xx"": 1}"
2026-03-14T10:25:00Z,API-0508,payment-network-gateway,prod,,,/routes/card,181,0.0032,328.7,"{""2xx"": 178, ""4xx"": 2, ""5xx"": 1}"
2026-03-14T10:25:00Z,API-0509,payment-network-gateway,prod,,,/routes/upi,219,0.0045,311.9,"{""2xx"": 216, ""4xx"": 2, ""5xx"": 1}"
2026-03-14T10:25:00Z,API-0510,payment-network-gateway,prod,,,/routes/neft,62,0.0043,450.1,"{""2xx"": 61, ""4xx"": 1, ""5xx"": 0}"
2026-03-14T10:26:00Z,API-0511,mobile-app,prod,,,/app/v1/session,1221,0.0725,699.4,"{""2xx"": 1120, ""4xx"": 12, ""5xx"": 89}"
2026-03-14T10:26:00Z,API-0512,net-banking,prod,,,/web/v1/session,774,0.0511,548.3,"{""2xx"": 726, ""4xx"": 8, ""5xx"": 40}"
2026-03-14T10:26:00Z,API-0513,api-gateway,prod,,,/gw/v1/route,2652,0.0913,651.0,"{""2xx"": 2383, ""4xx"": 27, ""5xx"": 242}"
2026-03-14T10:26:00Z,API-0514,auth-service,prod,,,/auth/v1/login,891,0.0018,125.8,"{""2xx"": 880, ""4xx"": 9, ""5xx"": 2}"
2026-03-14T10:26:00Z,API-0515,payments-service,prod,,,/payments/v1/payments,584,0.3821,698.8,"{""2xx"": 355, ""4xx"": 6, ""5xx"": 223}"
2026-03-14T10:26:00Z,API-0516,accounts-service,prod,,,/accounts/v1/balance,1107,0.0037,153.8,"{""2xx"": 1092, ""4xx"": 11, ""5xx"": 4}"
2026-03-14T10:26:00Z,API-0517,notification-service,prod,,,/notify/v1/send,502,0.0023,89.8,"{""2xx"": 496, ""4xx"": 5, ""5xx"": 1}"
2026-03-14T10:26:00Z,API-0518,payment-network-gateway,prod,,,/routes/card,188,0.004,355.3,"{""2xx"": 185, ""4xx"": 2, ""5xx"": 1}"
2026-03-14T10:26:00Z,API-0519,payment-network-gateway,prod,,,/routes/upi,227,0.0034,286.4,"{""2xx"": 224, ""4xx"": 2, ""5xx"": 1}"
2026-03-14T10:26:00Z,API-0520,payment-network-gateway,prod,,,/routes/neft,58,0.0046,467.9,"{""2xx"": 57, ""4xx"": 1, ""5xx"": 0}"
2026-03-14T10:27:00Z,API-0521,mobile-app,prod,,,/app/v1/session,1258,0.0705,699.3,"{""2xx"": 1156, ""4xx"": 13, ""5xx"": 89}"
2026-03-14T10:27:00Z,API-0522,net-banking,prod,,,/web/v1/session,786,0.0509,536.0,"{""2xx"": 738, ""4xx"": 8, ""5xx"": 40}"
2026-03-14T10:27:00Z,API-0523,api-gateway,prod,,,/gw/v1/route,2490,0.093,646.3,"{""2xx"": 2233, ""4xx"": 25, ""5xx"": 232}"
2026-03-14T10:27:00Z,API-0524,auth-service,prod,,,/auth/v1/login,886,0.0019,115.0,"{""2xx"": 875, ""4xx"": 9, ""5xx"": 2}"
2026-03-14T10:27:00Z,API-0525,payments-service,prod,,,/payments/v1/payments,616,0.3846,697.8,"{""2xx"": 373, ""4xx"": 6, ""5xx"": 237}"
2026-03-14T10:27:00Z,API-0526,accounts-service,prod,,,/accounts/v1/balance,1121,0.0034,154.5,"{""2xx"": 1106, ""4xx"": 11, ""5xx"": 4}"
2026-03-14T10:27:00Z,API-0527,notification-service,prod,,,/notify/v1/send,478,0.0024,86.7,"{""2xx"": 472, ""4xx"": 5, ""5xx"": 1}"
2026-03-14T10:27:00Z,API-0528,payment-network-gateway,prod,,,/routes/card,186,0.0035,352.1,"{""2xx"": 183, ""4xx"": 2, ""5xx"": 1}"
2026-03-14T10:27:00Z,API-0529,payment-network-gateway,prod,,,/routes/upi,222,0.0037,296.2,"{""2xx"": 219, ""4xx"": 2, ""5xx"": 1}"
2026-03-14T10:27:00Z,API-0530,payment-network-gateway,prod,,,/routes/neft,61,0.0034,435.9,"{""2xx"": 60, ""4xx"": 1, ""5xx"": 0}"
2026-03-14T10:28:00Z,API-0531,mobile-app,prod,,,/app/v1/session,1148,0.0718,687.7,"{""2xx"": 1055, ""4xx"": 11, ""5xx"": 82}"
2026-03-14T10:28:00Z,API-0532,net-banking,prod,,,/web/v1/session,787,0.0505,535.1,"{""2xx"": 739, ""4xx"": 8, ""5xx"": 40}"
2026-03-14T10:28:00Z,API-0533,api-gateway,prod,,,/gw/v1/route,2725,0.0932,659.1,"{""2xx"": 2444, ""4xx"": 27, ""5xx"": 254}"
2026-03-14T10:28:00Z,API-0534,auth-service,prod,,,/auth/v1/login,882,0.0019,117.3,"{""2xx"": 871, ""4xx"": 9, ""5xx"": 2}"
2026-03-14T10:28:00Z,API-0535,payments-service,prod,,,/payments/v1/payments,607,0.3848,701.5,"{""2xx"": 367, ""4xx"": 6, ""5xx"": 234}"
2026-03-14T10:28:00Z,API-0536,accounts-service,prod,,,/accounts/v1/balance,1085,0.0026,153.6,"{""2xx"": 1071, ""4xx"": 11, ""5xx"": 3}"
2026-03-14T10:28:00Z,API-0537,notification-service,prod,,,/notify/v1/send,480,0.0018,90.1,"{""2xx"": 474, ""4xx"": 5, ""5xx"": 1}"
2026-03-14T10:28:00Z,API-0538,payment-network-gateway,prod,,,/routes/card,172,0.0045,351.7,"{""2xx"": 169, ""4xx"": 2, ""5xx"": 1}"
2026-03-14T10:28:00Z,API-0539,payment-network-gateway,prod,,,/routes/upi,227,0.0034,309.5,"{""2xx"": 224, ""4xx"": 2, ""5xx"": 1}"
2026-03-14T10:28:00Z,API-0540,payment-network-gateway,prod,,,/routes/neft,62,0.0045,459.4,"{""2xx"": 61, ""4xx"": 1, ""5xx"": 0}"
2026-03-14T10:29:00Z,API-0541,mobile-app,prod,,,/app/v1/session,1209,0.0707,689.7,"{""2xx"": 1112, ""4xx"": 12, ""5xx"": 85}"
2026-03-14T10:29:00Z,API-0542,net-banking,prod,,,/web/v1/session,800,0.0514,542.8,"{""2xx"": 751, ""4xx"": 8, ""5xx"": 41}"
2026-03-14T10:29:00Z,API-0543,api-gateway,prod,,,/gw/v1/route,2583,0.0925,649.2,"{""2xx"": 2318, ""4xx"": 26, ""5xx"": 239}"
2026-03-14T10:29:00Z,API-0544,auth-service,prod,,,/auth/v1/login,939,0.0018,116.2,"{""2xx"": 928, ""4xx"": 9, ""5xx"": 2}"
2026-03-14T10:29:00Z,API-0545,payments-service,prod,,,/payments/v1/payments,612,0.3882,688.1,"{""2xx"": 368, ""4xx"": 6, ""5xx"": 238}"
2026-03-14T10:29:00Z,API-0546,accounts-service,prod,,,/accounts/v1/balance,1071,0.0035,146.1,"{""2xx"": 1056, ""4xx"": 11, ""5xx"": 4}"
2026-03-14T10:29:00Z,API-0547,notification-service,prod,,,/notify/v1/send,514,0.0024,88.1,"{""2xx"": 508, ""4xx"": 5, ""5xx"": 1}"
2026-03-14T10:29:00Z,API-0548,payment-network-gateway,prod,,,/routes/card,176,0.0048,330.8,"{""2xx"": 173, ""4xx"": 2, ""5xx"": 1}"
2026-03-14T10:29:00Z,API-0549,payment-network-gateway,prod,,,/routes/upi,220,0.0032,306.8,"{""2xx"": 217, ""4xx"": 2, ""5xx"": 1}"
2026-03-14T10:29:00Z,API-0550,payment-network-gateway,prod,,,/routes/neft,58,0.0032,450.2,"{""2xx"": 57, ""4xx"": 1, ""5xx"": 0}"
2026-03-14T10:30:00Z,API-0551,mobile-app,prod,,,/app/v1/session,1190,0.0719,704.4,"{""2xx"": 1092, ""4xx"": 12, ""5xx"": 86}"
2026-03-14T10:30:00Z,API-0552,net-banking,prod,,,/web/v1/session,786,0.0513,533.1,"{""2xx"": 738, ""4xx"": 8, ""5xx"": 40}"
2026-03-14T10:30:00Z,API-0553,api-gateway,prod,,,/gw/v1/route,2624,0.0908,645.6,"{""2xx"": 2360, ""4xx"": 26, ""5xx"": 238}"
2026-03-14T10:30:00Z,API-0554,auth-service,prod,,,/auth/v1/login,891,0.0025,124.3,"{""2xx"": 880, ""4xx"": 9, ""5xx"": 2}"
2026-03-14T10:30:00Z,API-0555,payments-service,prod,,,/payments/v1/payments,597,0.3951,688.4,"{""2xx"": 355, ""4xx"": 6, ""5xx"": 236}"
2026-03-14T10:30:00Z,API-0556,accounts-service,prod,,,/accounts/v1/balance,1152,0.003,149.9,"{""2xx"": 1137, ""4xx"": 12, ""5xx"": 3}"
2026-03-14T10:30:00Z,API-0557,notification-service,prod,,,/notify/v1/send,500,0.0025,86.1,"{""2xx"": 494, ""4xx"": 5, ""5xx"": 1}"
2026-03-14T10:30:00Z,API-0558,payment-network-gateway,prod,,,/routes/card,188,0.0033,356.1,"{""2xx"": 185, ""4xx"": 2, ""5xx"": 1}"
2026-03-14T10:30:00Z,API-0559,payment-network-gateway,prod,,,/routes/upi,222,0.0039,302.1,"{""2xx"": 219, ""4xx"": 2, ""5xx"": 1}"
2026-03-14T10:30:00Z,API-0560,payment-network-gateway,prod,,,/routes/neft,59,0.0033,446.9,"{""2xx"": 58, ""4xx"": 1, ""5xx"": 0}"
2026-03-14T10:31:00Z,API-0561,mobile-app,prod,,,/app/v1/session,1230,0.0721,684.9,"{""2xx"": 1129, ""4xx"": 12, ""5xx"": 89}"
2026-03-14T10:31:00Z,API-0562,net-banking,prod,,,/web/v1/session,840,0.0503,542.1,"{""2xx"": 790, ""4xx"": 8, ""5xx"": 42}"
2026-03-14T10:31:00Z,API-0563,api-gateway,prod,,,/gw/v1/route,2624,0.0901,650.6,"{""2xx"": 2362, ""4xx"": 26, ""5xx"": 236}"
2026-03-14T10:31:00Z,API-0564,auth-service,prod,,,/auth/v1/login,887,0.002,121.7,"{""2xx"": 876, ""4xx"": 9, ""5xx"": 2}"
2026-03-14T10:31:00Z,API-0565,payments-service,prod,,,/payments/v1/payments,621,0.3901,689.1,"{""2xx"": 373, ""4xx"": 6, ""5xx"": 242}"
2026-03-14T10:31:00Z,API-0566,accounts-service,prod,,,/accounts/v1/balance,1136,0.0034,157.3,"{""2xx"": 1121, ""4xx"": 11, ""5xx"": 4}"
2026-03-14T10:31:00Z,API-0567,notification-service,prod,,,/notify/v1/send,481,0.0015,88.4,"{""2xx"": 475, ""4xx"": 5, ""5xx"": 1}"
2026-03-14T10:31:00Z,API-0568,payment-network-gateway,prod,,,/routes/card,182,0.0039,342.2,"{""2xx"": 179, ""4xx"": 2, ""5xx"": 1}"
2026-03-14T10:31:00Z,API-0569,payment-network-gateway,prod,,,/routes/upi,212,0.0038,287.9,"{""2xx"": 209, ""4xx"": 2, ""5xx"": 1}"
2026-03-14T10:31:00Z,API-0570,payment-network-gateway,prod,,,/routes/neft,61,0.0036,459.1,"{""2xx"": 60, ""4xx"": 1, ""5xx"": 0}"
2026-03-14T10:32:00Z,API-0571,mobile-app,prod,,,/app/v1/session,1165,0.0702,678.1,"{""2xx"": 1071, ""4xx"": 12, ""5xx"": 82}"
2026-03-14T10:32:00Z,API-0572,net-banking,prod,,,/web/v1/session,825,0.0513,533.2,"{""2xx"": 775, ""4xx"": 8, ""5xx"": 42}"
2026-03-14T10:32:00Z,API-0573,api-gateway,prod,,,/gw/v1/route,2688,0.0904,660.3,"{""2xx"": 2418, ""4xx"": 27, ""5xx"": 243}"
2026-03-14T10:32:00Z,API-0574,auth-service,prod,,,/auth/v1/login,881,0.0019,124.8,"{""2xx"": 870, ""4xx"": 9, ""5xx"": 2}"
2026-03-14T10:32:00Z,API-0575,payments-service,prod,,,/payments/v1/payments,586,0.3912,705.1,"{""2xx"": 351, ""4xx"": 6, ""5xx"": 229}"
2026-03-14T10:32:00Z,API-0576,accounts-service,prod,,,/accounts/v1/balance,1046,0.0034,152.9,"{""2xx"": 1032, ""4xx"": 10, ""5xx"": 4}"
2026-03-14T10:32:00Z,API-0577,notification-service,prod,,,/notify/v1/send,495,0.0023,91.3,"{""2xx"": 489, ""4xx"": 5, ""5xx"": 1}"
2026-03-14T10:32:00Z,API-0578,payment-network-gateway,prod,,,/routes/card,185,0.005,341.3,"{""2xx"": 182, ""4xx"": 2, ""5xx"": 1}"
2026-03-14T10:32:00Z,API-0579,payment-network-gateway,prod,,,/routes/upi,222,0.0043,296.9,"{""2xx"": 219, ""4xx"": 2, ""5xx"": 1}"
2026-03-14T10:32:00Z,API-0580,payment-network-gateway,prod,,,/routes/neft,60,0.0043,452.2,"{""2xx"": 59, ""4xx"": 1, ""5xx"": 0}"
2026-03-14T10:33:00Z,API-0581,mobile-app,prod,,,/app/v1/session,1166,0.0709,681.7,"{""2xx"": 1071, ""4xx"": 12, ""5xx"": 83}"
2026-03-14T10:33:00Z,API-0582,net-banking,prod,,,/web/v1/session,770,0.0507,538.3,"{""2xx"": 723, ""4xx"": 8, ""5xx"": 39}"
2026-03-14T10:33:00Z,API-0583,api-gateway,prod,,,/gw/v1/route,2601,0.0931,660.4,"{""2xx"": 2333, ""4xx"": 26, ""5xx"": 242}"
2026-03-14T10:33:00Z,API-0584,auth-service,prod,,,/auth/v1/login,908,0.0025,118.4,"{""2xx"": 897, ""4xx"": 9, ""5xx"": 2}"
2026-03-14T10:33:00Z,API-0585,payments-service,prod,,,/payments/v1/payments,585,0.3815,706.2,"{""2xx"": 356, ""4xx"": 6, ""5xx"": 223}"
2026-03-14T10:33:00Z,API-0586,accounts-service,prod,,,/accounts/v1/balance,1109,0.0034,156.2,"{""2xx"": 1094, ""4xx"": 11, ""5xx"": 4}"
2026-03-14T10:33:00Z,API-0587,notification-service,prod,,,/notify/v1/send,506,0.0024,89.8,"{""2xx"": 500, ""4xx"": 5, ""5xx"": 1}"
2026-03-14T10:33:00Z,API-0588,payment-network-gateway,prod,,,/routes/card,188,0.0036,332.7,"{""2xx"": 185, ""4xx"": 2, ""5xx"": 1}"
2026-03-14T10:33:00Z,API-0589,payment-network-gateway,prod,,,/routes/upi,218,0.0042,296.4,"{""2xx"": 215, ""4xx"": 2, ""5xx"": 1}"
2026-03-14T10:33:00Z,API-0590,payment-network-gateway,prod,,,/routes/neft,58,0.0034,446.1,"{""2xx"": 57, ""4xx"": 1, ""5xx"": 0}"
2026-03-14T10:34:00Z,API-0591,mobile-app,prod,,,/app/v1/session,1194,0.0719,686.9,"{""2xx"": 1096, ""4xx"": 12, ""5xx"": 86}"
2026-03-14T10:34:00Z,API-0592,net-banking,prod,,,/web/v1/session,822,0.0512,550.0,"{""2xx"": 772, ""4xx"": 8, ""5xx"": 42}"
2026-03-14T10:34:00Z,API-0593,api-gateway,prod,,,/gw/v1/route,2594,0.0904,658.8,"{""2xx"": 2334, ""4xx"": 26, ""5xx"": 234}"
2026-03-14T10:34:00Z,API-0594,auth-service,prod,,,/auth/v1/login,937,0.0025,118.0,"{""2xx"": 926, ""4xx"": 9, ""5xx"": 2}"
2026-03-14T10:34:00Z,API-0595,payments-service,prod,,,/payments/v1/payments,598,0.3948,707.8,"{""2xx"": 356, ""4xx"": 6, ""5xx"": 236}"
2026-03-14T10:34:00Z,API-0596,accounts-service,prod,,,/accounts/v1/balance,1119,0.0037,144.3,"{""2xx"": 1104, ""4xx"": 11, ""5xx"": 4}"
2026-03-14T10:34:00Z,API-0597,notification-service,prod,,,/notify/v1/send,494,0.0017,88.2,"{""2xx"": 488, ""4xx"": 5, ""5xx"": 1}"
2026-03-14T10:34:00Z,API-0598,payment-network-gateway,prod,,,/routes/card,181,0.0036,351.1,"{""2xx"": 178, ""4xx"": 2, ""5xx"": 1}"
2026-03-14T10:34:00Z,API-0599,payment-network-gateway,prod,,,/routes/upi,210,0.004,308.4,"{""2xx"": 207, ""4xx"": 2, ""5xx"": 1}"
2026-03-14T10:34:00Z,API-0600,payment-network-gateway,prod,,,/routes/neft,58,0.0033,468.1,"{""2xx"": 57, ""4xx"": 1, ""5xx"": 0}"
2026-03-14T10:35:00Z,API-0601,mobile-app,prod,,,/app/v1/session,1198,0.0724,695.7,"{""2xx"": 1099, ""4xx"": 12, ""5xx"": 87}"
2026-03-14T10:35:00Z,API-0602,net-banking,prod,,,/web/v1/session,770,0.0506,535.4,"{""2xx"": 723, ""4xx"": 8, ""5xx"": 39}"
2026-03-14T10:35:00Z,API-0603,api-gateway,prod,,,/gw/v1/route,2474,0.0935,638.4,"{""2xx"": 2218, ""4xx"": 25, ""5xx"": 231}"
2026-03-14T10:35:00Z,API-0604,auth-service,prod,,,/auth/v1/login,882,0.0025,124.3,"{""2xx"": 871, ""4xx"": 9, ""5xx"": 2}"
2026-03-14T10:35:00Z,API-0605,payments-service,prod,,,/payments/v1/payments,599,0.3866,708.2,"{""2xx"": 361, ""4xx"": 6, ""5xx"": 232}"
2026-03-14T10:35:00Z,API-0606,accounts-service,prod,,,/accounts/v1/balance,1140,0.0035,149.1,"{""2xx"": 1125, ""4xx"": 11, ""5xx"": 4}"
2026-03-14T10:35:00Z,API-0607,notification-service,prod,,,/notify/v1/send,491,0.0015,88.4,"{""2xx"": 485, ""4xx"": 5, ""5xx"": 1}"
2026-03-14T10:35:00Z,API-0608,payment-network-gateway,prod,,,/routes/card,187,0.0042,334.3,"{""2xx"": 184, ""4xx"": 2, ""5xx"": 1}"
2026-03-14T10:35:00Z,API-0609,payment-network-gateway,prod,,,/routes/upi,225,0.0048,295.7,"{""2xx"": 222, ""4xx"": 2, ""5xx"": 1}"
2026-03-14T10:35:00Z,API-0610,payment-network-gateway,prod,,,/routes/neft,58,0.0037,461.3,"{""2xx"": 57, ""4xx"": 1, ""5xx"": 0}"
2026-03-14T10:36:00Z,API-0611,mobile-app,prod,,,/app/v1/session,1204,0.0702,687.2,"{""2xx"": 1107, ""4xx"": 12, ""5xx"": 85}"
2026-03-14T10:36:00Z,API-0612,net-banking,prod,,,/web/v1/session,799,0.0519,552.5,"{""2xx"": 750, ""4xx"": 8, ""5xx"": 41}"
2026-03-14T10:36:00Z,API-0613,api-gateway,prod,,,/gw/v1/route,2543,0.0931,658.6,"{""2xx"": 2281, ""4xx"": 25, ""5xx"": 237}"
2026-03-14T10:36:00Z,API-0614,auth-service,prod,,,/auth/v1/login,904,0.0025,124.7,"{""2xx"": 893, ""4xx"": 9, ""5xx"": 2}"
2026-03-14T10:36:00Z,API-0615,payments-service,prod,,,/payments/v1/payments,625,0.3831,688.3,"{""2xx"": 380, ""4xx"": 6, ""5xx"": 239}"
2026-03-14T10:36:00Z,API-0616,accounts-service,prod,,,/accounts/v1/balance,1048,0.0034,155.7,"{""2xx"": 1034, ""4xx"": 10, ""5xx"": 4}"
2026-03-14T10:36:00Z,API-0617,notification-service,prod,,,/notify/v1/send,504,0.0018,86.2,"{""2xx"": 498, ""4xx"": 5, ""5xx"": 1}"
2026-03-14T10:36:00Z,API-0618,payment-network-gateway,prod,,,/routes/card,189,0.0036,343.9,"{""2xx"": 186, ""4xx"": 2, ""5xx"": 1}"
2026-03-14T10:36:00Z,API-0619,payment-network-gateway,prod,,,/routes/upi,212,0.0041,307.2,"{""2xx"": 209, ""4xx"": 2, ""5xx"": 1}"
2026-03-14T10:36:00Z,API-0620,payment-network-gateway,prod,,,/routes/neft,61,0.0031,457.3,"{""2xx"": 60, ""4xx"": 1, ""5xx"": 0}"
2026-03-14T10:37:00Z,API-0621,mobile-app,prod,,,/app/v1/session,1221,0.0703,677.9,"{""2xx"": 1123, ""4xx"": 12, ""5xx"": 86}"
2026-03-14T10:37:00Z,API-0622,net-banking,prod,,,/web/v1/session,833,0.0504,550.1,"{""2xx"": 783, ""4xx"": 8, ""5xx"": 42}"
2026-03-14T10:37:00Z,API-0623,api-gateway,prod,,,/gw/v1/route,2513,0.092,642.6,"{""2xx"": 2257, ""4xx"": 25, ""5xx"": 231}"
2026-03-14T10:37:00Z,API-0624,auth-service,prod,,,/auth/v1/login,858,0.0021,115.4,"{""2xx"": 847, ""4xx"": 9, ""5xx"": 2}"
2026-03-14T10:37:00Z,API-0625,payments-service,prod,,,/payments/v1/payments,577,0.3906,681.9,"{""2xx"": 346, ""4xx"": 6, ""5xx"": 225}"
2026-03-14T10:37:00Z,API-0626,accounts-service,prod,,,/accounts/v1/balance,1138,0.0025,154.8,"{""2xx"": 1124, ""4xx"": 11, ""5xx"": 3}"
2026-03-14T10:37:00Z,API-0627,notification-service,prod,,,/notify/v1/send,505,0.0016,92.5,"{""2xx"": 499, ""4xx"": 5, ""5xx"": 1}"
2026-03-14T10:37:00Z,API-0628,payment-network-gateway,prod,,,/routes/card,173,0.0046,328.0,"{""2xx"": 170, ""4xx"": 2, ""5xx"": 1}"
2026-03-14T10:37:00Z,API-0629,payment-network-gateway,prod,,,/routes/upi,212,0.0047,290.6,"{""2xx"": 209, ""4xx"": 2, ""5xx"": 1}"
2026-03-14T10:37:00Z,API-0630,payment-network-gateway,prod,,,/routes/neft,61,0.0044,434.1,"{""2xx"": 60, ""4xx"": 1, ""5xx"": 0}"
2026-03-14T10:38:00Z,API-0631,mobile-app,prod,,,/app/v1/session,1255,0.0723,675.3,"{""2xx"": 1151, ""4xx"": 13, ""5xx"": 91}"
2026-03-14T10:38:00Z,API-0632,net-banking,prod,,,/web/v1/session,817,0.052,555.0,"{""2xx"": 767, ""4xx"": 8, ""5xx"": 42}"
2026-03-14T10:38:00Z,API-0633,api-gateway,prod,,,/gw/v1/route,2612,0.0927,633.1,"{""2xx"": 2344, ""4xx"": 26, ""5xx"": 242}"
2026-03-14T10:38:00Z,API-0634,auth-service,prod,,,/auth/v1/login,877,0.0016,117.5,"{""2xx"": 867, ""4xx"": 9, ""5xx"": 1}"
2026-03-14T10:38:00Z,API-0635,payments-service,prod,,,/payments/v1/payments,593,0.3803,707.0,"{""2xx"": 361, ""4xx"": 6, ""5xx"": 226}"
2026-03-14T10:38:00Z,API-0636,accounts-service,prod,,,/accounts/v1/balance,1079,0.0029,147.0,"{""2xx"": 1065, ""4xx"": 11, ""5xx"": 3}"
2026-03-14T10:38:00Z,API-0637,notification-service,prod,,,/notify/v1/send,513,0.0018,91.4,"{""2xx"": 507, ""4xx"": 5, ""5xx"": 1}"
2026-03-14T10:38:00Z,API-0638,payment-network-gateway,prod,,,/routes/card,187,0.0045,354.1,"{""2xx"": 184, ""4xx"": 2, ""5xx"": 1}"
2026-03-14T10:38:00Z,API-0639,payment-network-gateway,prod,,,/routes/upi,216,0.0035,309.5,"{""2xx"": 213, ""4xx"": 2, ""5xx"": 1}"
2026-03-14T10:38:00Z,API-0640,payment-network-gateway,prod,,,/routes/neft,59,0.003,444.2,"{""2xx"": 58, ""4xx"": 1, ""5xx"": 0}"
2026-03-14T10:39:00Z,API-0641,mobile-app,prod,,,/app/v1/session,1187,0.0711,679.5,"{""2xx"": 1091, ""4xx"": 12, ""5xx"": 84}"
2026-03-14T10:39:00Z,API-0642,net-banking,prod,,,/web/v1/session,762,0.0502,533.8,"{""2xx"": 716, ""4xx"": 8, ""5xx"": 38}"
2026-03-14T10:39:00Z,API-0643,api-gateway,prod,,,/gw/v1/route,2520,0.0913,631.1,"{""2xx"": 2265, ""4xx"": 25, ""5xx"": 230}"
2026-03-14T10:39:00Z,API-0644,auth-service,prod,,,/auth/v1/login,874,0.0018,116.4,"{""2xx"": 863, ""4xx"": 9, ""5xx"": 2}"
2026-03-14T10:39:00Z,API-0645,payments-service,prod,,,/payments/v1/payments,620,0.3844,696.8,"{""2xx"": 376, ""4xx"": 6, ""5xx"": 238}"
2026-03-14T10:39:00Z,API-0646,accounts-service,prod,,,/accounts/v1/balance,1104,0.0032,143.3,"{""2xx"": 1089, ""4xx"": 11, ""5xx"": 4}"
2026-03-14T10:39:00Z,API-0647,notification-service,prod,,,/notify/v1/send,517,0.0018,86.9,"{""2xx"": 511, ""4xx"": 5, ""5xx"": 1}"
2026-03-14T10:39:00Z,API-0648,payment-network-gateway,prod,,,/routes/card,182,0.0033,343.0,"{""2xx"": 179, ""4xx"": 2, ""5xx"": 1}"
2026-03-14T10:39:00Z,API-0649,payment-network-gateway,prod,,,/routes/upi,224,0.0046,308.0,"{""2xx"": 221, ""4xx"": 2, ""5xx"": 1}"
2026-03-14T10:39:00Z,API-0650,payment-network-gateway,prod,,,/routes/neft,59,0.0049,443.6,"{""2xx"": 58, ""4xx"": 1, ""5xx"": 0}"
2026-03-14T10:40:00Z,API-0651,mobile-app,prod,,,/app/v1/session,1193,0.0707,696.6,"{""2xx"": 1097, ""4xx"": 12, ""5xx"": 84}"
2026-03-14T10:40:00Z,API-0652,net-banking,prod,,,/web/v1/session,813,0.0514,555.3,"{""2xx"": 763, ""4xx"": 8, ""5xx"": 42}"
2026-03-14T10:40:00Z,API-0653,api-gateway,prod,,,/gw/v1/route,2506,0.0914,657.1,"{""2xx"": 2252, ""4xx"": 25, ""5xx"": 229}"
2026-03-14T10:40:00Z,API-0654,auth-service,prod,,,/auth/v1/login,857,0.002,115.3,"{""2xx"": 846, ""4xx"": 9, ""5xx"": 2}"
2026-03-14T10:40:00Z,API-0655,payments-service,prod,,,/payments/v1/payments,597,0.382,687.6,"{""2xx"": 363, ""4xx"": 6, ""5xx"": 228}"
2026-03-14T10:40:00Z,API-0656,accounts-service,prod,,,/accounts/v1/balance,1067,0.0025,143.1,"{""2xx"": 1053, ""4xx"": 11, ""5xx"": 3}"
2026-03-14T10:40:00Z,API-0657,notification-service,prod,,,/notify/v1/send,483,0.0022,91.6,"{""2xx"": 477, ""4xx"": 5, ""5xx"": 1}"
2026-03-14T10:40:00Z,API-0658,payment-network-gateway,prod,,,/routes/card,183,0.0032,332.0,"{""2xx"": 180, ""4xx"": 2, ""5xx"": 1}"
2026-03-14T10:40:00Z,API-0659,payment-network-gateway,prod,,,/routes/upi,221,0.0046,309.5,"{""2xx"": 218, ""4xx"": 2, ""5xx"": 1}"
2026-03-14T10:40:00Z,API-0660,payment-network-gateway,prod,,,/routes/neft,62,0.0043,463.3,"{""2xx"": 61, ""4xx"": 1, ""5xx"": 0}"
2026-03-14T10:41:00Z,API-0661,mobile-app,prod,,,/app/v1/session,1159,0.0704,693.6,"{""2xx"": 1065, ""4xx"": 12, ""5xx"": 82}"
2026-03-14T10:41:00Z,API-0662,net-banking,prod,,,/web/v1/session,816,0.0513,548.1,"{""2xx"": 766, ""4xx"": 8, ""5xx"": 42}"
2026-03-14T10:41:00Z,API-0663,api-gateway,prod,,,/gw/v1/route,2631,0.0902,638.9,"{""2xx"": 2368, ""4xx"": 26, ""5xx"": 237}"
2026-03-14T10:41:00Z,API-0664,auth-service,prod,,,/auth/v1/login,876,0.0021,120.6,"{""2xx"": 865, ""4xx"": 9, ""5xx"": 2}"
2026-03-14T10:41:00Z,API-0665,payments-service,prod,,,/payments/v1/payments,577,0.3879,685.0,"{""2xx"": 347, ""4xx"": 6, ""5xx"": 224}"
2026-03-14T10:41:00Z,API-0666,accounts-service,prod,,,/accounts/v1/balance,1101,0.0029,142.7,"{""2xx"": 1087, ""4xx"": 11, ""5xx"": 3}"
2026-03-14T10:41:00Z,API-0667,notification-service,prod,,,/notify/v1/send,494,0.0024,90.7,"{""2xx"": 488, ""4xx"": 5, ""5xx"": 1}"
2026-03-14T10:41:00Z,API-0668,payment-network-gateway,prod,,,/routes/card,183,0.003,354.4,"{""2xx"": 180, ""4xx"": 2, ""5xx"": 1}"
2026-03-14T10:41:00Z,API-0669,payment-network-gateway,prod,,,/routes/upi,214,0.0049,303.3,"{""2xx"": 211, ""4xx"": 2, ""5xx"": 1}"
2026-03-14T10:41:00Z,API-0670,payment-network-gateway,prod,,,/routes/neft,62,0.0046,461.6,"{""2xx"": 61, ""4xx"": 1, ""5xx"": 0}"
2026-03-14T10:42:00Z,API-0671,mobile-app,prod,,,/app/v1/session,1241,0.0711,702.6,"{""2xx"": 1141, ""4xx"": 12, ""5xx"": 88}"
2026-03-14T10:42:00Z,API-0672,net-banking,prod,,,/web/v1/session,793,0.0507,549.7,"{""2xx"": 745, ""4xx"": 8, ""5xx"": 40}"
2026-03-14T10:42:00Z,API-0673,api-gateway,prod,,,/gw/v1/route,2529,0.0908,635.7,"{""2xx"": 2274, ""4xx"": 25, ""5xx"": 230}"
2026-03-14T10:42:00Z,API-0674,auth-service,prod,,,/auth/v1/login,921,0.0025,116.2,"{""2xx"": 910, ""4xx"": 9, ""5xx"": 2}"
2026-03-14T10:42:00Z,API-0675,payments-service,prod,,,/payments/v1/payments,607,0.3873,694.2,"{""2xx"": 366, ""4xx"": 6, ""5xx"": 235}"
2026-03-14T10:42:00Z,API-0676,accounts-service,prod,,,/accounts/v1/balance,1139,0.0026,155.3,"{""2xx"": 1125, ""4xx"": 11, ""5xx"": 3}"
2026-03-14T10:42:00Z,API-0677,notification-service,prod,,,/notify/v1/send,511,0.0016,91.1,"{""2xx"": 505, ""4xx"": 5, ""5xx"": 1}"
2026-03-14T10:42:00Z,API-0678,payment-network-gateway,prod,,,/routes/card,177,0.0038,350.7,"{""2xx"": 174, ""4xx"": 2, ""5xx"": 1}"
2026-03-14T10:42:00Z,API-0679,payment-network-gateway,prod,,,/routes/upi,212,0.0049,293.2,"{""2xx"": 209, ""4xx"": 2, ""5xx"": 1}"
2026-03-14T10:42:00Z,API-0680,payment-network-gateway,prod,,,/routes/neft,60,0.0036,453.3,"{""2xx"": 59, ""4xx"": 1, ""5xx"": 0}"
2026-03-14T10:43:00Z,API-0681,mobile-app,prod,,,/app/v1/session,1169,0.0723,704.8,"{""2xx"": 1072, ""4xx"": 12, ""5xx"": 85}"
2026-03-14T10:43:00Z,API-0682,net-banking,prod,,,/web/v1/session,784,0.0517,550.9,"{""2xx"": 735, ""4xx"": 8, ""5xx"": 41}"
2026-03-14T10:43:00Z,API-0683,api-gateway,prod,,,/gw/v1/route,2617,0.0913,639.4,"{""2xx"": 2352, ""4xx"": 26, ""5xx"": 239}"
2026-03-14T10:43:00Z,API-0684,auth-service,prod,,,/auth/v1/login,877,0.0023,125.0,"{""2xx"": 866, ""4xx"": 9, ""5xx"": 2}"
2026-03-14T10:43:00Z,API-0685,payments-service,prod,,,/payments/v1/payments,584,0.3837,706.0,"{""2xx"": 354, ""4xx"": 6, ""5xx"": 224}"
2026-03-14T10:43:00Z,API-0686,accounts-service,prod,,,/accounts/v1/balance,1081,0.0028,156.4,"{""2xx"": 1067, ""4xx"": 11, ""5xx"": 3}"
2026-03-14T10:43:00Z,API-0687,notification-service,prod,,,/notify/v1/send,504,0.0024,86.7,"{""2xx"": 498, ""4xx"": 5, ""5xx"": 1}"
2026-03-14T10:43:00Z,API-0688,payment-network-gateway,prod,,,/routes/card,180,0.0034,340.9,"{""2xx"": 177, ""4xx"": 2, ""5xx"": 1}"
2026-03-14T10:43:00Z,API-0689,payment-network-gateway,prod,,,/routes/upi,230,0.0033,292.2,"{""2xx"": 227, ""4xx"": 2, ""5xx"": 1}"
2026-03-14T10:43:00Z,API-0690,payment-network-gateway,prod,,,/routes/neft,60,0.0044,467.2,"{""2xx"": 59, ""4xx"": 1, ""5xx"": 0}"
2026-03-14T10:44:00Z,API-0691,mobile-app,prod,,,/app/v1/session,1258,0.0704,700.8,"{""2xx"": 1156, ""4xx"": 13, ""5xx"": 89}"
2026-03-14T10:44:00Z,API-0692,net-banking,prod,,,/web/v1/session,805,0.0503,545.1,"{""2xx"": 757, ""4xx"": 8, ""5xx"": 40}"
2026-03-14T10:44:00Z,API-0693,api-gateway,prod,,,/gw/v1/route,2629,0.0934,651.8,"{""2xx"": 2357, ""4xx"": 26, ""5xx"": 246}"
2026-03-14T10:44:00Z,API-0694,auth-service,prod,,,/auth/v1/login,911,0.0023,116.0,"{""2xx"": 900, ""4xx"": 9, ""5xx"": 2}"
2026-03-14T10:44:00Z,API-0695,payments-service,prod,,,/payments/v1/payments,587,0.393,678.6,"{""2xx"": 350, ""4xx"": 6, ""5xx"": 231}"
2026-03-14T10:44:00Z,API-0696,accounts-service,prod,,,/accounts/v1/balance,1057,0.0031,150.2,"{""2xx"": 1043, ""4xx"": 11, ""5xx"": 3}"
2026-03-14T10:44:00Z,API-0697,notification-service,prod,,,/notify/v1/send,487,0.0019,94.0,"{""2xx"": 481, ""4xx"": 5, ""5xx"": 1}"
2026-03-14T10:44:00Z,API-0698,payment-network-gateway,prod,,,/routes/card,186,0.0039,330.5,"{""2xx"": 183, ""4xx"": 2, ""5xx"": 1}"
2026-03-14T10:44:00Z,API-0699,payment-network-gateway,prod,,,/routes/upi,212,0.0048,311.5,"{""2xx"": 209, ""4xx"": 2, ""5xx"": 1}"
2026-03-14T10:44:00Z,API-0700,payment-network-gateway,prod,,,/routes/neft,63,0.0043,456.9,"{""2xx"": 62, ""4xx"": 1, ""5xx"": 0}"
2026-03-14T10:45:00Z,API-0701,mobile-app,prod,,,/app/v1/session,1245,0.0709,672.8,"{""2xx"": 1145, ""4xx"": 12, ""5xx"": 88}"
2026-03-14T10:45:00Z,API-0702,net-banking,prod,,,/web/v1/session,772,0.0505,536.3,"{""2xx"": 725, ""4xx"": 8, ""5xx"": 39}"
2026-03-14T10:45:00Z,API-0703,api-gateway,prod,,,/gw/v1/route,2570,0.0901,633.2,"{""2xx"": 2312, ""4xx"": 26, ""5xx"": 232}"
2026-03-14T10:45:00Z,API-0704,auth-service,prod,,,/auth/v1/login,910,0.0024,124.3,"{""2xx"": 899, ""4xx"": 9, ""5xx"": 2}"
2026-03-14T10:45:00Z,API-0705,payments-service,prod,,,/payments/v1/payments,606,0.395,692.2,"{""2xx"": 361, ""4xx"": 6, ""5xx"": 239}"
2026-03-14T10:45:00Z,API-0706,accounts-service,prod,,,/accounts/v1/balance,1052,0.0026,155.5,"{""2xx"": 1038, ""4xx"": 11, ""5xx"": 3}"
2026-03-14T10:45:00Z,API-0707,notification-service,prod,,,/notify/v1/send,494,0.0015,93.6,"{""2xx"": 488, ""4xx"": 5, ""5xx"": 1}"
2026-03-14T10:45:00Z,API-0708,payment-network-gateway,prod,,,/routes/card,183,0.0048,344.2,"{""2xx"": 180, ""4xx"": 2, ""5xx"": 1}"
2026-03-14T10:45:00Z,API-0709,payment-network-gateway,prod,,,/routes/upi,227,0.0036,309.6,"{""2xx"": 224, ""4xx"": 2, ""5xx"": 1}"
2026-03-14T10:45:00Z,API-0710,payment-network-gateway,prod,,,/routes/neft,60,0.0032,440.6,"{""2xx"": 59, ""4xx"": 1, ""5xx"": 0}"
2026-03-14T10:46:00Z,API-0711,mobile-app,prod,,,/app/v1/session,1228,0.0723,672.6,"{""2xx"": 1127, ""4xx"": 12, ""5xx"": 89}"
2026-03-14T10:46:00Z,API-0712,net-banking,prod,,,/web/v1/session,823,0.0518,536.2,"{""2xx"": 772, ""4xx"": 8, ""5xx"": 43}"
2026-03-14T10:46:00Z,API-0713,api-gateway,prod,,,/gw/v1/route,2698,0.092,641.3,"{""2xx"": 2423, ""4xx"": 27, ""5xx"": 248}"
2026-03-14T10:46:00Z,API-0714,auth-service,prod,,,/auth/v1/login,858,0.0017,115.6,"{""2xx"": 848, ""4xx"": 9, ""5xx"": 1}"
2026-03-14T10:46:00Z,API-0715,payments-service,prod,,,/payments/v1/payments,605,0.3833,686.4,"{""2xx"": 367, ""4xx"": 6, ""5xx"": 232}"
2026-03-14T10:46:00Z,API-0716,accounts-service,prod,,,/accounts/v1/balance,1070,0.0028,149.8,"{""2xx"": 1056, ""4xx"": 11, ""5xx"": 3}"
2026-03-14T10:46:00Z,API-0717,notification-service,prod,,,/notify/v1/send,479,0.0021,94.0,"{""2xx"": 473, ""4xx"": 5, ""5xx"": 1}"
2026-03-14T10:46:00Z,API-0718,payment-network-gateway,prod,,,/routes/card,178,0.005,337.8,"{""2xx"": 175, ""4xx"": 2, ""5xx"": 1}"
2026-03-14T10:46:00Z,API-0719,payment-network-gateway,prod,,,/routes/upi,221,0.0045,296.7,"{""2xx"": 218, ""4xx"": 2, ""5xx"": 1}"
2026-03-14T10:46:00Z,API-0720,payment-network-gateway,prod,,,/routes/neft,60,0.0037,461.8,"{""2xx"": 59, ""4xx"": 1, ""5xx"": 0}"
2026-03-14T10:47:00Z,API-0721,mobile-app,prod,,,/app/v1/session,1140,0.0707,683.4,"{""2xx"": 1048, ""4xx"": 11, ""5xx"": 81}"
2026-03-14T10:47:00Z,API-0722,net-banking,prod,,,/web/v1/session,785,0.051,555.5,"{""2xx"": 737, ""4xx"": 8, ""5xx"": 40}"
2026-03-14T10:47:00Z,API-0723,api-gateway,prod,,,/gw/v1/route,2694,0.0926,634.4,"{""2xx"": 2418, ""4xx"": 27, ""5xx"": 249}"
2026-03-14T10:47:00Z,API-0724,auth-service,prod,,,/auth/v1/login,941,0.0021,118.1,"{""2xx"": 930, ""4xx"": 9, ""5xx"": 2}"
2026-03-14T10:47:00Z,API-0725,payments-service,prod,,,/payments/v1/payments,619,0.3816,707.3,"{""2xx"": 377, ""4xx"": 6, ""5xx"": 236}"
2026-03-14T10:47:00Z,API-0726,accounts-service,prod,,,/accounts/v1/balance,1124,0.0035,150.9,"{""2xx"": 1109, ""4xx"": 11, ""5xx"": 4}"
2026-03-14T10:47:00Z,API-0727,notification-service,prod,,,/notify/v1/send,485,0.0018,86.0,"{""2xx"": 479, ""4xx"": 5, ""5xx"": 1}"
2026-03-14T10:47:00Z,API-0728,payment-network-gateway,prod,,,/routes/card,180,0.0036,347.6,"{""2xx"": 177, ""4xx"": 2, ""5xx"": 1}"
2026-03-14T10:47:00Z,API-0729,payment-network-gateway,prod,,,/routes/upi,225,0.0039,294.8,"{""2xx"": 222, ""4xx"": 2, ""5xx"": 1}"
2026-03-14T10:47:00Z,API-0730,payment-network-gateway,prod,,,/routes/neft,62,0.0043,436.7,"{""2xx"": 61, ""4xx"": 1, ""5xx"": 0}"
2026-03-14T10:48:00Z,API-0731,mobile-app,prod,,,/app/v1/session,1215,0.0716,678.3,"{""2xx"": 1116, ""4xx"": 12, ""5xx"": 87}"
2026-03-14T10:48:00Z,API-0732,net-banking,prod,,,/web/v1/session,833,0.0501,552.4,"{""2xx"": 783, ""4xx"": 8, ""5xx"": 42}"
2026-03-14T10:48:00Z,API-0733,api-gateway,prod,,,/gw/v1/route,2499,0.0913,632.8,"{""2xx"": 2246, ""4xx"": 25, ""5xx"": 228}"
2026-03-14T10:48:00Z,API-0734,auth-service,prod,,,/auth/v1/login,881,0.0019,119.0,"{""2xx"": 870, ""4xx"": 9, ""5xx"": 2}"
2026-03-14T10:48:00Z,API-0735,payments-service,prod,,,/payments/v1/payments,603,0.3898,692.2,"{""2xx"": 362, ""4xx"": 6, ""5xx"": 235}"
2026-03-14T10:48:00Z,API-0736,accounts-service,prod,,,/accounts/v1/balance,1058,0.0026,150.8,"{""2xx"": 1044, ""4xx"": 11, ""5xx"": 3}"
2026-03-14T10:48:00Z,API-0737,notification-service,prod,,,/notify/v1/send,479,0.0022,87.7,"{""2xx"": 473, ""4xx"": 5, ""5xx"": 1}"
2026-03-14T10:48:00Z,API-0738,payment-network-gateway,prod,,,/routes/card,184,0.0044,340.3,"{""2xx"": 181, ""4xx"": 2, ""5xx"": 1}"
2026-03-14T10:48:00Z,API-0739,payment-network-gateway,prod,,,/routes/upi,218,0.004,303.3,"{""2xx"": 215, ""4xx"": 2, ""5xx"": 1}"
2026-03-14T10:48:00Z,API-0740,payment-network-gateway,prod,,,/routes/neft,62,0.0044,458.0,"{""2xx"": 61, ""4xx"": 1, ""5xx"": 0}"
2026-03-14T10:49:00Z,API-0741,mobile-app,prod,,,/app/v1/session,1232,0.0701,679.2,"{""2xx"": 1134, ""4xx"": 12, ""5xx"": 86}"
2026-03-14T10:49:00Z,API-0742,net-banking,prod,,,/web/v1/session,780,0.0509,532.4,"{""2xx"": 732, ""4xx"": 8, ""5xx"": 40}"
2026-03-14T10:49:00Z,API-0743,api-gateway,prod,,,/gw/v1/route,2706,0.0908,651.8,"{""2xx"": 2433, ""4xx"": 27, ""5xx"": 246}"
2026-03-14T10:49:00Z,API-0744,auth-service,prod,,,/auth/v1/login,904,0.0019,121.0,"{""2xx"": 893, ""4xx"": 9, ""5xx"": 2}"
2026-03-14T10:49:00Z,API-0745,payments-service,prod,,,/payments/v1/payments,612,0.388,677.8,"{""2xx"": 369, ""4xx"": 6, ""5xx"": 237}"
2026-03-14T10:49:00Z,API-0746,accounts-service,prod,,,/accounts/v1/balance,1066,0.0024,152.0,"{""2xx"": 1052, ""4xx"": 11, ""5xx"": 3}"
2026-03-14T10:49:00Z,API-0747,notification-service,prod,,,/notify/v1/send,491,0.0018,92.5,"{""2xx"": 485, ""4xx"": 5, ""5xx"": 1}"
2026-03-14T10:49:00Z,API-0748,payment-network-gateway,prod,,,/routes/card,182,0.0043,337.7,"{""2xx"": 179, ""4xx"": 2, ""5xx"": 1}"
2026-03-14T10:49:00Z,API-0749,payment-network-gateway,prod,,,/routes/upi,222,0.0032,289.5,"{""2xx"": 219, ""4xx"": 2, ""5xx"": 1}"
2026-03-14T10:49:00Z,API-0750,payment-network-gateway,prod,,,/routes/neft,61,0.0047,444.6,"{""2xx"": 60, ""4xx"": 1, ""5xx"": 0}"
2026-03-14T10:50:00Z,API-0751,mobile-app,prod,,,/app/v1/session,1158,0.0703,690.6,"{""2xx"": 1065, ""4xx"": 12, ""5xx"": 81}"
2026-03-14T10:50:00Z,API-0752,net-banking,prod,,,/web/v1/session,810,0.0518,553.1,"{""2xx"": 760, ""4xx"": 8, ""5xx"": 42}"
2026-03-14T10:50:00Z,API-0753,api-gateway,prod,,,/gw/v1/route,2566,0.0929,648.6,"{""2xx"": 2302, ""4xx"": 26, ""5xx"": 238}"
2026-03-14T10:50:00Z,API-0754,auth-service,prod,,,/auth/v1/login,897,0.0019,123.9,"{""2xx"": 886, ""4xx"": 9, ""5xx"": 2}"
2026-03-14T10:50:00Z,API-0755,payments-service,prod,,,/payments/v1/payments,596,0.3848,677.4,"{""2xx"": 361, ""4xx"": 6, ""5xx"": 229}"
2026-03-14T10:50:00Z,API-0756,accounts-service,prod,,,/accounts/v1/balance,1074,0.0029,155.3,"{""2xx"": 1060, ""4xx"": 11, ""5xx"": 3}"
2026-03-14T10:50:00Z,API-0757,notification-service,prod,,,/notify/v1/send,480,0.0024,87.2,"{""2xx"": 474, ""4xx"": 5, ""5xx"": 1}"
2026-03-14T10:50:00Z,API-0758,payment-network-gateway,prod,,,/routes/card,178,0.0041,328.9,"{""2xx"": 175, ""4xx"": 2, ""5xx"": 1}"
2026-03-14T10:50:00Z,API-0759,payment-network-gateway,prod,,,/routes/upi,210,0.0047,300.2,"{""2xx"": 207, ""4xx"": 2, ""5xx"": 1}"
2026-03-14T10:50:00Z,API-0760,payment-network-gateway,prod,,,/routes/neft,62,0.0031,460.4,"{""2xx"": 61, ""4xx"": 1, ""5xx"": 0}"
2026-03-14T10:51:00Z,API-0761,mobile-app,prod,,,/app/v1/session,1193,0.0704,686.1,"{""2xx"": 1097, ""4xx"": 12, ""5xx"": 84}"
2026-03-14T10:51:00Z,API-0762,net-banking,prod,,,/web/v1/session,824,0.0519,545.4,"{""2xx"": 773, ""4xx"": 8, ""5xx"": 43}"
2026-03-14T10:51:00Z,API-0763,api-gateway,prod,,,/gw/v1/route,2614,0.0934,637.6,"{""2xx"": 2344, ""4xx"": 26, ""5xx"": 244}"
2026-03-14T10:51:00Z,API-0764,auth-service,prod,,,/auth/v1/login,898,0.0019,115.0,"{""2xx"": 887, ""4xx"": 9, ""5xx"": 2}"
2026-03-14T10:51:00Z,API-0765,payments-service,prod,,,/payments/v1/payments,600,0.3862,707.2,"{""2xx"": 362, ""4xx"": 6, ""5xx"": 232}"
2026-03-14T10:51:00Z,API-0766,accounts-service,prod,,,/accounts/v1/balance,1054,0.0024,142.8,"{""2xx"": 1040, ""4xx"": 11, ""5xx"": 3}"
2026-03-14T10:51:00Z,API-0767,notification-service,prod,,,/notify/v1/send,525,0.0023,92.9,"{""2xx"": 519, ""4xx"": 5, ""5xx"": 1}"
2026-03-14T10:51:00Z,API-0768,payment-network-gateway,prod,,,/routes/card,184,0.004,330.4,"{""2xx"": 181, ""4xx"": 2, ""5xx"": 1}"
2026-03-14T10:51:00Z,API-0769,payment-network-gateway,prod,,,/routes/upi,210,0.0046,304.4,"{""2xx"": 207, ""4xx"": 2, ""5xx"": 1}"
2026-03-14T10:51:00Z,API-0770,payment-network-gateway,prod,,,/routes/neft,63,0.0035,437.0,"{""2xx"": 62, ""4xx"": 1, ""5xx"": 0}"
2026-03-14T10:52:00Z,API-0771,mobile-app,prod,,,/app/v1/session,1144,0.0727,683.2,"{""2xx"": 1050, ""4xx"": 11, ""5xx"": 83}"
2026-03-14T10:52:00Z,API-0772,net-banking,prod,,,/web/v1/session,804,0.0519,544.9,"{""2xx"": 754, ""4xx"": 8, ""5xx"": 42}"
2026-03-14T10:52:00Z,API-0773,api-gateway,prod,,,/gw/v1/route,2539,0.0913,653.7,"{""2xx"": 2282, ""4xx"": 25, ""5xx"": 232}"
2026-03-14T10:52:00Z,API-0774,auth-service,prod,,,/auth/v1/login,920,0.0018,120.8,"{""2xx"": 909, ""4xx"": 9, ""5xx"": 2}"
2026-03-14T10:52:00Z,API-0775,payments-service,prod,,,/payments/v1/payments,585,0.3946,690.2,"{""2xx"": 348, ""4xx"": 6, ""5xx"": 231}"
2026-03-14T10:52:00Z,API-0776,accounts-service,prod,,,/accounts/v1/balance,1119,0.0036,157.4,"{""2xx"": 1104, ""4xx"": 11, ""5xx"": 4}"
2026-03-14T10:52:00Z,API-0777,notification-service,prod,,,/notify/v1/send,513,0.0021,89.7,"{""2xx"": 507, ""4xx"": 5, ""5xx"": 1}"
2026-03-14T10:52:00Z,API-0778,payment-network-gateway,prod,,,/routes/card,179,0.0048,340.5,"{""2xx"": 176, ""4xx"": 2, ""5xx"": 1}"
2026-03-14T10:52:00Z,API-0779,payment-network-gateway,prod,,,/routes/upi,217,0.0033,312.5,"{""2xx"": 214, ""4xx"": 2, ""5xx"": 1}"
2026-03-14T10:52:00Z,API-0780,payment-network-gateway,prod,,,/routes/neft,60,0.0038,458.8,"{""2xx"": 59, ""4xx"": 1, ""5xx"": 0}"
2026-03-14T10:53:00Z,API-0781,mobile-app,prod,,,/app/v1/session,1222,0.0701,673.9,"{""2xx"": 1124, ""4xx"": 12, ""5xx"": 86}"
2026-03-14T10:53:00Z,API-0782,net-banking,prod,,,/web/v1/session,828,0.0507,534.9,"{""2xx"": 778, ""4xx"": 8, ""5xx"": 42}"
2026-03-14T10:53:00Z,API-0783,api-gateway,prod,,,/gw/v1/route,2481,0.0921,648.6,"{""2xx"": 2227, ""4xx"": 25, ""5xx"": 229}"
2026-03-14T10:53:00Z,API-0784,auth-service,prod,,,/auth/v1/login,864,0.0022,119.1,"{""2xx"": 853, ""4xx"": 9, ""5xx"": 2}"
2026-03-14T10:53:00Z,API-0785,payments-service,prod,,,/payments/v1/payments,575,0.3811,682.8,"{""2xx"": 350, ""4xx"": 6, ""5xx"": 219}"
2026-03-14T10:53:00Z,API-0786,accounts-service,prod,,,/accounts/v1/balance,1050,0.0033,152.8,"{""2xx"": 1037, ""4xx"": 10, ""5xx"": 3}"
2026-03-14T10:53:00Z,API-0787,notification-service,prod,,,/notify/v1/send,480,0.0024,87.3,"{""2xx"": 474, ""4xx"": 5, ""5xx"": 1}"
2026-03-14T10:53:00Z,API-0788,payment-network-gateway,prod,,,/routes/card,188,0.0043,347.2,"{""2xx"": 185, ""4xx"": 2, ""5xx"": 1}"
2026-03-14T10:53:00Z,API-0789,payment-network-gateway,prod,,,/routes/upi,226,0.0043,312.9,"{""2xx"": 223, ""4xx"": 2, ""5xx"": 1}"
2026-03-14T10:53:00Z,API-0790,payment-network-gateway,prod,,,/routes/neft,57,0.0037,436.3,"{""2xx"": 56, ""4xx"": 1, ""5xx"": 0}"
2026-03-14T10:54:00Z,API-0791,mobile-app,prod,,,/app/v1/session,1239,0.0726,689.1,"{""2xx"": 1137, ""4xx"": 12, ""5xx"": 90}"
2026-03-14T10:54:00Z,API-0792,net-banking,prod,,,/web/v1/session,789,0.0502,549.1,"{""2xx"": 741, ""4xx"": 8, ""5xx"": 40}"
2026-03-14T10:54:00Z,API-0793,api-gateway,prod,,,/gw/v1/route,2688,0.0923,630.9,"{""2xx"": 2413, ""4xx"": 27, ""5xx"": 248}"
2026-03-14T10:54:00Z,API-0794,auth-service,prod,,,/auth/v1/login,880,0.0021,117.2,"{""2xx"": 869, ""4xx"": 9, ""5xx"": 2}"
2026-03-14T10:54:00Z,API-0795,payments-service,prod,,,/payments/v1/payments,571,0.3869,690.5,"{""2xx"": 344, ""4xx"": 6, ""5xx"": 221}"
2026-03-14T10:54:00Z,API-0796,accounts-service,prod,,,/accounts/v1/balance,1078,0.0026,148.6,"{""2xx"": 1064, ""4xx"": 11, ""5xx"": 3}"
2026-03-14T10:54:00Z,API-0797,notification-service,prod,,,/notify/v1/send,517,0.0017,92.6,"{""2xx"": 511, ""4xx"": 5, ""5xx"": 1}"
2026-03-14T10:54:00Z,API-0798,payment-network-gateway,prod,,,/routes/card,174,0.0049,342.9,"{""2xx"": 171, ""4xx"": 2, ""5xx"": 1}"
2026-03-14T10:54:00Z,API-0799,payment-network-gateway,prod,,,/routes/upi,212,0.0031,312.6,"{""2xx"": 209, ""4xx"": 2, ""5xx"": 1}"
2026-03-14T10:54:00Z,API-0800,payment-network-gateway,prod,,,/routes/neft,60,0.0045,438.9,"{""2xx"": 59, ""4xx"": 1, ""5xx"": 0}"
2026-03-14T10:55:00Z,API-0801,mobile-app,prod,,,/app/v1/session,1233,0.0705,697.7,"{""2xx"": 1134, ""4xx"": 12, ""5xx"": 87}"
2026-03-14T10:55:00Z,API-0802,net-banking,prod,,,/web/v1/session,806,0.0513,535.8,"{""2xx"": 757, ""4xx"": 8, ""5xx"": 41}"
2026-03-14T10:55:00Z,API-0803,api-gateway,prod,,,/gw/v1/route,2617,0.0933,636.5,"{""2xx"": 2347, ""4xx"": 26, ""5xx"": 244}"
2026-03-14T10:55:00Z,API-0804,auth-service,prod,,,/auth/v1/login,886,0.0016,120.1,"{""2xx"": 876, ""4xx"": 9, ""5xx"": 1}"
2026-03-14T10:55:00Z,API-0805,payments-service,prod,,,/payments/v1/payments,614,0.3838,678.2,"{""2xx"": 372, ""4xx"": 6, ""5xx"": 236}"
2026-03-14T10:55:00Z,API-0806,accounts-service,prod,,,/accounts/v1/balance,1063,0.0035,144.5,"{""2xx"": 1048, ""4xx"": 11, ""5xx"": 4}"
2026-03-14T10:55:00Z,API-0807,notification-service,prod,,,/notify/v1/send,509,0.0016,87.5,"{""2xx"": 503, ""4xx"": 5, ""5xx"": 1}"
2026-03-14T10:55:00Z,API-0808,payment-network-gateway,prod,,,/routes/card,171,0.005,334.6,"{""2xx"": 168, ""4xx"": 2, ""5xx"": 1}"
2026-03-14T10:55:00Z,API-0809,payment-network-gateway,prod,,,/routes/upi,217,0.0039,286.8,"{""2xx"": 214, ""4xx"": 2, ""5xx"": 1}"
2026-03-14T10:55:00Z,API-0810,payment-network-gateway,prod,,,/routes/neft,60,0.0032,463.4,"{""2xx"": 59, ""4xx"": 1, ""5xx"": 0}"
2026-03-14T10:56:00Z,API-0811,mobile-app,prod,,,/app/v1/session,1170,0.0707,679.2,"{""2xx"": 1075, ""4xx"": 12, ""5xx"": 83}"
2026-03-14T10:56:00Z,API-0812,net-banking,prod,,,/web/v1/session,833,0.0504,550.6,"{""2xx"": 783, ""4xx"": 8, ""5xx"": 42}"
2026-03-14T10:56:00Z,API-0813,api-gateway,prod,,,/gw/v1/route,2533,0.0924,641.4,"{""2xx"": 2274, ""4xx"": 25, ""5xx"": 234}"
2026-03-14T10:56:00Z,API-0814,auth-service,prod,,,/auth/v1/login,905,0.0024,116.9,"{""2xx"": 894, ""4xx"": 9, ""5xx"": 2}"
2026-03-14T10:56:00Z,API-0815,payments-service,prod,,,/payments/v1/payments,617,0.3941,681.7,"{""2xx"": 368, ""4xx"": 6, ""5xx"": 243}"
2026-03-14T10:56:00Z,API-0816,accounts-service,prod,,,/accounts/v1/balance,1095,0.0026,154.8,"{""2xx"": 1081, ""4xx"": 11, ""5xx"": 3}"
2026-03-14T10:56:00Z,API-0817,notification-service,prod,,,/notify/v1/send,499,0.0021,94.2,"{""2xx"": 493, ""4xx"": 5, ""5xx"": 1}"
2026-03-14T10:56:00Z,API-0818,payment-network-gateway,prod,,,/routes/card,183,0.0042,339.5,"{""2xx"": 180, ""4xx"": 2, ""5xx"": 1}"
2026-03-14T10:56:00Z,API-0819,payment-network-gateway,prod,,,/routes/upi,223,0.005,287.1,"{""2xx"": 220, ""4xx"": 2, ""5xx"": 1}"
2026-03-14T10:56:00Z,API-0820,payment-network-gateway,prod,,,/routes/neft,60,0.0039,436.7,"{""2xx"": 59, ""4xx"": 1, ""5xx"": 0}"
2026-03-14T10:57:00Z,API-0821,mobile-app,prod,,,/app/v1/session,1197,0.0713,695.8,"{""2xx"": 1100, ""4xx"": 12, ""5xx"": 85}"
2026-03-14T10:57:00Z,API-0822,net-banking,prod,,,/web/v1/session,784,0.05,552.5,"{""2xx"": 737, ""4xx"": 8, ""5xx"": 39}"
2026-03-14T10:57:00Z,API-0823,api-gateway,prod,,,/gw/v1/route,2691,0.0927,651.1,"{""2xx"": 2415, ""4xx"": 27, ""5xx"": 249}"
2026-03-14T10:57:00Z,API-0824,auth-service,prod,,,/auth/v1/login,857,0.0016,125.9,"{""2xx"": 847, ""4xx"": 9, ""5xx"": 1}"
2026-03-14T10:57:00Z,API-0825,payments-service,prod,,,/payments/v1/payments,621,0.3901,685.5,"{""2xx"": 373, ""4xx"": 6, ""5xx"": 242}"
2026-03-14T10:57:00Z,API-0826,accounts-service,prod,,,/accounts/v1/balance,1091,0.0024,155.2,"{""2xx"": 1077, ""4xx"": 11, ""5xx"": 3}"
2026-03-14T10:57:00Z,API-0827,notification-service,prod,,,/notify/v1/send,516,0.0015,86.3,"{""2xx"": 510, ""4xx"": 5, ""5xx"": 1}"
2026-03-14T10:57:00Z,API-0828,payment-network-gateway,prod,,,/routes/card,184,0.0032,335.3,"{""2xx"": 181, ""4xx"": 2, ""5xx"": 1}"
2026-03-14T10:57:00Z,API-0829,payment-network-gateway,prod,,,/routes/upi,216,0.0045,312.5,"{""2xx"": 213, ""4xx"": 2, ""5xx"": 1}"
2026-03-14T10:57:00Z,API-0830,payment-network-gateway,prod,,,/routes/neft,63,0.0031,449.1,"{""2xx"": 62, ""4xx"": 1, ""5xx"": 0}"
2026-03-14T10:58:00Z,API-0831,mobile-app,prod,,,/app/v1/session,1240,0.0705,701.5,"{""2xx"": 1141, ""4xx"": 12, ""5xx"": 87}"
2026-03-14T10:58:00Z,API-0832,net-banking,prod,,,/web/v1/session,786,0.052,558.1,"{""2xx"": 737, ""4xx"": 8, ""5xx"": 41}"
2026-03-14T10:58:00Z,API-0833,api-gateway,prod,,,/gw/v1/route,2525,0.0925,647.4,"{""2xx"": 2266, ""4xx"": 25, ""5xx"": 234}"
2026-03-14T10:58:00Z,API-0834,auth-service,prod,,,/auth/v1/login,910,0.0019,123.0,"{""2xx"": 899, ""4xx"": 9, ""5xx"": 2}"
2026-03-14T10:58:00Z,API-0835,payments-service,prod,,,/payments/v1/payments,610,0.3883,687.2,"{""2xx"": 367, ""4xx"": 6, ""5xx"": 237}"
2026-03-14T10:58:00Z,API-0836,accounts-service,prod,,,/accounts/v1/balance,1140,0.0034,144.0,"{""2xx"": 1125, ""4xx"": 11, ""5xx"": 4}"
2026-03-14T10:58:00Z,API-0837,notification-service,prod,,,/notify/v1/send,486,0.0016,87.1,"{""2xx"": 480, ""4xx"": 5, ""5xx"": 1}"
2026-03-14T10:58:00Z,API-0838,payment-network-gateway,prod,,,/routes/card,185,0.0044,342.9,"{""2xx"": 182, ""4xx"": 2, ""5xx"": 1}"
2026-03-14T10:58:00Z,API-0839,payment-network-gateway,prod,,,/routes/upi,212,0.0031,308.5,"{""2xx"": 209, ""4xx"": 2, ""5xx"": 1}"
2026-03-14T10:58:00Z,API-0840,payment-network-gateway,prod,,,/routes/neft,62,0.0045,453.0,"{""2xx"": 61, ""4xx"": 1, ""5xx"": 0}"
2026-03-14T10:59:00Z,API-0841,mobile-app,prod,,,/app/v1/session,1141,0.0715,694.4,"{""2xx"": 1048, ""4xx"": 11, ""5xx"": 82}"
2026-03-14T10:59:00Z,API-0842,net-banking,prod,,,/web/v1/session,830,0.0503,548.0,"{""2xx"": 780, ""4xx"": 8, ""5xx"": 42}"
2026-03-14T10:59:00Z,API-0843,api-gateway,prod,,,/gw/v1/route,2566,0.0911,647.5,"{""2xx"": 2306, ""4xx"": 26, ""5xx"": 234}"
2026-03-14T10:59:00Z,API-0844,auth-service,prod,,,/auth/v1/login,878,0.0016,115.0,"{""2xx"": 868, ""4xx"": 9, ""5xx"": 1}"
2026-03-14T10:59:00Z,API-0845,payments-service,prod,,,/payments/v1/payments,617,0.3907,697.7,"{""2xx"": 370, ""4xx"": 6, ""5xx"": 241}"
2026-03-14T10:59:00Z,API-0846,accounts-service,prod,,,/accounts/v1/balance,1120,0.0037,154.0,"{""2xx"": 1105, ""4xx"": 11, ""5xx"": 4}"
2026-03-14T10:59:00Z,API-0847,notification-service,prod,,,/notify/v1/send,495,0.0019,86.9,"{""2xx"": 489, ""4xx"": 5, ""5xx"": 1}"
2026-03-14T10:59:00Z,API-0848,payment-network-gateway,prod,,,/routes/card,185,0.0036,348.6,"{""2xx"": 182, ""4xx"": 2, ""5xx"": 1}"
2026-03-14T10:59:00Z,API-0849,payment-network-gateway,prod,,,/routes/upi,220,0.0044,314.6,"{""2xx"": 217, ""4xx"": 2, ""5xx"": 1}"
2026-03-14T10:59:00Z,API-0850,payment-network-gateway,prod,,,/routes/neft,63,0.0032,432.4,"{""2xx"": 62, ""4xx"": 1, ""5xx"": 0}"
2026-03-14T11:00:00Z,API-0851,mobile-app,prod,,,/app/v1/session,1244,0.0709,687.8,"{""2xx"": 1144, ""4xx"": 12, ""5xx"": 88}"
2026-03-14T11:00:00Z,API-0852,net-banking,prod,,,/web/v1/session,776,0.0512,542.9,"{""2xx"": 728, ""4xx"": 8, ""5xx"": 40}"
2026-03-14T11:00:00Z,API-0853,api-gateway,prod,,,/gw/v1/route,2637,0.0932,633.4,"{""2xx"": 2365, ""4xx"": 26, ""5xx"": 246}"
2026-03-14T11:00:00Z,API-0854,auth-service,prod,,,/auth/v1/login,857,0.002,118.6,"{""2xx"": 846, ""4xx"": 9, ""5xx"": 2}"
2026-03-14T11:00:00Z,API-0855,payments-service,prod,,,/payments/v1/payments,580,0.38,706.5,"{""2xx"": 354, ""4xx"": 6, ""5xx"": 220}"
2026-03-14T11:00:00Z,API-0856,accounts-service,prod,,,/accounts/v1/balance,1097,0.0037,150.1,"{""2xx"": 1082, ""4xx"": 11, ""5xx"": 4}"
2026-03-14T11:00:00Z,API-0857,notification-service,prod,,,/notify/v1/send,523,0.0019,87.3,"{""2xx"": 517, ""4xx"": 5, ""5xx"": 1}"
2026-03-14T11:00:00Z,API-0858,payment-network-gateway,prod,,,/routes/card,180,0.0037,346.1,"{""2xx"": 177, ""4xx"": 2, ""5xx"": 1}"
2026-03-14T11:00:00Z,API-0859,payment-network-gateway,prod,,,/routes/upi,219,0.004,307.7,"{""2xx"": 216, ""4xx"": 2, ""5xx"": 1}"
2026-03-14T11:00:00Z,API-0860,payment-network-gateway,prod,,,/routes/neft,58,0.0049,443.1,"{""2xx"": 57, ""4xx"": 1, ""5xx"": 0}"
2026-03-14T11:01:00Z,API-0861,mobile-app,prod,,,/app/v1/session,1207,0.0701,691.2,"{""2xx"": 1110, ""4xx"": 12, ""5xx"": 85}"
2026-03-14T11:01:00Z,API-0862,net-banking,prod,,,/web/v1/session,780,0.0515,533.6,"{""2xx"": 732, ""4xx"": 8, ""5xx"": 40}"
2026-03-14T11:01:00Z,API-0863,api-gateway,prod,,,/gw/v1/route,2587,0.09,634.0,"{""2xx"": 2328, ""4xx"": 26, ""5xx"": 233}"
2026-03-14T11:01:00Z,API-0864,auth-service,prod,,,/auth/v1/login,871,0.0023,122.2,"{""2xx"": 860, ""4xx"": 9, ""5xx"": 2}"
2026-03-14T11:01:00Z,API-0865,payments-service,prod,,,/payments/v1/payments,619,0.3866,709.2,"{""2xx"": 374, ""4xx"": 6, ""5xx"": 239}"
2026-03-14T11:01:00Z,API-0866,accounts-service,prod,,,/accounts/v1/balance,1127,0.0028,150.0,"{""2xx"": 1113, ""4xx"": 11, ""5xx"": 3}"
2026-03-14T11:01:00Z,API-0867,notification-service,prod,,,/notify/v1/send,518,0.0018,88.6,"{""2xx"": 512, ""4xx"": 5, ""5xx"": 1}"
2026-03-14T11:01:00Z,API-0868,payment-network-gateway,prod,,,/routes/card,176,0.0047,327.3,"{""2xx"": 173, ""4xx"": 2, ""5xx"": 1}"
2026-03-14T11:01:00Z,API-0869,payment-network-gateway,prod,,,/routes/upi,220,0.0032,311.2,"{""2xx"": 217, ""4xx"": 2, ""5xx"": 1}"
2026-03-14T11:01:00Z,API-0870,payment-network-gateway,prod,,,/routes/neft,58,0.0042,453.1,"{""2xx"": 57, ""4xx"": 1, ""5xx"": 0}"
2026-03-14T11:02:00Z,API-0871,mobile-app,prod,,,/app/v1/session,1174,0.0709,689.6,"{""2xx"": 1079, ""4xx"": 12, ""5xx"": 83}"
2026-03-14T11:02:00Z,API-0872,net-banking,prod,,,/web/v1/session,794,0.0516,540.8,"{""2xx"": 745, ""4xx"": 8, ""5xx"": 41}"
2026-03-14T11:02:00Z,API-0873,api-gateway,prod,,,/gw/v1/route,2713,0.0913,631.0,"{""2xx"": 2438, ""4xx"": 27, ""5xx"": 248}"
2026-03-14T11:02:00Z,API-0874,auth-service,prod,,,/auth/v1/login,875,0.0023,123.6,"{""2xx"": 864, ""4xx"": 9, ""5xx"": 2}"
2026-03-14T11:02:00Z,API-0875,payments-service,prod,,,/payments/v1/payments,623,0.3911,683.2,"{""2xx"": 373, ""4xx"": 6, ""5xx"": 244}"
2026-03-14T11:02:00Z,API-0876,accounts-service,prod,,,/accounts/v1/balance,1098,0.0032,147.4,"{""2xx"": 1083, ""4xx"": 11, ""5xx"": 4}"
2026-03-14T11:02:00Z,API-0877,notification-service,prod,,,/notify/v1/send,498,0.002,92.2,"{""2xx"": 492, ""4xx"": 5, ""5xx"": 1}"
2026-03-14T11:02:00Z,API-0878,payment-network-gateway,prod,,,/routes/card,181,0.0037,344.6,"{""2xx"": 178, ""4xx"": 2, ""5xx"": 1}"
2026-03-14T11:02:00Z,API-0879,payment-network-gateway,prod,,,/routes/upi,221,0.0044,304.8,"{""2xx"": 218, ""4xx"": 2, ""5xx"": 1}"
2026-03-14T11:02:00Z,API-0880,payment-network-gateway,prod,,,/routes/neft,62,0.0031,467.1,"{""2xx"": 61, ""4xx"": 1, ""5xx"": 0}"
2026-03-14T11:03:00Z,API-0881,mobile-app,prod,,,/app/v1/session,1248,0.0702,678.9,"{""2xx"": 1148, ""4xx"": 12, ""5xx"": 88}"
2026-03-14T11:03:00Z,API-0882,net-banking,prod,,,/web/v1/session,769,0.0503,533.6,"{""2xx"": 722, ""4xx"": 8, ""5xx"": 39}"
2026-03-14T11:03:00Z,API-0883,api-gateway,prod,,,/gw/v1/route,2591,0.0913,641.3,"{""2xx"": 2328, ""4xx"": 26, ""5xx"": 237}"
2026-03-14T11:03:00Z,API-0884,auth-service,prod,,,/auth/v1/login,858,0.0018,116.9,"{""2xx"": 847, ""4xx"": 9, ""5xx"": 2}"
2026-03-14T11:03:00Z,API-0885,payments-service,prod,,,/payments/v1/payments,612,0.3875,678.2,"{""2xx"": 369, ""4xx"": 6, ""5xx"": 237}"
2026-03-14T11:03:00Z,API-0886,accounts-service,prod,,,/accounts/v1/balance,1104,0.0037,156.0,"{""2xx"": 1089, ""4xx"": 11, ""5xx"": 4}"
2026-03-14T11:03:00Z,API-0887,notification-service,prod,,,/notify/v1/send,497,0.0022,93.9,"{""2xx"": 491, ""4xx"": 5, ""5xx"": 1}"
2026-03-14T11:03:00Z,API-0888,payment-network-gateway,prod,,,/routes/card,174,0.0043,337.7,"{""2xx"": 171, ""4xx"": 2, ""5xx"": 1}"
2026-03-14T11:03:00Z,API-0889,payment-network-gateway,prod,,,/routes/upi,225,0.0031,289.1,"{""2xx"": 222, ""4xx"": 2, ""5xx"": 1}"
2026-03-14T11:03:00Z,API-0890,payment-network-gateway,prod,,,/routes/neft,59,0.0041,463.3,"{""2xx"": 58, ""4xx"": 1, ""5xx"": 0}"
2026-03-14T11:04:00Z,API-0891,mobile-app,prod,,,/app/v1/session,1185,0.072,680.9,"{""2xx"": 1088, ""4xx"": 12, ""5xx"": 85}"
2026-03-14T11:04:00Z,API-0892,net-banking,prod,,,/web/v1/session,785,0.0512,540.4,"{""2xx"": 737, ""4xx"": 8, ""5xx"": 40}"
2026-03-14T11:04:00Z,API-0893,api-gateway,prod,,,/gw/v1/route,2534,0.0923,637.5,"{""2xx"": 2275, ""4xx"": 25, ""5xx"": 234}"
2026-03-14T11:04:00Z,API-0894,auth-service,prod,,,/auth/v1/login,921,0.0022,118.8,"{""2xx"": 910, ""4xx"": 9, ""5xx"": 2}"
2026-03-14T11:04:00Z,API-0895,payments-service,prod,,,/payments/v1/payments,604,0.3824,702.5,"{""2xx"": 367, ""4xx"": 6, ""5xx"": 231}"
2026-03-14T11:04:00Z,API-0896,accounts-service,prod,,,/accounts/v1/balance,1124,0.0028,142.5,"{""2xx"": 1110, ""4xx"": 11, ""5xx"": 3}"
2026-03-14T11:04:00Z,API-0897,notification-service,prod,,,/notify/v1/send,522,0.0021,92.4,"{""2xx"": 516, ""4xx"": 5, ""5xx"": 1}"
2026-03-14T11:04:00Z,API-0898,payment-network-gateway,prod,,,/routes/card,174,0.0035,339.7,"{""2xx"": 171, ""4xx"": 2, ""5xx"": 1}"
2026-03-14T11:04:00Z,API-0899,payment-network-gateway,prod,,,/routes/upi,222,0.0043,288.6,"{""2xx"": 219, ""4xx"": 2, ""5xx"": 1}"
2026-03-14T11:04:00Z,API-0900,payment-network-gateway,prod,,,/routes/neft,61,0.0049,446.4,"{""2xx"": 60, ""4xx"": 1, ""5xx"": 0}"
