timestamp,record_id,service,environment,trace_id,transaction_id,endpoint,request_count,error_rate,p95_latency_ms,status_code_breakdown
2026-04-02T07:30:00Z,API-0001,mobile-app,prod,,,/app/v1/session,1258,0.0034,422.6,"{""2xx"": 1241, ""4xx"": 13, ""5xx"": 4}"
2026-04-02T07:30:00Z,API-0002,net-banking,prod,,,/web/v1/session,833,0.0043,377.1,"{""2xx"": 821, ""4xx"": 8, ""5xx"": 4}"
2026-04-02T07:30:00Z,API-0003,api-gateway,prod,,,/gw/v1/route,2682,0.0031,187.1,"{""2xx"": 2647, ""4xx"": 27, ""5xx"": 8}"
2026-04-02T07:30:00Z,API-0004,auth-service,prod,,,/auth/v1/login,944,0.0016,118.7,"{""2xx"": 933, ""4xx"": 9, ""5xx"": 2}"
2026-04-02T07:30:00Z,API-0005,payments-service,prod,,,/payments/v1/payments,594,0.0042,271.8,"{""2xx"": 586, ""4xx"": 6, ""5xx"": 2}"
2026-04-02T07:30:00Z,API-0006,accounts-service,prod,,,/accounts/v1/balance,1047,0.0035,151.4,"{""2xx"": 1033, ""4xx"": 10, ""5xx"": 4}"
2026-04-02T07:30:00Z,API-0007,notification-service,prod,,,/notify/v1/send,485,0.0017,93.4,"{""2xx"": 479, ""4xx"": 5, ""5xx"": 1}"
2026-04-02T07:30:00Z,API-0008,payment-network-gateway,prod,,,/routes/card,171,0.0043,345.4,"{""2xx"": 168, ""4xx"": 2, ""5xx"": 1}"
2026-04-02T07:30:00Z,API-0009,payment-network-gateway,prod,,,/routes/upi,215,0.0036,297.8,"{""2xx"": 212, ""4xx"": 2, ""5xx"": 1}"
2026-04-02T07:30:00Z,API-0010,payment-network-gateway,prod,,,/routes/neft,60,0.0035,459.4,"{""2xx"": 59, ""4xx"": 1, ""5xx"": 0}"
2026-04-02T07:31:00Z,API-0011,mobile-app,prod,,,/app/v1/session,1152,0.0044,433.6,"{""2xx"": 1135, ""4xx"": 12, ""5xx"": 5}"
2026-04-02T07:31:00Z,API-0012,net-banking,prod,,,/web/v1/session,824,0.0039,361.6,"{""2xx"": 813, ""4xx"": 8, ""5xx"": 3}"
2026-04-02T07:31:00Z,API-0013,api-gateway,prod,,,/gw/v1/route,2585,0.0023,180.4,"{""2xx"": 2553, ""4xx"": 26, ""5xx"": 6}"
2026-04-02T07:31:00Z,API-0014,auth-service,prod,,,/auth/v1/login,941,0.0021,123.0,"{""2xx"": 930, ""4xx"": 9, ""5xx"": 2}"
2026-04-02T07:31:00Z,API-0015,payments-service,prod,,,/payments/v1/payments,612,0.005,261.1,"{""2xx"": 603, ""4xx"": 6, ""5xx"": 3}"
2026-04-02T07:31:00Z,API-0016,accounts-service,prod,,,/accounts/v1/balance,1149,0.003,149.4,"{""2xx"": 1135, ""4xx"": 11, ""5xx"": 3}"
2026-04-02T07:31:00Z,API-0017,notification-service,prod,,,/notify/v1/send,518,0.0024,94.0,"{""2xx"": 512, ""4xx"": 5, ""5xx"": 1}"
2026-04-02T07:31:00Z,API-0018,payment-network-gateway,prod,,,/routes/card,173,0.0036,349.1,"{""2xx"": 170, ""4xx"": 2, ""5xx"": 1}"
2026-04-02T07:31:00Z,API-0019,payment-network-gateway,prod,,,/routes/upi,223,0.0033,294.8,"{""2xx"": 220, ""4xx"": 2, ""5xx"": 1}"
2026-04-02T07:31:00Z,API-0020,payment-network-gateway,prod,,,/routes/neft,59,0.0033,434.3,"{""2xx"": 58, ""4xx"": 1, ""5xx"": 0}"
2026-04-02T07:32:00Z,API-0021,mobile-app,prod,,,/app/v1/session,1231,0.0043,406.4,"{""2xx"": 1214, ""4xx"": 12, ""5xx"": 5}"
2026-04-02T07:32:00Z,API-0022,net-banking,prod,,,/web/v1/session,786,0.0036,385.5,"{""2xx"": 775, ""4xx"": 8, ""5xx"": 3}"
2026-04-02T07:32:00Z,API-0023,api-gateway,prod,,,/gw/v1/route,2552,0.0027,178.3,"{""2xx"": 2519, ""4xx"": 26, ""5xx"": 7}"
2026-04-02T07:32:00Z,API-0024,auth-service,prod,,,/auth/v1/login,876,0.0017,121.7,"{""2xx"": 866, ""4xx"": 9, ""5xx"": 1}"
2026-04-02T07:32:00Z,API-0025,payments-service,prod,,,/payments/v1/payments,623,0.0057,266.4,"{""2xx"": 613, ""4xx"": 6, ""5xx"": 4}"
2026-04-02T07:32:00Z,API-0026,accounts-service,prod,,,/accounts/v1/balance,1128,0.0031,153.2,"{""2xx"": 1114, ""4xx"": 11, ""5xx"": 3}"
2026-04-02T07:32:00Z,API-0027,notification-service,prod,,,/notify/v1/send,492,0.0019,86.7,"{""2xx"": 486, ""4xx"": 5, ""5xx"": 1}"
2026-04-02T07:32:00Z,API-0028,payment-network-gateway,prod,,,/routes/card,184,0.003,355.0,"{""2xx"": 181, ""4xx"": 2, ""5xx"": 1}"
2026-04-02T07:32:00Z,API-0029,payment-network-gateway,prod,,,/routes/upi,209,0.0033,312.0,"{""2xx"": 206, ""4xx"": 2, ""5xx"": 1}"
2026-04-02T07:32:00Z,API-0030,payment-network-gateway,prod,,,/routes/neft,58,0.0036,445.8,"{""2xx"": 57, ""4xx"": 1, ""5xx"": 0}"
2026-04-02T07:33:00Z,API-0031,mobile-app,prod,,,/app/v1/session,1211,0.004,439.0,"{""2xx"": 1194, ""4xx"": 12, ""5xx"": 5}"
2026-04-02T07:33:00Z,API-0032,net-banking,prod,,,/web/v1/session,778,0.0036,374.4,"{""2xx"": 767, ""4xx"": 8, ""5xx"": 3}"
2026-04-02T07:33:00Z,API-0033,api-gateway,prod,,,/gw/v1/route,2554,0.0028,175.6,"{""2xx"": 2521, ""4xx"": 26, ""5xx"": 7}"
2026-04-02T07:33:00Z,API-0034,auth-service,prod,,,/auth/v1/login,867,0.0015,125.6,"{""2xx"": 857, ""4xx"": 9, ""5xx"": 1}"
2026-04-02T07:33:00Z,API-0035,payments-service,prod,,,/payments/v1/payments,604,0.0043,250.4,"{""2xx"": 595, ""4xx"": 6, ""5xx"": 3}"
2026-04-02T07:33:00Z,API-0036,accounts-service,prod,,,/accounts/v1/balance,1069,0.003,149.2,"{""2xx"": 1055, ""4xx"": 11, ""5xx"": 3}"
2026-04-02T07:33:00Z,API-0037,notification-service,prod,,,/notify/v1/send,502,0.0025,86.6,"{""2xx"": 496, ""4xx"": 5, ""5xx"": 1}"
2026-04-02T07:33:00Z,API-0038,payment-network-gateway,prod,,,/routes/card,171,0.0047,331.6,"{""2xx"": 168, ""4xx"": 2, ""5xx"": 1}"
2026-04-02T07:33:00Z,API-0039,payment-network-gateway,prod,,,/routes/upi,227,0.0041,293.9,"{""2xx"": 224, ""4xx"": 2, ""5xx"": 1}"
2026-04-02T07:33:00Z,API-0040,payment-network-gateway,prod,,,/routes/neft,59,0.0032,469.3,"{""2xx"": 58, ""4xx"": 1, ""5xx"": 0}"
2026-04-02T07:34:00Z,API-0041,mobile-app,prod,,,/app/v1/session,1151,0.0042,413.0,"{""2xx"": 1134, ""4xx"": 12, ""5xx"": 5}"
2026-04-02T07:34:00Z,API-0042,net-banking,prod,,,/web/v1/session,833,0.0043,394.8,"{""2xx"": 821, ""4xx"": 8, ""5xx"": 4}"
2026-04-02T07:34:00Z,API-0043,api-gateway,prod,,,/gw/v1/route,2631,0.0028,174.3,"{""2xx"": 2598, ""4xx"": 26, ""5xx"": 7}"
2026-04-02T07:34:00Z,API-0044,auth-service,prod,,,/auth/v1/login,912,0.0023,121.4,"{""2xx"": 901, ""4xx"": 9, ""5xx"": 2}"
2026-04-02T07:34:00Z,API-0045,payments-service,prod,,,/payments/v1/payments,617,0.0047,249.2,"{""2xx"": 608, ""4xx"": 6, ""5xx"": 3}"
2026-04-02T07:34:00Z,API-0046,accounts-service,prod,,,/accounts/v1/balance,1138,0.003,155.4,"{""2xx"": 1124, ""4xx"": 11, ""5xx"": 3}"
2026-04-02T07:34:00Z,API-0047,notification-service,prod,,,/notify/v1/send,521,0.0016,93.1,"{""2xx"": 515, ""4xx"": 5, ""5xx"": 1}"
2026-04-02T07:34:00Z,API-0048,payment-network-gateway,prod,,,/routes/card,181,0.0047,327.8,"{""2xx"": 178, ""4xx"": 2, ""5xx"": 1}"
2026-04-02T07:34:00Z,API-0049,payment-network-gateway,prod,,,/routes/upi,227,0.0035,300.8,"{""2xx"": 224, ""4xx"": 2, ""5xx"": 1}"
2026-04-02T07:34:00Z,API-0050,payment-network-gateway,prod,,,/routes/neft,63,0.0043,444.5,"{""2xx"": 62, ""4xx"": 1, ""5xx"": 0}"
2026-04-02T07:35:00Z,API-0051,mobile-app,prod,,,/app/v1/session,1167,0.0043,404.0,"{""2xx"": 1150, ""4xx"": 12, ""5xx"": 5}"
2026-04-02T07:35:00Z,API-0052,net-banking,prod,,,/web/v1/session,793,0.0049,379.5,"{""2xx"": 781, ""4xx"": 8, ""5xx"": 4}"
2026-04-02T07:35:00Z,API-0053,api-gateway,prod,,,/gw/v1/route,2729,0.0034,184.3,"{""2xx"": 2693, ""4xx"": 27, ""5xx"": 9}"
2026-04-02T07:35:00Z,API-0054,auth-service,prod,,,/auth/v1/login,875,0.0022,115.4,"{""2xx"": 864, ""4xx"": 9, ""5xx"": 2}"
2026-04-02T07:35:00Z,API-0055,payments-service,prod,,,/payments/v1/payments,629,0.0041,248.7,"{""2xx"": 620, ""4xx"": 6, ""5xx"": 3}"
2026-04-02T07:35:00Z,API-0056,accounts-service,prod,,,/accounts/v1/balance,1081,0.0033,146.6,"{""2xx"": 1066, ""4xx"": 11, ""5xx"": 4}"
2026-04-02T07:35:00Z,API-0057,notification-service,prod,,,/notify/v1/send,479,0.0017,89.9,"{""2xx"": 473, ""4xx"": 5, ""5xx"": 1}"
2026-04-02T07:35:00Z,API-0058,payment-network-gateway,prod,,,/routes/card,189,0.0037,341.2,"{""2xx"": 186, ""4xx"": 2, ""5xx"": 1}"
2026-04-02T07:35:00Z,API-0059,payment-network-gateway,prod,,,/routes/upi,222,0.0044,291.3,"{""2xx"": 219, ""4xx"": 2, ""5xx"": 1}"
2026-04-02T07:35:00Z,API-0060,payment-network-gateway,prod,,,/routes/neft,57,0.0038,454.0,"{""2xx"": 56, ""4xx"": 1, ""5xx"": 0}"
2026-04-02T07:36:00Z,API-0061,mobile-app,prod,,,/app/v1/session,1183,0.0048,400.2,"{""2xx"": 1165, ""4xx"": 12, ""5xx"": 6}"
2026-04-02T07:36:00Z,API-0062,net-banking,prod,,,/web/v1/session,819,0.004,380.6,"{""2xx"": 808, ""4xx"": 8, ""5xx"": 3}"
2026-04-02T07:36:00Z,API-0063,api-gateway,prod,,,/gw/v1/route,2589,0.0024,188.1,"{""2xx"": 2557, ""4xx"": 26, ""5xx"": 6}"
2026-04-02T07:36:00Z,API-0064,auth-service,prod,,,/auth/v1/login,941,0.0019,116.3,"{""2xx"": 930, ""4xx"": 9, ""5xx"": 2}"
2026-04-02T07:36:00Z,API-0065,payments-service,prod,,,/payments/v1/payments,598,0.0048,261.7,"{""2xx"": 589, ""4xx"": 6, ""5xx"": 3}"
2026-04-02T07:36:00Z,API-0066,accounts-service,prod,,,/accounts/v1/balance,1145,0.0025,145.4,"{""2xx"": 1131, ""4xx"": 11, ""5xx"": 3}"
2026-04-02T07:36:00Z,API-0067,notification-service,prod,,,/notify/v1/send,482,0.0016,89.3,"{""2xx"": 476, ""4xx"": 5, ""5xx"": 1}"
2026-04-02T07:36:00Z,API-0068,payment-network-gateway,prod,,,/routes/card,174,0.0045,352.6,"{""2xx"": 171, ""4xx"": 2, ""5xx"": 1}"
2026-04-02T07:36:00Z,API-0069,payment-network-gateway,prod,,,/routes/upi,216,0.0033,303.1,"{""2xx"": 213, ""4xx"": 2, ""5xx"": 1}"
2026-04-02T07:36:00Z,API-0070,payment-network-gateway,prod,,,/routes/neft,58,0.0031,456.2,"{""2xx"": 57, ""4xx"": 1, ""5xx"": 0}"
2026-04-02T07:37:00Z,API-0071,mobile-app,prod,,,/app/v1/session,1240,0.0046,412.1,"{""2xx"": 1222, ""4xx"": 12, ""5xx"": 6}"
2026-04-02T07:37:00Z,API-0072,net-banking,prod,,,/web/v1/session,765,0.0032,393.1,"{""2xx"": 755, ""4xx"": 8, ""5xx"": 2}"
2026-04-02T07:37:00Z,API-0073,api-gateway,prod,,,/gw/v1/route,2521,0.0029,182.2,"{""2xx"": 2489, ""4xx"": 25, ""5xx"": 7}"
2026-04-02T07:37:00Z,API-0074,auth-service,prod,,,/auth/v1/login,877,0.0022,115.0,"{""2xx"": 866, ""4xx"": 9, ""5xx"": 2}"
2026-04-02T07:37:00Z,API-0075,payments-service,prod,,,/payments/v1/payments,604,0.0061,249.1,"{""2xx"": 594, ""4xx"": 6, ""5xx"": 4}"
2026-04-02T07:37:00Z,API-0076,accounts-service,prod,,,/accounts/v1/balance,1085,0.0032,154.6,"{""2xx"": 1071, ""4xx"": 11, ""5xx"": 3}"
2026-04-02T07:37:00Z,API-0077,notification-service,prod,,,/notify/v1/send,521,0.0022,88.3,"{""2xx"": 515, ""4xx"": 5, ""5xx"": 1}"
2026-04-02T07:37:00Z,API-0078,payment-network-gateway,prod,,,/routes/card,185,0.0047,336.0,"{""2xx"": 182, ""4xx"": 2, ""5xx"": 1}"
2026-04-02T07:37:00Z,API-0079,payment-network-gateway,prod,,,/routes/upi,215,0.0047,289.2,"{""2xx"": 212, ""4xx"": 2, ""5xx"": 1}"
2026-04-02T07:37:00Z,API-0080,payment-network-gateway,prod,,,/routes/neft,59,0.0035,449.3,"{""2xx"": 58, ""4xx"": 1, ""5xx"": 0}"
2026-04-02T07:38:00Z,API-0081,mobile-app,prod,,,/app/v1/session,1197,0.005,431.8,"{""2xx"": 1179, ""4xx"": 12, ""5xx"": 6}"
2026-04-02T07:38:00Z,API-0082,net-banking,prod,,,/web/v1/session,760,0.0047,386.7,"{""2xx"": 748, ""4xx"": 8, ""5xx"": 4}"
2026-04-02T07:38:00Z,API-0083,api-gateway,prod,,,/gw/v1/route,2553,0.003,178.2,"{""2xx"": 2519, ""4xx"": 26, ""5xx"": 8}"
2026-04-02T07:38:00Z,API-0084,auth-service,prod,,,/auth/v1/login,923,0.0018,114.4,"{""2xx"": 912, ""4xx"": 9, ""5xx"": 2}"
2026-04-02T07:38:00Z,API-0085,payments-service,prod,,,/payments/v1/payments,612,0.0047,264.9,"{""2xx"": 603, ""4xx"": 6, ""5xx"": 3}"
2026-04-02T07:38:00Z,API-0086,accounts-service,prod,,,/accounts/v1/balance,1097,0.0029,149.0,"{""2xx"": 1083, ""4xx"": 11, ""5xx"": 3}"
2026-04-02T07:38:00Z,API-0087,notification-service,prod,,,/notify/v1/send,511,0.0022,93.4,"{""2xx"": 505, ""4xx"": 5, ""5xx"": 1}"
2026-04-02T07:38:00Z,API-0088,payment-network-gateway,prod,,,/routes/card,178,0.0048,348.9,"{""2xx"": 175, ""4xx"": 2, ""5xx"": 1}"
2026-04-02T07:38:00Z,API-0089,payment-network-gateway,prod,,,/routes/upi,219,0.0034,286.9,"{""2xx"": 216, ""4xx"": 2, ""5xx"": 1}"
2026-04-02T07:38:00Z,API-0090,payment-network-gateway,prod,,,/routes/neft,59,0.0042,445.0,"{""2xx"": 58, ""4xx"": 1, ""5xx"": 0}"
2026-04-02T07:39:00Z,API-0091,mobile-app,prod,,,/app/v1/session,1157,0.0032,414.2,"{""2xx"": 1141, ""4xx"": 12, ""5xx"": 4}"
2026-04-02T07:39:00Z,API-0092,net-banking,prod,,,/web/v1/session,840,0.0038,380.2,"{""2xx"": 829, ""4xx"": 8, ""5xx"": 3}"
2026-04-02T07:39:00Z,API-0093,api-gateway,prod,,,/gw/v1/route,2546,0.0025,181.6,"{""2xx"": 2515, ""4xx"": 25, ""5xx"": 6}"
2026-04-02T07:39:00Z,API-0094,auth-service,prod,,,/auth/v1/login,907,0.0025,123.8,"{""2xx"": 896, ""4xx"": 9, ""5xx"": 2}"
2026-04-02T07:39:00Z,API-0095,payments-service,prod,,,/payments/v1/payments,577,0.0054,253.4,"{""2xx"": 568, ""4xx"": 6, ""5xx"": 3}"
2026-04-02T07:39:00Z,API-0096,accounts-service,prod,,,/accounts/v1/balance,1138,0.0034,145.8,"{""2xx"": 1123, ""4xx"": 11, ""5xx"": 4}"
2026-04-02T07:39:00Z,API-0097,notification-service,prod,,,/notify/v1/send,508,0.002,90.3,"{""2xx"": 502, ""4xx"": 5, ""5xx"": 1}"
2026-04-02T07:39:00Z,API-0098,payment-network-gateway,prod,,,/routes/card,182,0.0049,338.9,"{""2xx"": 179, ""4xx"": 2, ""5xx"": 1}"
2026-04-02T07:39:00Z,API-0099,payment-network-gateway,prod,,,/routes/upi,217,0.0036,307.1,"{""2xx"": 214, ""4xx"": 2, ""5xx"": 1}"
2026-04-02T07:39:00Z,API-0100,payment-network-gateway,prod,,,/routes/neft,60,0.0035,460.9,"{""2xx"": 59, ""4xx"": 1, ""5xx"": 0}"
2026-04-02T07:40:00Z,API-0101,mobile-app,prod,,,/app/v1/session,1186,0.0043,410.2,"{""2xx"": 1169, ""4xx"": 12, ""5xx"": 5}"
2026-04-02T07:40:00Z,API-0102,net-banking,prod,,,/web/v1/session,817,0.0033,391.5,"{""2xx"": 806, ""4xx"": 8, ""5xx"": 3}"
2026-04-02T07:40:00Z,API-0103,api-gateway,prod,,,/gw/v1/route,2605,0.003,186.4,"{""2xx"": 2571, ""4xx"": 26, ""5xx"": 8}"
2026-04-02T07:40:00Z,API-0104,auth-service,prod,,,/auth/v1/login,869,0.0018,120.4,"{""2xx"": 858, ""4xx"": 9, ""5xx"": 2}"
2026-04-02T07:40:00Z,API-0105,payments-service,prod,,,/payments/v1/payments,571,0.0043,253.1,"{""2xx"": 563, ""4xx"": 6, ""5xx"": 2}"
2026-04-02T07:40:00Z,API-0106,accounts-service,prod,,,/accounts/v1/balance,1137,0.0024,152.4,"{""2xx"": 1123, ""4xx"": 11, ""5xx"": 3}"
2026-04-02T07:40:00Z,API-0107,notification-service,prod,,,/notify/v1/send,491,0.0024,88.1,"{""2xx"": 485, ""4xx"": 5, ""5xx"": 1}"
2026-04-02T07:40:00Z,API-0108,payment-network-gateway,prod,,,/routes/card,181,0.004,348.3,"{""2xx"": 178, ""4xx"": 2, ""5xx"": 1}"
2026-04-02T07:40:00Z,API-0109,payment-network-gateway,prod,,,/routes/upi,219,0.0047,292.0,"{""2xx"": 216, ""4xx"": 2, ""5xx"": 1}"
2026-04-02T07:40:00Z,API-0110,payment-network-gateway,prod,,,/routes/neft,59,0.0033,436.2,"{""2xx"": 58, ""4xx"": 1, ""5xx"": 0}"
2026-04-02T07:41:00Z,API-0111,mobile-app,prod,,,/app/v1/session,1140,0.0036,402.4,"{""2xx"": 1125, ""4xx"": 11, ""5xx"": 4}"
2026-04-02T07:41:00Z,API-0112,net-banking,prod,,,/web/v1/session,837,0.0031,382.9,"{""2xx"": 826, ""4xx"": 8, ""5xx"": 3}"
2026-04-02T07:41:00Z,API-0113,api-gateway,prod,,,/gw/v1/route,2646,0.0025,174.2,"{""2xx"": 2613, ""4xx"": 26, ""5xx"": 7}"
2026-04-02T07:41:00Z,API-0114,auth-service,prod,,,/auth/v1/login,895,0.0021,121.7,"{""2xx"": 884, ""4xx"": 9, ""5xx"": 2}"
2026-04-02T07:41:00Z,API-0115,payments-service,prod,,,/payments/v1/payments,606,0.0062,248.2,"{""2xx"": 596, ""4xx"": 6, ""5xx"": 4}"
2026-04-02T07:41:00Z,API-0116,accounts-service,prod,,,/accounts/v1/balance,1060,0.0033,149.8,"{""2xx"": 1046, ""4xx"": 11, ""5xx"": 3}"
2026-04-02T07:41:00Z,API-0117,notification-service,prod,,,/notify/v1/send,510,0.002,87.3,"{""2xx"": 504, ""4xx"": 5, ""5xx"": 1}"
2026-04-02T07:41:00Z,API-0118,payment-network-gateway,prod,,,/routes/card,180,0.003,340.2,"{""2xx"": 177, ""4xx"": 2, ""5xx"": 1}"
2026-04-02T07:41:00Z,API-0119,payment-network-gateway,prod,,,/routes/upi,217,0.0036,292.6,"{""2xx"": 214, ""4xx"": 2, ""5xx"": 1}"
2026-04-02T07:41:00Z,API-0120,payment-network-gateway,prod,,,/routes/neft,62,0.0044,441.9,"{""2xx"": 61, ""4xx"": 1, ""5xx"": 0}"
2026-04-02T07:42:00Z,API-0121,mobile-app,prod,,,/app/v1/session,1233,0.003,410.7,"{""2xx"": 1217, ""4xx"": 12, ""5xx"": 4}"
2026-04-02T07:42:00Z,API-0122,net-banking,prod,,,/web/v1/session,776,0.0037,395.9,"{""2xx"": 765, ""4xx"": 8, ""5xx"": 3}"
2026-04-02T07:42:00Z,API-0123,api-gateway,prod,,,/gw/v1/route,2589,0.0032,178.4,"{""2xx"": 2555, ""4xx"": 26, ""5xx"": 8}"
2026-04-02T07:42:00Z,API-0124,auth-service,prod,,,/auth/v1/login,913,0.002,122.3,"{""2xx"": 902, ""4xx"": 9, ""5xx"": 2}"
2026-04-02T07:42:00Z,API-0125,payments-service,prod,,,/payments/v1/payments,619,0.0045,268.8,"{""2xx"": 610, ""4xx"": 6, ""5xx"": 3}"
2026-04-02T07:42:00Z,API-0126,accounts-service,prod,,,/accounts/v1/balance,1155,0.0023,154.5,"{""2xx"": 1140, ""4xx"": 12, ""5xx"": 3}"
2026-04-02T07:42:00Z,API-0127,notification-service,prod,,,/notify/v1/send,508,0.0021,87.9,"{""2xx"": 502, ""4xx"": 5, ""5xx"": 1}"
2026-04-02T07:42:00Z,API-0128,payment-network-gateway,prod,,,/routes/card,181,0.0035,352.1,"{""2xx"": 178, ""4xx"": 2, ""5xx"": 1}"
2026-04-02T07:42:00Z,API-0129,payment-network-gateway,prod,,,/routes/upi,214,0.0037,311.9,"{""2xx"": 211, ""4xx"": 2, ""5xx"": 1}"
2026-04-02T07:42:00Z,API-0130,payment-network-gateway,prod,,,/routes/neft,63,0.0044,434.1,"{""2xx"": 62, ""4xx"": 1, ""5xx"": 0}"
2026-04-02T07:43:00Z,API-0131,mobile-app,prod,,,/app/v1/session,1235,0.0039,424.6,"{""2xx"": 1218, ""4xx"": 12, ""5xx"": 5}"
2026-04-02T07:43:00Z,API-0132,net-banking,prod,,,/web/v1/session,803,0.0046,382.5,"{""2xx"": 791, ""4xx"": 8, ""5xx"": 4}"
2026-04-02T07:43:00Z,API-0133,api-gateway,prod,,,/gw/v1/route,2544,0.0027,173.4,"{""2xx"": 2512, ""4xx"": 25, ""5xx"": 7}"
2026-04-02T07:43:00Z,API-0134,auth-service,prod,,,/auth/v1/login,911,0.0019,125.6,"{""2xx"": 900, ""4xx"": 9, ""5xx"": 2}"
2026-04-02T07:43:00Z,API-0135,payments-service,prod,,,/payments/v1/payments,599,0.0059,265.2,"{""2xx"": 589, ""4xx"": 6, ""5xx"": 4}"
2026-04-02T07:43:00Z,API-0136,accounts-service,prod,,,/accounts/v1/balance,1112,0.0027,146.6,"{""2xx"": 1098, ""4xx"": 11, ""5xx"": 3}"
2026-04-02T07:43:00Z,API-0137,notification-service,prod,,,/notify/v1/send,504,0.0025,89.4,"{""2xx"": 498, ""4xx"": 5, ""5xx"": 1}"
2026-04-02T07:43:00Z,API-0138,payment-network-gateway,prod,,,/routes/card,189,0.0049,351.5,"{""2xx"": 186, ""4xx"": 2, ""5xx"": 1}"
2026-04-02T07:43:00Z,API-0139,payment-network-gateway,prod,,,/routes/upi,220,0.005,290.3,"{""2xx"": 217, ""4xx"": 2, ""5xx"": 1}"
2026-04-02T07:43:00Z,API-0140,payment-network-gateway,prod,,,/routes/neft,61,0.0038,469.1,"{""2xx"": 60, ""4xx"": 1, ""5xx"": 0}"
2026-04-02T07:44:00Z,API-0141,mobile-app,prod,,,/app/v1/session,1221,0.0034,418.8,"{""2xx"": 1205, ""4xx"": 12, ""5xx"": 4}"
2026-04-02T07:44:00Z,API-0142,net-banking,prod,,,/web/v1/session,792,0.0032,386.0,"{""2xx"": 781, ""4xx"": 8, ""5xx"": 3}"
2026-04-02T07:44:00Z,API-0143,api-gateway,prod,,,/gw/v1/route,2602,0.0033,174.0,"{""2xx"": 2567, ""4xx"": 26, ""5xx"": 9}"
2026-04-02T07:44:00Z,API-0144,auth-service,prod,,,/auth/v1/login,911,0.0024,125.8,"{""2xx"": 900, ""4xx"": 9, ""5xx"": 2}"
2026-04-02T07:44:00Z,API-0145,payments-service,prod,,,/payments/v1/payments,620,0.0056,249.8,"{""2xx"": 611, ""4xx"": 6, ""5xx"": 3}"
2026-04-02T07:44:00Z,API-0146,accounts-service,prod,,,/accounts/v1/balance,1129,0.0037,144.0,"{""2xx"": 1114, ""4xx"": 11, ""5xx"": 4}"
2026-04-02T07:44:00Z,API-0147,notification-service,prod,,,/notify/v1/send,501,0.0024,86.7,"{""2xx"": 495, ""4xx"": 5, ""5xx"": 1}"
2026-04-02T07:44:00Z,API-0148,payment-network-gateway,prod,,,/routes/card,181,0.0049,344.4,"{""2xx"": 178, ""4xx"": 2, ""5xx"": 1}"
2026-04-02T07:44:00Z,API-0149,payment-network-gateway,prod,,,/routes/upi,222,0.0036,292.6,"{""2xx"": 219, ""4xx"": 2, ""5xx"": 1}"
2026-04-02T07:44:00Z,API-0150,payment-network-gateway,prod,,,/routes/neft,58,0.004,436.3,"{""2xx"": 57, ""4xx"": 1, ""5xx"": 0}"
2026-04-02T07:45:00Z,API-0151,mobile-app,prod,,,/app/v1/session,1177,0.0043,432.2,"{""2xx"": 1160, ""4xx"": 12, ""5xx"": 5}"
2026-04-02T07:45:00Z,API-0152,net-banking,prod,,,/web/v1/session,809,0.003,388.5,"{""2xx"": 799, ""4xx"": 8, ""5xx"": 2}"
2026-04-02T07:45:00Z,API-0153,api-gateway,prod,,,/gw/v1/route,2720,0.0031,178.0,"{""2xx"": 2685, ""4xx"": 27, ""5xx"": 8}"
2026-04-02T07:45:00Z,API-0154,auth-service,prod,,,/auth/v1/login,919,0.0023,115.2,"{""2xx"": 908, ""4xx"": 9, ""5xx"": 2}"
2026-04-02T07:45:00Z,API-0155,payments-service,prod,,,/payments/v1/payments,629,0.0041,258.1,"{""2xx"": 620, ""4xx"": 6, ""5xx"": 3}"
2026-04-02T07:45:00Z,API-0156,accounts-service,prod,,,/accounts/v1/balance,1142,0.0031,146.7,"{""2xx"": 1127, ""4xx"": 11, ""5xx"": 4}"
2026-04-02T07:45:00Z,API-0157,notification-service,prod,,,/notify/v1/send,484,0.0017,88.8,"{""2xx"": 478, ""4xx"": 5, ""5xx"": 1}"
2026-04-02T07:45:00Z,API-0158,payment-network-gateway,prod,,,/routes/card,176,0.0033,332.6,"{""2xx"": 173, ""4xx"": 2, ""5xx"": 1}"
2026-04-02T07:45:00Z,API-0159,payment-network-gateway,prod,,,/routes/upi,216,0.0043,288.6,"{""2xx"": 213, ""4xx"": 2, ""5xx"": 1}"
2026-04-02T07:45:00Z,API-0160,payment-network-gateway,prod,,,/routes/neft,59,0.0034,459.5,"{""2xx"": 58, ""4xx"": 1, ""5xx"": 0}"
2026-04-02T07:46:00Z,API-0161,mobile-app,prod,,,/app/v1/session,1186,0.0047,424.9,"{""2xx"": 1168, ""4xx"": 12, ""5xx"": 6}"
2026-04-02T07:46:00Z,API-0162,net-banking,prod,,,/web/v1/session,788,0.0041,397.2,"{""2xx"": 777, ""4xx"": 8, ""5xx"": 3}"
2026-04-02T07:46:00Z,API-0163,api-gateway,prod,,,/gw/v1/route,2642,0.0031,183.9,"{""2xx"": 2608, ""4xx"": 26, ""5xx"": 8}"
2026-04-02T07:46:00Z,API-0164,auth-service,prod,,,/auth/v1/login,859,0.0016,121.8,"{""2xx"": 849, ""4xx"": 9, ""5xx"": 1}"
2026-04-02T07:46:00Z,API-0165,payments-service,prod,,,/payments/v1/payments,590,0.0057,255.6,"{""2xx"": 581, ""4xx"": 6, ""5xx"": 3}"
2026-04-02T07:46:00Z,API-0166,accounts-service,prod,,,/accounts/v1/balance,1070,0.0027,151.8,"{""2xx"": 1056, ""4xx"": 11, ""5xx"": 3}"
2026-04-02T07:46:00Z,API-0167,notification-service,prod,,,/notify/v1/send,494,0.0021,88.9,"{""2xx"": 488, ""4xx"": 5, ""5xx"": 1}"
2026-04-02T07:46:00Z,API-0168,payment-network-gateway,prod,,,/routes/card,174,0.0036,349.5,"{""2xx"": 171, ""4xx"": 2, ""5xx"": 1}"
2026-04-02T07:46:00Z,API-0169,payment-network-gateway,prod,,,/routes/upi,229,0.0043,301.8,"{""2xx"": 226, ""4xx"": 2, ""5xx"": 1}"
2026-04-02T07:46:00Z,API-0170,payment-network-gateway,prod,,,/routes/neft,58,0.0032,468.2,"{""2xx"": 57, ""4xx"": 1, ""5xx"": 0}"
2026-04-02T07:47:00Z,API-0171,mobile-app,prod,,,/app/v1/session,1215,0.0046,414.1,"{""2xx"": 1197, ""4xx"": 12, ""5xx"": 6}"
2026-04-02T07:47:00Z,API-0172,net-banking,prod,,,/web/v1/session,782,0.0043,363.6,"{""2xx"": 771, ""4xx"": 8, ""5xx"": 3}"
2026-04-02T07:47:00Z,API-0173,api-gateway,prod,,,/gw/v1/route,2597,0.0026,185.4,"{""2xx"": 2564, ""4xx"": 26, ""5xx"": 7}"
2026-04-02T07:47:00Z,API-0174,auth-service,prod,,,/auth/v1/login,919,0.0021,118.1,"{""2xx"": 908, ""4xx"": 9, ""5xx"": 2}"
2026-04-02T07:47:00Z,API-0175,payments-service,prod,,,/payments/v1/payments,602,0.0062,261.4,"{""2xx"": 592, ""4xx"": 6, ""5xx"": 4}"
2026-04-02T07:47:00Z,API-0176,accounts-service,prod,,,/accounts/v1/balance,1129,0.0032,142.5,"{""2xx"": 1114, ""4xx"": 11, ""5xx"": 4}"
2026-04-02T07:47:00Z,API-0177,notification-service,prod,,,/notify/v1/send,523,0.0023,89.5,"{""2xx"": 517, ""4xx"": 5, ""5xx"": 1}"
2026-04-02T07:47:00Z,API-0178,payment-network-gateway,prod,,,/routes/card,184,0.0036,339.1,"{""2xx"": 181, ""4xx"": 2, ""5xx"": 1}"
2026-04-02T07:47:00Z,API-0179,payment-network-gateway,prod,,,/routes/upi,230,0.0041,292.3,"{""2xx"": 227, ""4xx"": 2, ""5xx"": 1}"
2026-04-02T07:47:00Z,API-0180,payment-network-gateway,prod,,,/routes/neft,62,0.005,460.5,"{""2xx"": 61, ""4xx"": 1, ""5xx"": 0}"
2026-04-02T07:48:00Z,API-0181,mobile-app,prod,,,/app/v1/session,1170,0.0045,431.5,"{""2xx"": 1153, ""4xx"": 12, ""5xx"": 5}"
2026-04-02T07:48:00Z,API-0182,net-banking,prod,,,/web/v1/session,762,0.005,378.0,"{""2xx"": 750, ""4xx"": 8, ""5xx"": 4}"
2026-04-02T07:48:00Z,API-0183,api-gateway,prod,,,/gw/v1/route,2676,0.0028,188.4,"{""2xx"": 2642, ""4xx"": 27, ""5xx"": 7}"
2026-04-02T07:48:00Z,API-0184,auth-service,prod,,,/auth/v1/login,940,0.0024,116.3,"{""2xx"": 929, ""4xx"": 9, ""5xx"": 2}"
2026-04-02T07:48:00Z,API-0185,payments-service,prod,,,/payments/v1/payments,579,0.0043,251.8,"{""2xx"": 571, ""4xx"": 6, ""5xx"": 2}"
2026-04-02T07:48:00Z,API-0186,accounts-service,prod,,,/accounts/v1/balance,1154,0.0026,146.6,"{""2xx"": 1139, ""4xx"": 12, ""5xx"": 3}"
2026-04-02T07:48:00Z,API-0187,notification-service,prod,,,/notify/v1/send,521,0.0021,93.5,"{""2xx"": 515, ""4xx"": 5, ""5xx"": 1}"
2026-04-02T07:48:00Z,API-0188,payment-network-gateway,prod,,,/routes/card,184,0.0036,347.7,"{""2xx"": 181, ""4xx"": 2, ""5xx"": 1}"
2026-04-02T07:48:00Z,API-0189,payment-network-gateway,prod,,,/routes/upi,229,0.0033,303.4,"{""2xx"": 226, ""4xx"": 2, ""5xx"": 1}"
2026-04-02T07:48:00Z,API-0190,payment-network-gateway,prod,,,/routes/neft,62,0.0045,445.4,"{""2xx"": 61, ""4xx"": 1, ""5xx"": 0}"
2026-04-02T07:49:00Z,API-0191,mobile-app,prod,,,/app/v1/session,1235,0.0037,421.7,"{""2xx"": 1218, ""4xx"": 12, ""5xx"": 5}"
2026-04-02T07:49:00Z,API-0192,net-banking,prod,,,/web/v1/session,800,0.0038,390.2,"{""2xx"": 789, ""4xx"": 8, ""5xx"": 3}"
2026-04-02T07:49:00Z,API-0193,api-gateway,prod,,,/gw/v1/route,2636,0.0034,187.3,"{""2xx"": 2601, ""4xx"": 26, ""5xx"": 9}"
2026-04-02T07:49:00Z,API-0194,auth-service,prod,,,/auth/v1/login,878,0.0023,116.9,"{""2xx"": 867, ""4xx"": 9, ""5xx"": 2}"
2026-04-02T07:49:00Z,API-0195,payments-service,prod,,,/payments/v1/payments,628,0.0041,253.5,"{""2xx"": 619, ""4xx"": 6, ""5xx"": 3}"
2026-04-02T07:49:00Z,API-0196,accounts-service,prod,,,/accounts/v1/balance,1064,0.0033,151.9,"{""2xx"": 1049, ""4xx"": 11, ""5xx"": 4}"
2026-04-02T07:49:00Z,API-0197,notification-service,prod,,,/notify/v1/send,525,0.0017,89.0,"{""2xx"": 519, ""4xx"": 5, ""5xx"": 1}"
2026-04-02T07:49:00Z,API-0198,payment-network-gateway,prod,,,/routes/card,178,0.0049,347.7,"{""2xx"": 175, ""4xx"": 2, ""5xx"": 1}"
2026-04-02T07:49:00Z,API-0199,payment-network-gateway,prod,,,/routes/upi,225,0.0038,314.3,"{""2xx"": 222, ""4xx"": 2, ""5xx"": 1}"
2026-04-02T07:49:00Z,API-0200,payment-network-gateway,prod,,,/routes/neft,59,0.004,464.5,"{""2xx"": 58, ""4xx"": 1, ""5xx"": 0}"
2026-04-02T07:50:00Z,API-0201,mobile-app,prod,,,/app/v1/session,1201,0.0045,410.3,"{""2xx"": 1184, ""4xx"": 12, ""5xx"": 5}"
2026-04-02T07:50:00Z,API-0202,net-banking,prod,,,/web/v1/session,763,0.0031,365.0,"{""2xx"": 753, ""4xx"": 8, ""5xx"": 2}"
2026-04-02T07:50:00Z,API-0203,api-gateway,prod,,,/gw/v1/route,2665,0.0037,173.7,"{""2xx"": 2628, ""4xx"": 27, ""5xx"": 10}"
2026-04-02T07:50:00Z,API-0204,auth-service,prod,,,/auth/v1/login,856,0.0019,125.2,"{""2xx"": 845, ""4xx"": 9, ""5xx"": 2}"
2026-04-02T07:50:00Z,API-0205,payments-service,prod,,,/payments/v1/payments,628,0.0048,257.2,"{""2xx"": 619, ""4xx"": 6, ""5xx"": 3}"
2026-04-02T07:50:00Z,API-0206,accounts-service,prod,,,/accounts/v1/balance,1130,0.0026,149.8,"{""2xx"": 1116, ""4xx"": 11, ""5xx"": 3}"
2026-04-02T07:50:00Z,API-0207,notification-service,prod,,,/notify/v1/send,517,0.0019,94.0,"{""2xx"": 511, ""4xx"": 5, ""5xx"": 1}"
2026-04-02T07:50:00Z,API-0208,payment-network-gateway,prod,,,/routes/card,175,0.0037,350.3,"{""2xx"": 172, ""4xx"": 2, ""5xx"": 1}"
2026-04-02T07:50:00Z,API-0209,payment-network-gateway,prod,,,/routes/upi,221,0.0036,305.3,"{""2xx"": 218, ""4xx"": 2, ""5xx"": 1}"
2026-04-02T07:50:00Z,API-0210,payment-network-gateway,prod,,,/routes/neft,61,0.0044,446.4,"{""2xx"": 60, ""4xx"": 1, ""5xx"": 0}"
2026-04-02T07:51:00Z,API-0211,mobile-app,prod,,,/app/v1/session,1143,0.005,424.3,"{""2xx"": 1126, ""4xx"": 11, ""5xx"": 6}"
2026-04-02T07:51:00Z,API-0212,net-banking,prod,,,/web/v1/session,801,0.004,365.0,"{""2xx"": 790, ""4xx"": 8, ""5xx"": 3}"
2026-04-02T07:51:00Z,API-0213,api-gateway,prod,,,/gw/v1/route,2717,0.0024,178.4,"{""2xx"": 2683, ""4xx"": 27, ""5xx"": 7}"
2026-04-02T07:51:00Z,API-0214,auth-service,prod,,,/auth/v1/login,943,0.0024,123.7,"{""2xx"": 932, ""4xx"": 9, ""5xx"": 2}"
2026-04-02T07:51:00Z,API-0215,payments-service,prod,,,/payments/v1/payments,608,0.0061,260.0,"{""2xx"": 598, ""4xx"": 6, ""5xx"": 4}"
2026-04-02T07:51:00Z,API-0216,accounts-service,prod,,,/accounts/v1/balance,1091,0.0028,151.7,"{""2xx"": 1077, ""4xx"": 11, ""5xx"": 3}"
2026-04-02T07:51:00Z,API-0217,notification-service,prod,,,/notify/v1/send,504,0.0025,93.1,"{""2xx"": 498, ""4xx"": 5, ""5xx"": 1}"
2026-04-02T07:51:00Z,API-0218,payment-network-gateway,prod,,,/routes/card,179,0.0048,332.9,"{""2xx"": 176, ""4xx"": 2, ""5xx"": 1}"
2026-04-02T07:51:00Z,API-0219,payment-network-gateway,prod,,,/routes/upi,211,0.0044,313.5,"{""2xx"": 208, ""4xx"": 2, ""5xx"": 1}"
2026-04-02T07:51:00Z,API-0220,payment-network-gateway,prod,,,/routes/neft,57,0.004,458.9,"{""2xx"": 56, ""4xx"": 1, ""5xx"": 0}"
2026-04-02T07:52:00Z,API-0221,mobile-app,prod,,,/app/v1/session,1148,0.0049,438.5,"{""2xx"": 1131, ""4xx"": 11, ""5xx"": 6}"
2026-04-02T07:52:00Z,API-0222,net-banking,prod,,,/web/v1/session,813,0.0037,375.6,"{""2xx"": 802, ""4xx"": 8, ""5xx"": 3}"
2026-04-02T07:52:00Z,API-0223,api-gateway,prod,,,/gw/v1/route,2615,0.0028,179.3,"{""2xx"": 2582, ""4xx"": 26, ""5xx"": 7}"
2026-04-02T07:52:00Z,API-0224,auth-service,prod,,,/auth/v1/login,933,0.0021,116.6,"{""2xx"": 922, ""4xx"": 9, ""5xx"": 2}"
2026-04-02T07:52:00Z,API-0225,payments-service,prod,,,/payments/v1/payments,591,0.0055,270.9,"{""2xx"": 582, ""4xx"": 6, ""5xx"": 3}"
2026-04-02T07:52:00Z,API-0226,accounts-service,prod,,,/accounts/v1/balance,1111,0.0036,145.8,"{""2xx"": 1096, ""4xx"": 11, ""5xx"": 4}"
2026-04-02T07:52:00Z,API-0227,notification-service,prod,,,/notify/v1/send,487,0.0023,90.7,"{""2xx"": 481, ""4xx"": 5, ""5xx"": 1}"
2026-04-02T07:52:00Z,API-0228,payment-network-gateway,prod,,,/routes/card,186,0.0042,343.4,"{""2xx"": 183, ""4xx"": 2, ""5xx"": 1}"
2026-04-02T07:52:00Z,API-0229,payment-network-gateway,prod,,,/routes/upi,215,0.0044,312.2,"{""2xx"": 212, ""4xx"": 2, ""5xx"": 1}"
2026-04-02T07:52:00Z,API-0230,payment-network-gateway,prod,,,/routes/neft,61,0.0042,434.3,"{""2xx"": 60, ""4xx"": 1, ""5xx"": 0}"
2026-04-02T07:53:00Z,API-0231,mobile-app,prod,,,/app/v1/session,1154,0.0045,420.1,"{""2xx"": 1137, ""4xx"": 12, ""5xx"": 5}"
2026-04-02T07:53:00Z,API-0232,net-banking,prod,,,/web/v1/session,795,0.0032,367.0,"{""2xx"": 784, ""4xx"": 8, ""5xx"": 3}"
2026-04-02T07:53:00Z,API-0233,api-gateway,prod,,,/gw/v1/route,2511,0.0028,183.6,"{""2xx"": 2479, ""4xx"": 25, ""5xx"": 7}"
2026-04-02T07:53:00Z,API-0234,auth-service,prod,,,/auth/v1/login,890,0.0019,122.8,"{""2xx"": 879, ""4xx"": 9, ""5xx"": 2}"
2026-04-02T07:53:00Z,API-0235,payments-service,prod,,,/payments/v1/payments,618,0.0056,254.0,"{""2xx"": 609, ""4xx"": 6, ""5xx"": 3}"
2026-04-02T07:53:00Z,API-0236,accounts-service,prod,,,/accounts/v1/balance,1083,0.0028,157.3,"{""2xx"": 1069, ""4xx"": 11, ""5xx"": 3}"
2026-04-02T07:53:00Z,API-0237,notification-service,prod,,,/notify/v1/send,487,0.0015,92.0,"{""2xx"": 481, ""4xx"": 5, ""5xx"": 1}"
2026-04-02T07:53:00Z,API-0238,payment-network-gateway,prod,,,/routes/card,175,0.0041,345.1,"{""2xx"": 172, ""4xx"": 2, ""5xx"": 1}"
2026-04-02T07:53:00Z,API-0239,payment-network-gateway,prod,,,/routes/upi,211,0.005,286.7,"{""2xx"": 208, ""4xx"": 2, ""5xx"": 1}"
2026-04-02T07:53:00Z,API-0240,payment-network-gateway,prod,,,/routes/neft,59,0.0041,461.0,"{""2xx"": 58, ""4xx"": 1, ""5xx"": 0}"
2026-04-02T07:54:00Z,API-0241,mobile-app,prod,,,/app/v1/session,1244,0.0039,429.5,"{""2xx"": 1227, ""4xx"": 12, ""5xx"": 5}"
2026-04-02T07:54:00Z,API-0242,net-banking,prod,,,/web/v1/session,791,0.0047,372.9,"{""2xx"": 779, ""4xx"": 8, ""5xx"": 4}"
2026-04-02T07:54:00Z,API-0243,api-gateway,prod,,,/gw/v1/route,2620,0.0037,185.0,"{""2xx"": 2584, ""4xx"": 26, ""5xx"": 10}"
2026-04-02T07:54:00Z,API-0244,auth-service,prod,,,/auth/v1/login,902,0.0022,121.5,"{""2xx"": 891, ""4xx"": 9, ""5xx"": 2}"
2026-04-02T07:54:00Z,API-0245,payments-service,prod,,,/payments/v1/payments,615,0.0055,269.6,"{""2xx"": 606, ""4xx"": 6, ""5xx"": 3}"
2026-04-02T07:54:00Z,API-0246,accounts-service,prod,,,/accounts/v1/balance,1148,0.003,154.5,"{""2xx"": 1134, ""4xx"": 11, ""5xx"": 3}"
2026-04-02T07:54:00Z,API-0247,notification-service,prod,,,/notify/v1/send,505,0.0017,85.9,"{""2xx"": 499, ""4xx"": 5, ""5xx"": 1}"
2026-04-02T07:54:00Z,API-0248,payment-network-gateway,prod,,,/routes/card,177,0.0047,352.3,"{""2xx"": 174, ""4xx"": 2, ""5xx"": 1}"
2026-04-02T07:54:00Z,API-0249,payment-network-gateway,prod,,,/routes/upi,229,0.0043,308.9,"{""2xx"": 226, ""4xx"": 2, ""5xx"": 1}"
2026-04-02T07:54:00Z,API-0250,payment-network-gateway,prod,,,/routes/neft,62,0.0049,447.1,"{""2xx"": 61, ""4xx"": 1, ""5xx"": 0}"
2026-04-02T07:55:00Z,API-0251,mobile-app,prod,,,/app/v1/session,1202,0.005,418.7,"{""2xx"": 1184, ""4xx"": 12, ""5xx"": 6}"
2026-04-02T07:55:00Z,API-0252,net-banking,prod,,,/web/v1/session,837,0.0046,396.6,"{""2xx"": 825, ""4xx"": 8, ""5xx"": 4}"
2026-04-02T07:55:00Z,API-0253,api-gateway,prod,,,/gw/v1/route,2628,0.0023,172.3,"{""2xx"": 2596, ""4xx"": 26, ""5xx"": 6}"
2026-04-02T07:55:00Z,API-0254,auth-service,prod,,,/auth/v1/login,902,0.0023,125.4,"{""2xx"": 891, ""4xx"": 9, ""5xx"": 2}"
2026-04-02T07:55:00Z,API-0255,payments-service,prod,,,/payments/v1/payments,594,0.004,263.7,"{""2xx"": 586, ""4xx"": 6, ""5xx"": 2}"
2026-04-02T07:55:00Z,API-0256,accounts-service,prod,,,/accounts/v1/balance,1108,0.0028,154.6,"{""2xx"": 1094, ""4xx"": 11, ""5xx"": 3}"
2026-04-02T07:55:00Z,API-0257,notification-service,prod,,,/notify/v1/send,515,0.002,86.7,"{""2xx"": 509, ""4xx"": 5, ""5xx"": 1}"
2026-04-02T07:55:00Z,API-0258,payment-network-gateway,prod,,,/routes/card,179,0.0043,339.3,"{""2xx"": 176, ""4xx"": 2, ""5xx"": 1}"
2026-04-02T07:55:00Z,API-0259,payment-network-gateway,prod,,,/routes/upi,223,0.0031,285.8,"{""2xx"": 220, ""4xx"": 2, ""5xx"": 1}"
2026-04-02T07:55:00Z,API-0260,payment-network-gateway,prod,,,/routes/neft,60,0.0049,448.6,"{""2xx"": 59, ""4xx"": 1, ""5xx"": 0}"
2026-04-02T07:56:00Z,API-0261,mobile-app,prod,,,/app/v1/session,1186,0.0046,408.7,"{""2xx"": 1169, ""4xx"": 12, ""5xx"": 5}"
2026-04-02T07:56:00Z,API-0262,net-banking,prod,,,/web/v1/session,788,0.004,391.4,"{""2xx"": 777, ""4xx"": 8, ""5xx"": 3}"
2026-04-02T07:56:00Z,API-0263,api-gateway,prod,,,/gw/v1/route,2519,0.0032,178.6,"{""2xx"": 2486, ""4xx"": 25, ""5xx"": 8}"
2026-04-02T07:56:00Z,API-0264,auth-service,prod,,,/auth/v1/login,875,0.0017,125.7,"{""2xx"": 865, ""4xx"": 9, ""5xx"": 1}"
2026-04-02T07:56:00Z,API-0265,payments-service,prod,,,/payments/v1/payments,590,0.0047,264.3,"{""2xx"": 581, ""4xx"": 6, ""5xx"": 3}"
2026-04-02T07:56:00Z,API-0266,accounts-service,prod,,,/accounts/v1/balance,1064,0.0035,154.5,"{""2xx"": 1049, ""4xx"": 11, ""5xx"": 4}"
2026-04-02T07:56:00Z,API-0267,notification-service,prod,,,/notify/v1/send,493,0.002,91.9,"{""2xx"": 487, ""4xx"": 5, ""5xx"": 1}"
2026-04-02T07:56:00Z,API-0268,payment-network-gateway,prod,,,/routes/card,189,0.0042,343.8,"{""2xx"": 186, ""4xx"": 2, ""5xx"": 1}"
2026-04-02T07:56:00Z,API-0269,payment-network-gateway,prod,,,/routes/upi,220,0.0032,310.2,"{""2xx"": 217, ""4xx"": 2, ""5xx"": 1}"
2026-04-02T07:56:00Z,API-0270,payment-network-gateway,prod,,,/routes/neft,59,0.0036,438.4,"{""2xx"": 58, ""4xx"": 1, ""5xx"": 0}"
2026-04-02T07:57:00Z,API-0271,mobile-app,prod,,,/app/v1/session,1177,0.0034,421.5,"{""2xx"": 1161, ""4xx"": 12, ""5xx"": 4}"
2026-04-02T07:57:00Z,API-0272,net-banking,prod,,,/web/v1/session,774,0.004,373.8,"{""2xx"": 763, ""4xx"": 8, ""5xx"": 3}"
2026-04-02T07:57:00Z,API-0273,api-gateway,prod,,,/gw/v1/route,2586,0.0034,178.5,"{""2xx"": 2551, ""4xx"": 26, ""5xx"": 9}"
2026-04-02T07:57:00Z,API-0274,auth-service,prod,,,/auth/v1/login,860,0.002,121.7,"{""2xx"": 849, ""4xx"": 9, ""5xx"": 2}"
2026-04-02T07:57:00Z,API-0275,payments-service,prod,,,/payments/v1/payments,618,0.0046,250.9,"{""2xx"": 609, ""4xx"": 6, ""5xx"": 3}"
2026-04-02T07:57:00Z,API-0276,accounts-service,prod,,,/accounts/v1/balance,1110,0.003,152.6,"{""2xx"": 1096, ""4xx"": 11, ""5xx"": 3}"
2026-04-02T07:57:00Z,API-0277,notification-service,prod,,,/notify/v1/send,498,0.0018,92.5,"{""2xx"": 492, ""4xx"": 5, ""5xx"": 1}"
2026-04-02T07:57:00Z,API-0278,payment-network-gateway,prod,,,/routes/card,186,0.0044,327.9,"{""2xx"": 183, ""4xx"": 2, ""5xx"": 1}"
2026-04-02T07:57:00Z,API-0279,payment-network-gateway,prod,,,/routes/upi,216,0.0043,305.7,"{""2xx"": 213, ""4xx"": 2, ""5xx"": 1}"
2026-04-02T07:57:00Z,API-0280,payment-network-gateway,prod,,,/routes/neft,58,0.0041,471.7,"{""2xx"": 57, ""4xx"": 1, ""5xx"": 0}"
2026-04-02T07:58:00Z,API-0281,mobile-app,prod,,,/app/v1/session,1153,0.0042,416.4,"{""2xx"": 1136, ""4xx"": 12, ""5xx"": 5}"
2026-04-02T07:58:00Z,API-0282,net-banking,prod,,,/web/v1/session,785,0.0045,394.3,"{""2xx"": 773, ""4xx"": 8, ""5xx"": 4}"
2026-04-02T07:58:00Z,API-0283,api-gateway,prod,,,/gw/v1/route,2480,0.0027,187.2,"{""2xx"": 2448, ""4xx"": 25, ""5xx"": 7}"
2026-04-02T07:58:00Z,API-0284,auth-service,prod,,,/auth/v1/login,887,0.0024,116.5,"{""2xx"": 876, ""4xx"": 9, ""5xx"": 2}"
2026-04-02T07:58:00Z,API-0285,payments-service,prod,,,/payments/v1/payments,585,0.0038,272.4,"{""2xx"": 577, ""4xx"": 6, ""5xx"": 2}"
2026-04-02T07:58:00Z,API-0286,accounts-service,prod,,,/accounts/v1/balance,1119,0.0026,145.4,"{""2xx"": 1105, ""4xx"": 11, ""5xx"": 3}"
2026-04-02T07:58:00Z,API-0287,notification-service,prod,,,/notify/v1/send,517,0.0025,90.2,"{""2xx"": 511, ""4xx"": 5, ""5xx"": 1}"
2026-04-02T07:58:00Z,API-0288,payment-network-gateway,prod,,,/routes/card,175,0.0039,324.8,"{""2xx"": 172, ""4xx"": 2, ""5xx"": 1}"
2026-04-02T07:58:00Z,API-0289,payment-network-gateway,prod,,,/routes/upi,226,0.0047,306.5,"{""2xx"": 223, ""4xx"": 2, ""5xx"": 1}"
2026-04-02T07:58:00Z,API-0290,payment-network-gateway,prod,,,/routes/neft,61,0.0037,453.5,"{""2xx"": 60, ""4xx"": 1, ""5xx"": 0}"
2026-04-02T07:59:00Z,API-0291,mobile-app,prod,,,/app/v1/session,1210,0.0034,400.5,"{""2xx"": 1194, ""4xx"": 12, ""5xx"": 4}"
2026-04-02T07:59:00Z,API-0292,net-banking,prod,,,/web/v1/session,832,0.0048,366.7,"{""2xx"": 820, ""4xx"": 8, ""5xx"": 4}"
2026-04-02T07:59:00Z,API-0293,api-gateway,prod,,,/gw/v1/route,2574,0.0033,185.7,"{""2xx"": 2540, ""4xx"": 26, ""5xx"": 8}"
2026-04-02T07:59:00Z,API-0294,auth-service,prod,,,/auth/v1/login,933,0.0022,122.8,"{""2xx"": 922, ""4xx"": 9, ""5xx"": 2}"
2026-04-02T07:59:00Z,API-0295,payments-service,prod,,,/payments/v1/payments,599,0.0041,249.6,"{""2xx"": 591, ""4xx"": 6, ""5xx"": 2}"
2026-04-02T07:59:00Z,API-0296,accounts-service,prod,,,/accounts/v1/balance,1114,0.0023,150.0,"{""2xx"": 1100, ""4xx"": 11, ""5xx"": 3}"
2026-04-02T07:59:00Z,API-0297,notification-service,prod,,,/notify/v1/send,479,0.0019,93.6,"{""2xx"": 473, ""4xx"": 5, ""5xx"": 1}"
2026-04-02T07:59:00Z,API-0298,payment-network-gateway,prod,,,/routes/card,181,0.0047,336.9,"{""2xx"": 178, ""4xx"": 2, ""5xx"": 1}"
2026-04-02T07:59:00Z,API-0299,payment-network-gateway,prod,,,/routes/upi,229,0.0036,288.4,"{""2xx"": 226, ""4xx"": 2, ""5xx"": 1}"
2026-04-02T07:59:00Z,API-0300,payment-network-gateway,prod,,,/routes/neft,62,0.0039,469.8,"{""2xx"": 61, ""4xx"": 1, ""5xx"": 0}"
2026-04-02T08:00:00Z,API-0301,mobile-app,prod,,,/app/v1/session,1219,0.052,430.8,"{""2xx"": 1144, ""4xx"": 12, ""5xx"": 63}"
2026-04-02T08:00:00Z,API-0302,net-banking,prod,,,/web/v1/session,765,0.003,390.4,"{""2xx"": 755, ""4xx"": 8, ""5xx"": 2}"
2026-04-02T08:00:00Z,API-0303,api-gateway,prod,,,/gw/v1/route,2702,0.0725,186.7,"{""2xx"": 2479, ""4xx"": 27, ""5xx"": 196}"
2026-04-02T08:00:00Z,API-0304,auth-service,prod,,,/auth/v1/login,893,0.0022,124.3,"{""2xx"": 882, ""4xx"": 9, ""5xx"": 2}"
2026-04-02T08:00:00Z,API-0305,payments-service,prod,,,/payments/v1/payments,610,0.303,270.3,"{""2xx"": 419, ""4xx"": 6, ""5xx"": 185}"
2026-04-02T08:00:00Z,API-0306,accounts-service,prod,,,/accounts/v1/balance,1082,0.0024,153.6,"{""2xx"": 1068, ""4xx"": 11, ""5xx"": 3}"
2026-04-02T08:00:00Z,API-0307,notification-service,prod,,,/notify/v1/send,478,0.0018,91.4,"{""2xx"": 472, ""4xx"": 5, ""5xx"": 1}"
2026-04-02T08:00:00Z,API-0308,payment-network-gateway,prod,,,/routes/card,184,1.0,332.5,"{""2xx"": 0, ""4xx"": 0, ""5xx"": 184}"
2026-04-02T08:00:00Z,API-0309,payment-network-gateway,prod,,,/routes/upi,227,0.004,308.2,"{""2xx"": 224, ""4xx"": 2, ""5xx"": 1}"
2026-04-02T08:00:00Z,API-0310,payment-network-gateway,prod,,,/routes/neft,61,0.0048,429.0,"{""2xx"": 60, ""4xx"": 1, ""5xx"": 0}"
2026-04-02T08:01:00Z,API-0311,mobile-app,prod,,,/app/v1/session,1153,0.0503,408.4,"{""2xx"": 1083, ""4xx"": 12, ""5xx"": 58}"
2026-04-02T08:01:00Z,API-0312,net-banking,prod,,,/web/v1/session,789,0.0041,382.8,"{""2xx"": 778, ""4xx"": 8, ""5xx"": 3}"
2026-04-02T08:01:00Z,API-0313,api-gateway,prod,,,/gw/v1/route,2496,0.0714,181.8,"{""2xx"": 2293, ""4xx"": 25, ""5xx"": 178}"
2026-04-02T08:01:00Z,API-0314,auth-service,prod,,,/auth/v1/login,867,0.0025,118.4,"{""2xx"": 856, ""4xx"": 9, ""5xx"": 2}"
2026-04-02T08:01:00Z,API-0315,payments-service,prod,,,/payments/v1/payments,604,0.3115,257.8,"{""2xx"": 410, ""4xx"": 6, ""5xx"": 188}"
2026-04-02T08:01:00Z,API-0316,accounts-service,prod,,,/accounts/v1/balance,1134,0.0033,152.0,"{""2xx"": 1119, ""4xx"": 11, ""5xx"": 4}"
2026-04-02T08:01:00Z,API-0317,notification-service,prod,,,/notify/v1/send,499,0.0015,91.7,"{""2xx"": 493, ""4xx"": 5, ""5xx"": 1}"
2026-04-02T08:01:00Z,API-0318,payment-network-gateway,prod,,,/routes/card,179,1.0,347.2,"{""2xx"": 0, ""4xx"": 0, ""5xx"": 179}"
2026-04-02T08:01:00Z,API-0319,payment-network-gateway,prod,,,/routes/upi,224,0.0042,308.0,"{""2xx"": 221, ""4xx"": 2, ""5xx"": 1}"
2026-04-02T08:01:00Z,API-0320,payment-network-gateway,prod,,,/routes/neft,58,0.0032,464.8,"{""2xx"": 57, ""4xx"": 1, ""5xx"": 0}"
2026-04-02T08:02:00Z,API-0321,mobile-app,prod,,,/app/v1/session,1148,0.0515,430.4,"{""2xx"": 1078, ""4xx"": 11, ""5xx"": 59}"
2026-04-02T08:02:00Z,API-0322,net-banking,prod,,,/web/v1/session,773,0.005,392.4,"{""2xx"": 761, ""4xx"": 8, ""5xx"": 4}"
2026-04-02T08:02:00Z,API-0323,api-gateway,prod,,,/gw/v1/route,2665,0.0706,175.7,"{""2xx"": 2450, ""4xx"": 27, ""5xx"": 188}"
2026-04-02T08:02:00Z,API-0324,auth-service,prod,,,/auth/v1/login,931,0.0017,118.1,"{""2xx"": 920, ""4xx"": 9, ""5xx"": 2}"
2026-04-02T08:02:00Z,API-0325,payments-service,prod,,,/payments/v1/payments,589,0.3089,264.8,"{""2xx"": 401, ""4xx"": 6, ""5xx"": 182}"
2026-04-02T08:02:00Z,API-0326,accounts-service,prod,,,/accounts/v1/balance,1115,0.0034,145.7,"{""2xx"": 1100, ""4xx"": 11, ""5xx"": 4}"
2026-04-02T08:02:00Z,API-0327,notification-service,prod,,,/notify/v1/send,479,0.0019,86.3,"{""2xx"": 473, ""4xx"": 5, ""5xx"": 1}"
2026-04-02T08:02:00Z,API-0328,payment-network-gateway,prod,,,/routes/card,173,1.0,353.2,"{""2xx"": 0, ""4xx"": 0, ""5xx"": 173}"
2026-04-02T08:02:00Z,API-0329,payment-network-gateway,prod,,,/routes/upi,213,0.005,285.7,"{""2xx"": 210, ""4xx"": 2, ""5xx"": 1}"
2026-04-02T08:02:00Z,API-0330,payment-network-gateway,prod,,,/routes/neft,62,0.0039,468.7,"{""2xx"": 61, ""4xx"": 1, ""5xx"": 0}"
2026-04-02T08:03:00Z,API-0331,mobile-app,prod,,,/app/v1/session,1141,0.0514,416.4,"{""2xx"": 1071, ""4xx"": 11, ""5xx"": 59}"
2026-04-02T08:03:00Z,API-0332,net-banking,prod,,,/web/v1/session,803,0.0036,379.7,"{""2xx"": 792, ""4xx"": 8, ""5xx"": 3}"
2026-04-02T08:03:00Z,API-0333,api-gateway,prod,,,/gw/v1/route,2667,0.072,172.6,"{""2xx"": 2448, ""4xx"": 27, ""5xx"": 192}"
2026-04-02T08:03:00Z,API-0334,auth-service,prod,,,/auth/v1/login,876,0.0019,121.8,"{""2xx"": 865, ""4xx"": 9, ""5xx"": 2}"
2026-04-02T08:03:00Z,API-0335,payments-service,prod,,,/payments/v1/payments,614,0.3038,271.5,"{""2xx"": 421, ""4xx"": 6, ""5xx"": 187}"
2026-04-02T08:03:00Z,API-0336,accounts-service,prod,,,/accounts/v1/balance,1053,0.0023,148.9,"{""2xx"": 1040, ""4xx"": 11, ""5xx"": 2}"
2026-04-02T08:03:00Z,API-0337,notification-service,prod,,,/notify/v1/send,511,0.0019,86.1,"{""2xx"": 505, ""4xx"": 5, ""5xx"": 1}"
2026-04-02T08:03:00Z,API-0338,payment-network-gateway,prod,,,/routes/card,184,1.0,354.0,"{""2xx"": 0, ""4xx"": 0, ""5xx"": 184}"
2026-04-02T08:03:00Z,API-0339,payment-network-gateway,prod,,,/routes/upi,225,0.0045,314.2,"{""2xx"": 222, ""4xx"": 2, ""5xx"": 1}"
2026-04-02T08:03:00Z,API-0340,payment-network-gateway,prod,,,/routes/neft,58,0.0036,469.5,"{""2xx"": 57, ""4xx"": 1, ""5xx"": 0}"
2026-04-02T08:04:00Z,API-0341,mobile-app,prod,,,/app/v1/session,1256,0.0501,430.6,"{""2xx"": 1180, ""4xx"": 13, ""5xx"": 63}"
2026-04-02T08:04:00Z,API-0342,net-banking,prod,,,/web/v1/session,795,0.0042,374.4,"{""2xx"": 784, ""4xx"": 8, ""5xx"": 3}"
2026-04-02T08:04:00Z,API-0343,api-gateway,prod,,,/gw/v1/route,2573,0.0723,178.0,"{""2xx"": 2361, ""4xx"": 26, ""5xx"": 186}"
2026-04-02T08:04:00Z,API-0344,auth-service,prod,,,/auth/v1/login,890,0.0024,125.0,"{""2xx"": 879, ""4xx"": 9, ""5xx"": 2}"
2026-04-02T08:04:00Z,API-0345,payments-service,prod,,,/payments/v1/payments,582,0.3097,266.7,"{""2xx"": 396, ""4xx"": 6, ""5xx"": 180}"
2026-04-02T08:04:00Z,API-0346,accounts-service,prod,,,/accounts/v1/balance,1063,0.0025,144.6,"{""2xx"": 1049, ""4xx"": 11, ""5xx"": 3}"
2026-04-02T08:04:00Z,API-0347,notification-service,prod,,,/notify/v1/send,516,0.0017,93.3,"{""2xx"": 510, ""4xx"": 5, ""5xx"": 1}"
2026-04-02T08:04:00Z,API-0348,payment-network-gateway,prod,,,/routes/card,188,1.0,356.8,"{""2xx"": 0, ""4xx"": 0, ""5xx"": 188}"
2026-04-02T08:04:00Z,API-0349,payment-network-gateway,prod,,,/routes/upi,230,0.0043,302.6,"{""2xx"": 227, ""4xx"": 2, ""5xx"": 1}"
2026-04-02T08:04:00Z,API-0350,payment-network-gateway,prod,,,/routes/neft,62,0.0037,431.6,"{""2xx"": 61, ""4xx"": 1, ""5xx"": 0}"
2026-04-02T08:05:00Z,API-0351,mobile-app,prod,,,/app/v1/session,1248,0.0517,430.4,"{""2xx"": 1171, ""4xx"": 12, ""5xx"": 65}"
2026-04-02T08:05:00Z,API-0352,net-banking,prod,,,/web/v1/session,778,0.0042,382.8,"{""2xx"": 767, ""4xx"": 8, ""5xx"": 3}"
2026-04-02T08:05:00Z,API-0353,api-gateway,prod,,,/gw/v1/route,2508,0.0704,184.5,"{""2xx"": 2306, ""4xx"": 25, ""5xx"": 177}"
2026-04-02T08:05:00Z,API-0354,auth-service,prod,,,/auth/v1/login,914,0.0019,119.3,"{""2xx"": 903, ""4xx"": 9, ""5xx"": 2}"
2026-04-02T08:05:00Z,API-0355,payments-service,prod,,,/payments/v1/payments,607,0.3066,247.5,"{""2xx"": 415, ""4xx"": 6, ""5xx"": 186}"
2026-04-02T08:05:00Z,API-0356,accounts-service,prod,,,/accounts/v1/balance,1107,0.0025,155.3,"{""2xx"": 1093, ""4xx"": 11, ""5xx"": 3}"
2026-04-02T08:05:00Z,API-0357,notification-service,prod,,,/notify/v1/send,491,0.0024,89.2,"{""2xx"": 485, ""4xx"": 5, ""5xx"": 1}"
2026-04-02T08:05:00Z,API-0358,payment-network-gateway,prod,,,/routes/card,189,1.0,351.6,"{""2xx"": 0, ""4xx"": 0, ""5xx"": 189}"
2026-04-02T08:05:00Z,API-0359,payment-network-gateway,prod,,,/routes/upi,228,0.0036,289.5,"{""2xx"": 225, ""4xx"": 2, ""5xx"": 1}"
2026-04-02T08:05:00Z,API-0360,payment-network-gateway,prod,,,/routes/neft,60,0.0039,454.1,"{""2xx"": 59, ""4xx"": 1, ""5xx"": 0}"
2026-04-02T08:06:00Z,API-0361,mobile-app,prod,,,/app/v1/session,1241,0.051,410.0,"{""2xx"": 1166, ""4xx"": 12, ""5xx"": 63}"
2026-04-02T08:06:00Z,API-0362,net-banking,prod,,,/web/v1/session,830,0.0037,368.2,"{""2xx"": 819, ""4xx"": 8, ""5xx"": 3}"
2026-04-02T08:06:00Z,API-0363,api-gateway,prod,,,/gw/v1/route,2639,0.0724,175.1,"{""2xx"": 2422, ""4xx"": 26, ""5xx"": 191}"
2026-04-02T08:06:00Z,API-0364,auth-service,prod,,,/auth/v1/login,912,0.0024,123.3,"{""2xx"": 901, ""4xx"": 9, ""5xx"": 2}"
2026-04-02T08:06:00Z,API-0365,payments-service,prod,,,/payments/v1/payments,603,0.3065,263.2,"{""2xx"": 412, ""4xx"": 6, ""5xx"": 185}"
2026-04-02T08:06:00Z,API-0366,accounts-service,prod,,,/accounts/v1/balance,1082,0.0026,155.3,"{""2xx"": 1068, ""4xx"": 11, ""5xx"": 3}"
2026-04-02T08:06:00Z,API-0367,notification-service,prod,,,/notify/v1/send,494,0.002,87.5,"{""2xx"": 488, ""4xx"": 5, ""5xx"": 1}"
2026-04-02T08:06:00Z,API-0368,payment-network-gateway,prod,,,/routes/card,174,1.0,327.3,"{""2xx"": 0, ""4xx"": 0, ""5xx"": 174}"
2026-04-02T08:06:00Z,API-0369,payment-network-gateway,prod,,,/routes/upi,211,0.0044,303.7,"{""2xx"": 208, ""4xx"": 2, ""5xx"": 1}"
2026-04-02T08:06:00Z,API-0370,payment-network-gateway,prod,,,/routes/neft,60,0.0033,431.7,"{""2xx"": 59, ""4xx"": 1, ""5xx"": 0}"
2026-04-02T08:07:00Z,API-0371,mobile-app,prod,,,/app/v1/session,1225,0.051,399.8,"{""2xx"": 1151, ""4xx"": 12, ""5xx"": 62}"
2026-04-02T08:07:00Z,API-0372,net-banking,prod,,,/web/v1/session,776,0.0044,373.7,"{""2xx"": 765, ""4xx"": 8, ""5xx"": 3}"
2026-04-02T08:07:00Z,API-0373,api-gateway,prod,,,/gw/v1/route,2581,0.0708,187.2,"{""2xx"": 2372, ""4xx"": 26, ""5xx"": 183}"
2026-04-02T08:07:00Z,API-0374,auth-service,prod,,,/auth/v1/login,875,0.0018,116.0,"{""2xx"": 864, ""4xx"": 9, ""5xx"": 2}"
2026-04-02T08:07:00Z,API-0375,payments-service,prod,,,/payments/v1/payments,618,0.3009,261.0,"{""2xx"": 426, ""4xx"": 6, ""5xx"": 186}"
2026-04-02T08:07:00Z,API-0376,accounts-service,prod,,,/accounts/v1/balance,1088,0.0023,145.2,"{""2xx"": 1074, ""4xx"": 11, ""5xx"": 3}"
2026-04-02T08:07:00Z,API-0377,notification-service,prod,,,/notify/v1/send,521,0.0016,91.3,"{""2xx"": 515, ""4xx"": 5, ""5xx"": 1}"
2026-04-02T08:07:00Z,API-0378,payment-network-gateway,prod,,,/routes/card,172,1.0,332.7,"{""2xx"": 0, ""4xx"": 0, ""5xx"": 172}"
2026-04-02T08:07:00Z,API-0379,payment-network-gateway,prod,,,/routes/upi,227,0.0037,303.4,"{""2xx"": 224, ""4xx"": 2, ""5xx"": 1}"
2026-04-02T08:07:00Z,API-0380,payment-network-gateway,prod,,,/routes/neft,62,0.0043,454.0,"{""2xx"": 61, ""4xx"": 1, ""5xx"": 0}"
2026-04-02T08:08:00Z,API-0381,mobile-app,prod,,,/app/v1/session,1140,0.0518,426.6,"{""2xx"": 1070, ""4xx"": 11, ""5xx"": 59}"
2026-04-02T08:08:00Z,API-0382,net-banking,prod,,,/web/v1/session,797,0.0041,392.0,"{""2xx"": 786, ""4xx"": 8, ""5xx"": 3}"
2026-04-02T08:08:00Z,API-0383,api-gateway,prod,,,/gw/v1/route,2649,0.0723,174.5,"{""2xx"": 2431, ""4xx"": 26, ""5xx"": 192}"
2026-04-02T08:08:00Z,API-0384,auth-service,prod,,,/auth/v1/login,928,0.0018,122.9,"{""2xx"": 917, ""4xx"": 9, ""5xx"": 2}"
2026-04-02T08:08:00Z,API-0385,payments-service,prod,,,/payments/v1/payments,623,0.3049,252.1,"{""2xx"": 427, ""4xx"": 6, ""5xx"": 190}"
2026-04-02T08:08:00Z,API-0386,accounts-service,prod,,,/accounts/v1/balance,1083,0.0036,153.5,"{""2xx"": 1068, ""4xx"": 11, ""5xx"": 4}"
2026-04-02T08:08:00Z,API-0387,notification-service,prod,,,/notify/v1/send,510,0.0025,90.7,"{""2xx"": 504, ""4xx"": 5, ""5xx"": 1}"
2026-04-02T08:08:00Z,API-0388,payment-network-gateway,prod,,,/routes/card,176,1.0,348.3,"{""2xx"": 0, ""4xx"": 0, ""5xx"": 176}"
2026-04-02T08:08:00Z,API-0389,payment-network-gateway,prod,,,/routes/upi,214,0.004,292.3,"{""2xx"": 211, ""4xx"": 2, ""5xx"": 1}"
2026-04-02T08:08:00Z,API-0390,payment-network-gateway,prod,,,/routes/neft,58,0.0038,456.5,"{""2xx"": 57, ""4xx"": 1, ""5xx"": 0}"
2026-04-02T08:09:00Z,API-0391,mobile-app,prod,,,/app/v1/session,1147,0.0509,427.9,"{""2xx"": 1078, ""4xx"": 11, ""5xx"": 58}"
2026-04-02T08:09:00Z,API-0392,net-banking,prod,,,/web/v1/session,782,0.0049,372.3,"{""2xx"": 770, ""4xx"": 8, ""5xx"": 4}"
2026-04-02T08:09:00Z,API-0393,api-gateway,prod,,,/gw/v1/route,2499,0.0722,174.3,"{""2xx"": 2294, ""4xx"": 25, ""5xx"": 180}"
2026-04-02T08:09:00Z,API-0394,auth-service,prod,,,/auth/v1/login,888,0.0015,123.7,"{""2xx"": 878, ""4xx"": 9, ""5xx"": 1}"
2026-04-02T08:09:00Z,API-0395,payments-service,prod,,,/payments/v1/payments,573,0.3038,252.9,"{""2xx"": 393, ""4xx"": 6, ""5xx"": 174}"
2026-04-02T08:09:00Z,API-0396,accounts-service,prod,,,/accounts/v1/balance,1120,0.0024,143.2,"{""2xx"": 1106, ""4xx"": 11, ""5xx"": 3}"
2026-04-02T08:09:00Z,API-0397,notification-service,prod,,,/notify/v1/send,490,0.0024,89.1,"{""2xx"": 484, ""4xx"": 5, ""5xx"": 1}"
2026-04-02T08:09:00Z,API-0398,payment-network-gateway,prod,,,/routes/card,186,1.0,334.5,"{""2xx"": 0, ""4xx"": 0, ""5xx"": 186}"
2026-04-02T08:09:00Z,API-0399,payment-network-gateway,prod,,,/routes/upi,217,0.0035,311.2,"{""2xx"": 214, ""4xx"": 2, ""5xx"": 1}"
2026-04-02T08:09:00Z,API-0400,payment-network-gateway,prod,,,/routes/neft,57,0.0031,427.9,"{""2xx"": 56, ""4xx"": 1, ""5xx"": 0}"
2026-04-02T08:10:00Z,API-0401,mobile-app,prod,,,/app/v1/session,1252,0.0501,430.3,"{""2xx"": 1176, ""4xx"": 13, ""5xx"": 63}"
2026-04-02T08:10:00Z,API-0402,net-banking,prod,,,/web/v1/session,782,0.005,365.9,"{""2xx"": 770, ""4xx"": 8, ""5xx"": 4}"
2026-04-02T08:10:00Z,API-0403,api-gateway,prod,,,/gw/v1/route,2482,0.0721,188.4,"{""2xx"": 2278, ""4xx"": 25, ""5xx"": 179}"
2026-04-02T08:10:00Z,API-0404,auth-service,prod,,,/auth/v1/login,874,0.0025,123.5,"{""2xx"": 863, ""4xx"": 9, ""5xx"": 2}"
2026-04-02T08:10:00Z,API-0405,payments-service,prod,,,/payments/v1/payments,627,0.3038,249.3,"{""2xx"": 431, ""4xx"": 6, ""5xx"": 190}"
2026-04-02T08:10:00Z,API-0406,accounts-service,prod,,,/accounts/v1/balance,1134,0.0034,144.4,"{""2xx"": 1119, ""4xx"": 11, ""5xx"": 4}"
2026-04-02T08:10:00Z,API-0407,notification-service,prod,,,/notify/v1/send,483,0.0023,86.4,"{""2xx"": 477, ""4xx"": 5, ""5xx"": 1}"
2026-04-02T08:10:00Z,API-0408,payment-network-gateway,prod,,,/routes/card,175,1.0,343.8,"{""2xx"": 0, ""4xx"": 0, ""5xx"": 175}"
2026-04-02T08:10:00Z,API-0409,payment-network-gateway,prod,,,/routes/upi,211,0.0049,294.5,"{""2xx"": 208, ""4xx"": 2, ""5xx"": 1}"
2026-04-02T08:10:00Z,API-0410,payment-network-gateway,prod,,,/routes/neft,60,0.0042,445.9,"{""2xx"": 59, ""4xx"": 1, ""5xx"": 0}"
2026-04-02T08:11:00Z,API-0411,mobile-app,prod,,,/app/v1/session,1149,0.0519,430.0,"{""2xx"": 1078, ""4xx"": 11, ""5xx"": 60}"
2026-04-02T08:11:00Z,API-0412,net-banking,prod,,,/web/v1/session,834,0.0036,376.4,"{""2xx"": 823, ""4xx"": 8, ""5xx"": 3}"
2026-04-02T08:11:00Z,API-0413,api-gateway,prod,,,/gw/v1/route,2591,0.0707,184.1,"{""2xx"": 2382, ""4xx"": 26, ""5xx"": 183}"
2026-04-02T08:11:00Z,API-0414,auth-service,prod,,,/auth/v1/login,869,0.0019,116.0,"{""2xx"": 858, ""4xx"": 9, ""5xx"": 2}"
2026-04-02T08:11:00Z,API-0415,payments-service,prod,,,/payments/v1/payments,587,0.3012,271.2,"{""2xx"": 404, ""4xx"": 6, ""5xx"": 177}"
2026-04-02T08:11:00Z,API-0416,accounts-service,prod,,,/accounts/v1/balance,1077,0.0037,149.4,"{""2xx"": 1062, ""4xx"": 11, ""5xx"": 4}"
2026-04-02T08:11:00Z,API-0417,notification-service,prod,,,/notify/v1/send,506,0.0016,89.0,"{""2xx"": 500, ""4xx"": 5, ""5xx"": 1}"
2026-04-02T08:11:00Z,API-0418,payment-network-gateway,prod,,,/routes/card,179,1.0,325.9,"{""2xx"": 0, ""4xx"": 0, ""5xx"": 179}"
2026-04-02T08:11:00Z,API-0419,payment-network-gateway,prod,,,/routes/upi,224,0.0039,303.9,"{""2xx"": 221, ""4xx"": 2, ""5xx"": 1}"
2026-04-02T08:11:00Z,API-0420,payment-network-gateway,prod,,,/routes/neft,59,0.0044,439.2,"{""2xx"": 58, ""4xx"": 1, ""5xx"": 0}"
2026-04-02T08:12:00Z,API-0421,mobile-app,prod,,,/app/v1/session,1203,0.0513,404.6,"{""2xx"": 1129, ""4xx"": 12, ""5xx"": 62}"
2026-04-02T08:12:00Z,API-0422,net-banking,prod,,,/web/v1/session,837,0.0033,368.7,"{""2xx"": 826, ""4xx"": 8, ""5xx"": 3}"
2026-04-02T08:12:00Z,API-0423,api-gateway,prod,,,/gw/v1/route,2584,0.0727,179.6,"{""2xx"": 2370, ""4xx"": 26, ""5xx"": 188}"
2026-04-02T08:12:00Z,API-0424,auth-service,prod,,,/auth/v1/login,907,0.0021,116.2,"{""2xx"": 896, ""4xx"": 9, ""5xx"": 2}"
2026-04-02T08:12:00Z,API-0425,payments-service,prod,,,/payments/v1/payments,577,0.3087,252.2,"{""2xx"": 393, ""4xx"": 6, ""5xx"": 178}"
2026-04-02T08:12:00Z,API-0426,accounts-service,prod,,,/accounts/v1/balance,1079,0.003,156.3,"{""2xx"": 1065, ""4xx"": 11, ""5xx"": 3}"
2026-04-02T08:12:00Z,API-0427,notification-service,prod,,,/notify/v1/send,496,0.0016,93.2,"{""2xx"": 490, ""4xx"": 5, ""5xx"": 1}"
2026-04-02T08:12:00Z,API-0428,payment-network-gateway,prod,,,/routes/card,185,1.0,325.3,"{""2xx"": 0, ""4xx"": 0, ""5xx"": 185}"
2026-04-02T08:12:00Z,API-0429,payment-network-gateway,prod,,,/routes/upi,219,0.0035,292.5,"{""2xx"": 216, ""4xx"": 2, ""5xx"": 1}"
2026-04-02T08:12:00Z,API-0430,payment-network-gateway,prod,,,/routes/neft,59,0.0043,438.5,"{""2xx"": 58, ""4xx"": 1, ""5xx"": 0}"
2026-04-02T08:13:00Z,API-0431,mobile-app,prod,,,/app/v1/session,1209,0.0514,429.9,"{""2xx"": 1135, ""4xx"": 12, ""5xx"": 62}"
2026-04-02T08:13:00Z,API-0432,net-banking,prod,,,/web/v1/session,769,0.0047,368.0,"{""2xx"": 757, ""4xx"": 8, ""5xx"": 4}"
2026-04-02T08:13:00Z,API-0433,api-gateway,prod,,,/gw/v1/route,2614,0.0723,181.9,"{""2xx"": 2399, ""4xx"": 26, ""5xx"": 189}"
2026-04-02T08:13:00Z,API-0434,auth-service,prod,,,/auth/v1/login,912,0.0019,114.8,"{""2xx"": 901, ""4xx"": 9, ""5xx"": 2}"
2026-04-02T08:13:00Z,API-0435,payments-service,prod,,,/payments/v1/payments,627,0.3026,251.0,"{""2xx"": 431, ""4xx"": 6, ""5xx"": 190}"
2026-04-02T08:13:00Z,API-0436,accounts-service,prod,,,/accounts/v1/balance,1140,0.0035,155.0,"{""2xx"": 1125, ""4xx"": 11, ""5xx"": 4}"
2026-04-02T08:13:00Z,API-0437,notification-service,prod,,,/notify/v1/send,495,0.0019,89.8,"{""2xx"": 489, ""4xx"": 5, ""5xx"": 1}"
2026-04-02T08:13:00Z,API-0438,payment-network-gateway,prod,,,/routes/card,181,1.0,326.0,"{""2xx"": 0, ""4xx"": 0, ""5xx"": 181}"
2026-04-02T08:13:00Z,API-0439,payment-network-gateway,prod,,,/routes/upi,221,0.004,289.2,"{""2xx"": 218, ""4xx"": 2, ""5xx"": 1}"
2026-04-02T08:13:00Z,API-0440,payment-network-gateway,prod,,,/routes/neft,61,0.0043,439.7,"{""2xx"": 60, ""4xx"": 1, ""5xx"": 0}"
2026-04-02T08:14:00Z,API-0441,mobile-app,prod,,,/app/v1/session,1221,0.0504,434.6,"{""2xx"": 1147, ""4xx"": 12, ""5xx"": 62}"
2026-04-02T08:14:00Z,API-0442,net-banking,prod,,,/web/v1/session,785,0.0046,372.8,"{""2xx"": 773, ""4xx"": 8, ""5xx"": 4}"
2026-04-02T08:14:00Z,API-0443,api-gateway,prod,,,/gw/v1/route,2693,0.0717,177.8,"{""2xx"": 2473, ""4xx"": 27, ""5xx"": 193}"
2026-04-02T08:14:00Z,API-0444,auth-service,prod,,,/auth/v1/login,938,0.0016,118.9,"{""2xx"": 927, ""4xx"": 9, ""5xx"": 2}"
2026-04-02T08:14:00Z,API-0445,payments-service,prod,,,/payments/v1/payments,619,0.3078,271.9,"{""2xx"": 422, ""4xx"": 6, ""5xx"": 191}"
2026-04-02T08:14:00Z,API-0446,accounts-service,prod,,,/accounts/v1/balance,1112,0.0036,155.8,"{""2xx"": 1097, ""4xx"": 11, ""5xx"": 4}"
2026-04-02T08:14:00Z,API-0447,notification-service,prod,,,/notify/v1/send,502,0.0022,93.9,"{""2xx"": 496, ""4xx"": 5, ""5xx"": 1}"
2026-04-02T08:14:00Z,API-0448,payment-network-gateway,prod,,,/routes/card,173,1.0,342.4,"{""2xx"": 0, ""4xx"": 0, ""5xx"": 173}"
2026-04-02T08:14:00Z,API-0449,payment-network-gateway,prod,,,/routes/upi,223,0.0046,290.2,"{""2xx"": 220, ""4xx"": 2, ""5xx"": 1}"
2026-04-02T08:14:00Z,API-0450,payment-network-gateway,prod,,,/routes/neft,60,0.0038,429.0,"{""2xx"": 59, ""4xx"": 1, ""5xx"": 0}"
2026-04-02T08:15:00Z,API-0451,mobile-app,prod,,,/app/v1/session,1206,0.0516,439.6,"{""2xx"": 1132, ""4xx"": 12, ""5xx"": 62}"
2026-04-02T08:15:00Z,API-0452,net-banking,prod,,,/web/v1/session,780,0.0043,394.1,"{""2xx"": 769, ""4xx"": 8, ""5xx"": 3}"
2026-04-02T08:15:00Z,API-0453,api-gateway,prod,,,/gw/v1/route,2637,0.0722,184.7,"{""2xx"": 2421, ""4xx"": 26, ""5xx"": 190}"
2026-04-02T08:15:00Z,API-0454,auth-service,prod,,,/auth/v1/login,921,0.0023,123.0,"{""2xx"": 910, ""4xx"": 9, ""5xx"": 2}"
2026-04-02T08:15:00Z,API-0455,payments-service,prod,,,/payments/v1/payments,609,0.309,254.4,"{""2xx"": 415, ""4xx"": 6, ""5xx"": 188}"
2026-04-02T08:15:00Z,API-0456,accounts-service,prod,,,/accounts/v1/balance,1154,0.0033,155.5,"{""2xx"": 1138, ""4xx"": 12, ""5xx"": 4}"
2026-04-02T08:15:00Z,API-0457,notification-service,prod,,,/notify/v1/send,493,0.0017,91.0,"{""2xx"": 487, ""4xx"": 5, ""5xx"": 1}"
2026-04-02T08:15:00Z,API-0458,payment-network-gateway,prod,,,/routes/card,171,1.0,351.2,"{""2xx"": 0, ""4xx"": 0, ""5xx"": 171}"
2026-04-02T08:15:00Z,API-0459,payment-network-gateway,prod,,,/routes/upi,218,0.0044,303.6,"{""2xx"": 215, ""4xx"": 2, ""5xx"": 1}"
2026-04-02T08:15:00Z,API-0460,payment-network-gateway,prod,,,/routes/neft,61,0.0049,460.8,"{""2xx"": 60, ""4xx"": 1, ""5xx"": 0}"
2026-04-02T08:16:00Z,API-0461,mobile-app,prod,,,/app/v1/session,1254,0.0511,408.5,"{""2xx"": 1177, ""4xx"": 13, ""5xx"": 64}"
2026-04-02T08:16:00Z,API-0462,net-banking,prod,,,/web/v1/session,777,0.0037,380.2,"{""2xx"": 766, ""4xx"": 8, ""5xx"": 3}"
2026-04-02T08:16:00Z,API-0463,api-gateway,prod,,,/gw/v1/route,2572,0.0724,187.7,"{""2xx"": 2360, ""4xx"": 26, ""5xx"": 186}"
2026-04-02T08:16:00Z,API-0464,auth-service,prod,,,/auth/v1/login,888,0.0021,124.5,"{""2xx"": 877, ""4xx"": 9, ""5xx"": 2}"
2026-04-02T08:16:00Z,API-0465,payments-service,prod,,,/payments/v1/payments,594,0.3048,248.4,"{""2xx"": 407, ""4xx"": 6, ""5xx"": 181}"
2026-04-02T08:16:00Z,API-0466,accounts-service,prod,,,/accounts/v1/balance,1088,0.0025,153.9,"{""2xx"": 1074, ""4xx"": 11, ""5xx"": 3}"
2026-04-02T08:16:00Z,API-0467,notification-service,prod,,,/notify/v1/send,499,0.0023,89.4,"{""2xx"": 493, ""4xx"": 5, ""5xx"": 1}"
2026-04-02T08:16:00Z,API-0468,payment-network-gateway,prod,,,/routes/card,184,1.0,323.5,"{""2xx"": 0, ""4xx"": 0, ""5xx"": 184}"
2026-04-02T08:16:00Z,API-0469,payment-network-gateway,prod,,,/routes/upi,230,0.0039,289.8,"{""2xx"": 227, ""4xx"": 2, ""5xx"": 1}"
2026-04-02T08:16:00Z,API-0470,payment-network-gateway,prod,,,/routes/neft,62,0.0039,434.8,"{""2xx"": 61, ""4xx"": 1, ""5xx"": 0}"
2026-04-02T08:17:00Z,API-0471,mobile-app,prod,,,/app/v1/session,1199,0.0515,425.5,"{""2xx"": 1125, ""4xx"": 12, ""5xx"": 62}"
2026-04-02T08:17:00Z,API-0472,net-banking,prod,,,/web/v1/session,824,0.0034,375.0,"{""2xx"": 813, ""4xx"": 8, ""5xx"": 3}"
2026-04-02T08:17:00Z,API-0473,api-gateway,prod,,,/gw/v1/route,2672,0.0716,172.4,"{""2xx"": 2454, ""4xx"": 27, ""5xx"": 191}"
2026-04-02T08:17:00Z,API-0474,auth-service,prod,,,/auth/v1/login,860,0.0017,115.6,"{""2xx"": 850, ""4xx"": 9, ""5xx"": 1}"
2026-04-02T08:17:00Z,API-0475,payments-service,prod,,,/payments/v1/payments,598,0.308,262.9,"{""2xx"": 408, ""4xx"": 6, ""5xx"": 184}"
2026-04-02T08:17:00Z,API-0476,accounts-service,prod,,,/accounts/v1/balance,1093,0.0028,150.8,"{""2xx"": 1079, ""4xx"": 11, ""5xx"": 3}"
2026-04-02T08:17:00Z,API-0477,notification-service,prod,,,/notify/v1/send,511,0.0023,86.6,"{""2xx"": 505, ""4xx"": 5, ""5xx"": 1}"
2026-04-02T08:17:00Z,API-0478,payment-network-gateway,prod,,,/routes/card,177,1.0,330.9,"{""2xx"": 0, ""4xx"": 0, ""5xx"": 177}"
2026-04-02T08:17:00Z,API-0479,payment-network-gateway,prod,,,/routes/upi,230,0.0037,290.0,"{""2xx"": 227, ""4xx"": 2, ""5xx"": 1}"
2026-04-02T08:17:00Z,API-0480,payment-network-gateway,prod,,,/routes/neft,61,0.0039,458.8,"{""2xx"": 60, ""4xx"": 1, ""5xx"": 0}"
2026-04-02T08:18:00Z,API-0481,mobile-app,prod,,,/app/v1/session,1182,0.0517,403.2,"{""2xx"": 1109, ""4xx"": 12, ""5xx"": 61}"
2026-04-02T08:18:00Z,API-0482,net-banking,prod,,,/web/v1/session,833,0.0048,385.1,"{""2xx"": 821, ""4xx"": 8, ""5xx"": 4}"
2026-04-02T08:18:00Z,API-0483,api-gateway,prod,,,/gw/v1/route,2682,0.0712,182.6,"{""2xx"": 2464, ""4xx"": 27, ""5xx"": 191}"
2026-04-02T08:18:00Z,API-0484,auth-service,prod,,,/auth/v1/login,884,0.0024,120.0,"{""2xx"": 873, ""4xx"": 9, ""5xx"": 2}"
2026-04-02T08:18:00Z,API-0485,payments-service,prod,,,/payments/v1/payments,591,0.3058,270.8,"{""2xx"": 404, ""4xx"": 6, ""5xx"": 181}"
2026-04-02T08:18:00Z,API-0486,accounts-service,prod,,,/accounts/v1/balance,1115,0.0026,152.2,"{""2xx"": 1101, ""4xx"": 11, ""5xx"": 3}"
2026-04-02T08:18:00Z,API-0487,notification-service,prod,,,/notify/v1/send,517,0.0019,93.7,"{""2xx"": 511, ""4xx"": 5, ""5xx"": 1}"
2026-04-02T08:18:00Z,API-0488,payment-network-gateway,prod,,,/routes/card,186,1.0,337.6,"{""2xx"": 0, ""4xx"": 0, ""5xx"": 186}"
2026-04-02T08:18:00Z,API-0489,payment-network-gateway,prod,,,/routes/upi,210,0.0046,295.4,"{""2xx"": 207, ""4xx"": 2, ""5xx"": 1}"
2026-04-02T08:18:00Z,API-0490,payment-network-gateway,prod,,,/routes/neft,59,0.0036,468.3,"{""2xx"": 58, ""4xx"": 1, ""5xx"": 0}"
2026-04-02T08:19:00Z,API-0491,mobile-app,prod,,,/app/v1/session,1235,0.0518,407.0,"{""2xx"": 1159, ""4xx"": 12, ""5xx"": 64}"
2026-04-02T08:19:00Z,API-0492,net-banking,prod,,,/web/v1/session,822,0.0048,361.1,"{""2xx"": 810, ""4xx"": 8, ""5xx"": 4}"
2026-04-02T08:19:00Z,API-0493,api-gateway,prod,,,/gw/v1/route,2542,0.0713,175.1,"{""2xx"": 2336, ""4xx"": 25, ""5xx"": 181}"
2026-04-02T08:19:00Z,API-0494,auth-service,prod,,,/auth/v1/login,860,0.0024,116.9,"{""2xx"": 849, ""4xx"": 9, ""5xx"": 2}"
2026-04-02T08:19:00Z,API-0495,payments-service,prod,,,/payments/v1/payments,622,0.3014,256.3,"{""2xx"": 429, ""4xx"": 6, ""5xx"": 187}"
2026-04-02T08:19:00Z,API-0496,accounts-service,prod,,,/accounts/v1/balance,1134,0.0032,156.1,"{""2xx"": 1119, ""4xx"": 11, ""5xx"": 4}"
2026-04-02T08:19:00Z,API-0497,notification-service,prod,,,/notify/v1/send,521,0.0017,88.2,"{""2xx"": 515, ""4xx"": 5, ""5xx"": 1}"
2026-04-02T08:19:00Z,API-0498,payment-network-gateway,prod,,,/routes/card,173,1.0,338.3,"{""2xx"": 0, ""4xx"": 0, ""5xx"": 173}"
2026-04-02T08:19:00Z,API-0499,payment-network-gateway,prod,,,/routes/upi,216,0.0035,290.1,"{""2xx"": 213, ""4xx"": 2, ""5xx"": 1}"
2026-04-02T08:19:00Z,API-0500,payment-network-gateway,prod,,,/routes/neft,58,0.0036,462.7,"{""2xx"": 57, ""4xx"": 1, ""5xx"": 0}"
2026-04-02T08:20:00Z,API-0501,mobile-app,prod,,,/app/v1/session,1206,0.0515,436.1,"{""2xx"": 1132, ""4xx"": 12, ""5xx"": 62}"
2026-04-02T08:20:00Z,API-0502,net-banking,prod,,,/web/v1/session,813,0.0042,390.4,"{""2xx"": 802, ""4xx"": 8, ""5xx"": 3}"
2026-04-02T08:20:00Z,API-0503,api-gateway,prod,,,/gw/v1/route,2549,0.0704,177.0,"{""2xx"": 2345, ""4xx"": 25, ""5xx"": 179}"
2026-04-02T08:20:00Z,API-0504,auth-service,prod,,,/auth/v1/login,912,0.0022,124.0,"{""2xx"": 901, ""4xx"": 9, ""5xx"": 2}"
2026-04-02T08:20:00Z,API-0505,payments-service,prod,,,/payments/v1/payments,604,0.3088,252.0,"{""2xx"": 411, ""4xx"": 6, ""5xx"": 187}"
2026-04-02T08:20:00Z,API-0506,accounts-service,prod,,,/accounts/v1/balance,1132,0.0032,149.7,"{""2xx"": 1117, ""4xx"": 11, ""5xx"": 4}"
2026-04-02T08:20:00Z,API-0507,notification-service,prod,,,/notify/v1/send,518,0.0021,92.1,"{""2xx"": 512, ""4xx"": 5, ""5xx"": 1}"
2026-04-02T08:20:00Z,API-0508,payment-network-gateway,prod,,,/routes/card,181,1.0,323.4,"{""2xx"": 0, ""4xx"": 0, ""5xx"": 181}"
2026-04-02T08:20:00Z,API-0509,payment-network-gateway,prod,,,/routes/upi,230,0.0038,303.2,"{""2xx"": 227, ""4xx"": 2, ""5xx"": 1}"
2026-04-02T08:20:00Z,API-0510,payment-network-gateway,prod,,,/routes/neft,62,0.0041,450.5,"{""2xx"": 61, ""4xx"": 1, ""5xx"": 0}"
2026-04-02T08:21:00Z,API-0511,mobile-app,prod,,,/app/v1/session,1193,0.0503,422.3,"{""2xx"": 1121, ""4xx"": 12, ""5xx"": 60}"
2026-04-02T08:21:00Z,API-0512,net-banking,prod,,,/web/v1/session,827,0.0042,388.6,"{""2xx"": 816, ""4xx"": 8, ""5xx"": 3}"
2026-04-02T08:21:00Z,API-0513,api-gateway,prod,,,/gw/v1/route,2496,0.0721,182.5,"{""2xx"": 2291, ""4xx"": 25, ""5xx"": 180}"
2026-04-02T08:21:00Z,API-0514,auth-service,prod,,,/auth/v1/login,880,0.0019,115.7,"{""2xx"": 869, ""4xx"": 9, ""5xx"": 2}"
2026-04-02T08:21:00Z,API-0515,payments-service,prod,,,/payments/v1/payments,583,0.3033,249.8,"{""2xx"": 400, ""4xx"": 6, ""5xx"": 177}"
2026-04-02T08:21:00Z,API-0516,accounts-service,prod,,,/accounts/v1/balance,1105,0.0032,151.9,"{""2xx"": 1090, ""4xx"": 11, ""5xx"": 4}"
2026-04-02T08:21:00Z,API-0517,notification-service,prod,,,/notify/v1/send,500,0.0021,93.8,"{""2xx"": 494, ""4xx"": 5, ""5xx"": 1}"
2026-04-02T08:21:00Z,API-0518,payment-network-gateway,prod,,,/routes/card,181,1.0,333.7,"{""2xx"": 0, ""4xx"": 0, ""5xx"": 181}"
2026-04-02T08:21:00Z,API-0519,payment-network-gateway,prod,,,/routes/upi,224,0.0042,301.2,"{""2xx"": 221, ""4xx"": 2, ""5xx"": 1}"
2026-04-02T08:21:00Z,API-0520,payment-network-gateway,prod,,,/routes/neft,62,0.0042,447.4,"{""2xx"": 61, ""4xx"": 1, ""5xx"": 0}"
2026-04-02T08:22:00Z,API-0521,mobile-app,prod,,,/app/v1/session,1226,0.0509,422.2,"{""2xx"": 1152, ""4xx"": 12, ""5xx"": 62}"
2026-04-02T08:22:00Z,API-0522,net-banking,prod,,,/web/v1/session,791,0.0044,383.0,"{""2xx"": 780, ""4xx"": 8, ""5xx"": 3}"
2026-04-02T08:22:00Z,API-0523,api-gateway,prod,,,/gw/v1/route,2518,0.0706,178.2,"{""2xx"": 2315, ""4xx"": 25, ""5xx"": 178}"
2026-04-02T08:22:00Z,API-0524,auth-service,prod,,,/auth/v1/login,928,0.002,115.7,"{""2xx"": 917, ""4xx"": 9, ""5xx"": 2}"
2026-04-02T08:22:00Z,API-0525,payments-service,prod,,,/payments/v1/payments,586,0.3072,259.5,"{""2xx"": 400, ""4xx"": 6, ""5xx"": 180}"
2026-04-02T08:22:00Z,API-0526,accounts-service,prod,,,/accounts/v1/balance,1093,0.0032,143.3,"{""2xx"": 1079, ""4xx"": 11, ""5xx"": 3}"
2026-04-02T08:22:00Z,API-0527,notification-service,prod,,,/notify/v1/send,510,0.0024,88.2,"{""2xx"": 504, ""4xx"": 5, ""5xx"": 1}"
2026-04-02T08:22:00Z,API-0528,payment-network-gateway,prod,,,/routes/card,186,1.0,355.0,"{""2xx"": 0, ""4xx"": 0, ""5xx"": 186}"
2026-04-02T08:22:00Z,API-0529,payment-network-gateway,prod,,,/routes/upi,227,0.0035,301.5,"{""2xx"": 224, ""4xx"": 2, ""5xx"": 1}"
2026-04-02T08:22:00Z,API-0530,payment-network-gateway,prod,,,/routes/neft,59,0.0042,449.0,"{""2xx"": 58, ""4xx"": 1, ""5xx"": 0}"
2026-04-02T08:23:00Z,API-0531,mobile-app,prod,,,/app/v1/session,1253,0.0517,438.4,"{""2xx"": 1175, ""4xx"": 13, ""5xx"": 65}"
2026-04-02T08:23:00Z,API-0532,net-banking,prod,,,/web/v1/session,829,0.0032,370.2,"{""2xx"": 818, ""4xx"": 8, ""5xx"": 3}"
2026-04-02T08:23:00Z,API-0533,api-gateway,prod,,,/gw/v1/route,2521,0.071,179.4,"{""2xx"": 2317, ""4xx"": 25, ""5xx"": 179}"
2026-04-02T08:23:00Z,API-0534,auth-service,prod,,,/auth/v1/login,898,0.0024,118.1,"{""2xx"": 887, ""4xx"": 9, ""5xx"": 2}"
2026-04-02T08:23:00Z,API-0535,payments-service,prod,,,/payments/v1/payments,608,0.3036,252.5,"{""2xx"": 417, ""4xx"": 6, ""5xx"": 185}"
2026-04-02T08:23:00Z,API-0536,accounts-service,prod,,,/accounts/v1/balance,1058,0.0024,144.5,"{""2xx"": 1044, ""4xx"": 11, ""5xx"": 3}"
2026-04-02T08:23:00Z,API-0537,notification-service,prod,,,/notify/v1/send,480,0.0022,87.0,"{""2xx"": 474, ""4xx"": 5, ""5xx"": 1}"
2026-04-02T08:23:00Z,API-0538,payment-network-gateway,prod,,,/routes/card,174,1.0,351.2,"{""2xx"": 0, ""4xx"": 0, ""5xx"": 174}"
2026-04-02T08:23:00Z,API-0539,payment-network-gateway,prod,,,/routes/upi,217,0.0044,293.9,"{""2xx"": 214, ""4xx"": 2, ""5xx"": 1}"
2026-04-02T08:23:00Z,API-0540,payment-network-gateway,prod,,,/routes/neft,61,0.0045,462.0,"{""2xx"": 60, ""4xx"": 1, ""5xx"": 0}"
2026-04-02T08:24:00Z,API-0541,mobile-app,prod,,,/app/v1/session,1189,0.0516,421.8,"{""2xx"": 1116, ""4xx"": 12, ""5xx"": 61}"
2026-04-02T08:24:00Z,API-0542,net-banking,prod,,,/web/v1/session,807,0.0031,396.6,"{""2xx"": 796, ""4xx"": 8, ""5xx"": 3}"
2026-04-02T08:24:00Z,API-0543,api-gateway,prod,,,/gw/v1/route,2703,0.0711,187.9,"{""2xx"": 2484, ""4xx"": 27, ""5xx"": 192}"
2026-04-02T08:24:00Z,API-0544,auth-service,prod,,,/auth/v1/login,930,0.0017,121.4,"{""2xx"": 919, ""4xx"": 9, ""5xx"": 2}"
2026-04-02T08:24:00Z,API-0545,payments-service,prod,,,/payments/v1/payments,586,0.3116,257.9,"{""2xx"": 397, ""4xx"": 6, ""5xx"": 183}"
2026-04-02T08:24:00Z,API-0546,accounts-service,prod,,,/accounts/v1/balance,1083,0.0033,146.8,"{""2xx"": 1068, ""4xx"": 11, ""5xx"": 4}"
2026-04-02T08:24:00Z,API-0547,notification-service,prod,,,/notify/v1/send,497,0.0019,88.5,"{""2xx"": 491, ""4xx"": 5, ""5xx"": 1}"
2026-04-02T08:24:00Z,API-0548,payment-network-gateway,prod,,,/routes/card,181,1.0,338.8,"{""2xx"": 0, ""4xx"": 0, ""5xx"": 181}"
2026-04-02T08:24:00Z,API-0549,payment-network-gateway,prod,,,/routes/upi,223,0.0039,290.3,"{""2xx"": 220, ""4xx"": 2, ""5xx"": 1}"
2026-04-02T08:24:00Z,API-0550,payment-network-gateway,prod,,,/routes/neft,59,0.0036,453.0,"{""2xx"": 58, ""4xx"": 1, ""5xx"": 0}"
2026-04-02T08:25:00Z,API-0551,mobile-app,prod,,,/app/v1/session,1172,0.0501,408.2,"{""2xx"": 1101, ""4xx"": 12, ""5xx"": 59}"
2026-04-02T08:25:00Z,API-0552,net-banking,prod,,,/web/v1/session,785,0.0046,366.0,"{""2xx"": 773, ""4xx"": 8, ""5xx"": 4}"
2026-04-02T08:25:00Z,API-0553,api-gateway,prod,,,/gw/v1/route,2594,0.0713,173.1,"{""2xx"": 2383, ""4xx"": 26, ""5xx"": 185}"
2026-04-02T08:25:00Z,API-0554,auth-service,prod,,,/auth/v1/login,863,0.0021,117.6,"{""2xx"": 852, ""4xx"": 9, ""5xx"": 2}"
2026-04-02T08:25:00Z,API-0555,payments-service,prod,,,/payments/v1/payments,594,0.3057,266.9,"{""2xx"": 406, ""4xx"": 6, ""5xx"": 182}"
2026-04-02T08:25:00Z,API-0556,accounts-service,prod,,,/accounts/v1/balance,1143,0.0026,145.5,"{""2xx"": 1129, ""4xx"": 11, ""5xx"": 3}"
2026-04-02T08:25:00Z,API-0557,notification-service,prod,,,/notify/v1/send,514,0.0023,92.7,"{""2xx"": 508, ""4xx"": 5, ""5xx"": 1}"
2026-04-02T08:25:00Z,API-0558,payment-network-gateway,prod,,,/routes/card,174,1.0,327.5,"{""2xx"": 0, ""4xx"": 0, ""5xx"": 174}"
2026-04-02T08:25:00Z,API-0559,payment-network-gateway,prod,,,/routes/upi,223,0.0046,301.9,"{""2xx"": 220, ""4xx"": 2, ""5xx"": 1}"
2026-04-02T08:25:00Z,API-0560,payment-network-gateway,prod,,,/routes/neft,59,0.0031,467.0,"{""2xx"": 58, ""4xx"": 1, ""5xx"": 0}"
2026-04-02T08:26:00Z,API-0561,mobile-app,prod,,,/app/v1/session,1154,0.0502,437.6,"{""2xx"": 1084, ""4xx"": 12, ""5xx"": 58}"
2026-04-02T08:26:00Z,API-0562,net-banking,prod,,,/web/v1/session,821,0.0047,370.4,"{""2xx"": 809, ""4xx"": 8, ""5xx"": 4}"
2026-04-02T08:26:00Z,API-0563,api-gateway,prod,,,/gw/v1/route,2626,0.0714,183.3,"{""2xx"": 2413, ""4xx"": 26, ""5xx"": 187}"
2026-04-02T08:26:00Z,API-0564,auth-service,prod,,,/auth/v1/login,875,0.0015,122.7,"{""2xx"": 865, ""4xx"": 9, ""5xx"": 1}"
2026-04-02T08:26:00Z,API-0565,payments-service,prod,,,/payments/v1/payments,586,0.3076,263.2,"{""2xx"": 400, ""4xx"": 6, ""5xx"": 180}"
2026-04-02T08:26:00Z,API-0566,accounts-service,prod,,,/accounts/v1/balance,1083,0.0031,151.0,"{""2xx"": 1069, ""4xx"": 11, ""5xx"": 3}"
2026-04-02T08:26:00Z,API-0567,notification-service,prod,,,/notify/v1/send,495,0.0021,92.8,"{""2xx"": 489, ""4xx"": 5, ""5xx"": 1}"
2026-04-02T08:26:00Z,API-0568,payment-network-gateway,prod,,,/routes/card,183,1.0,324.7,"{""2xx"": 0, ""4xx"": 0, ""5xx"": 183}"
2026-04-02T08:26:00Z,API-0569,payment-network-gateway,prod,,,/routes/upi,215,0.0046,303.0,"{""2xx"": 212, ""4xx"": 2, ""5xx"": 1}"
2026-04-02T08:26:00Z,API-0570,payment-network-gateway,prod,,,/routes/neft,60,0.0046,464.6,"{""2xx"": 59, ""4xx"": 1, ""5xx"": 0}"
2026-04-02T08:27:00Z,API-0571,mobile-app,prod,,,/app/v1/session,1178,0.0514,435.5,"{""2xx"": 1105, ""4xx"": 12, ""5xx"": 61}"
2026-04-02T08:27:00Z,API-0572,net-banking,prod,,,/web/v1/session,787,0.0033,388.6,"{""2xx"": 776, ""4xx"": 8, ""5xx"": 3}"
2026-04-02T08:27:00Z,API-0573,api-gateway,prod,,,/gw/v1/route,2604,0.0705,176.1,"{""2xx"": 2394, ""4xx"": 26, ""5xx"": 184}"
2026-04-02T08:27:00Z,API-0574,auth-service,prod,,,/auth/v1/login,856,0.0015,123.0,"{""2xx"": 846, ""4xx"": 9, ""5xx"": 1}"
2026-04-02T08:27:00Z,API-0575,payments-service,prod,,,/payments/v1/payments,614,0.3076,249.7,"{""2xx"": 419, ""4xx"": 6, ""5xx"": 189}"
2026-04-02T08:27:00Z,API-0576,accounts-service,prod,,,/accounts/v1/balance,1151,0.0035,143.5,"{""2xx"": 1135, ""4xx"": 12, ""5xx"": 4}"
2026-04-02T08:27:00Z,API-0577,notification-service,prod,,,/notify/v1/send,501,0.0024,90.1,"{""2xx"": 495, ""4xx"": 5, ""5xx"": 1}"
2026-04-02T08:27:00Z,API-0578,payment-network-gateway,prod,,,/routes/card,179,1.0,331.5,"{""2xx"": 0, ""4xx"": 0, ""5xx"": 179}"
2026-04-02T08:27:00Z,API-0579,payment-network-gateway,prod,,,/routes/upi,216,0.004,310.8,"{""2xx"": 213, ""4xx"": 2, ""5xx"": 1}"
2026-04-02T08:27:00Z,API-0580,payment-network-gateway,prod,,,/routes/neft,59,0.0035,437.9,"{""2xx"": 58, ""4xx"": 1, ""5xx"": 0}"
2026-04-02T08:28:00Z,API-0581,mobile-app,prod,,,/app/v1/session,1167,0.0512,423.1,"{""2xx"": 1095, ""4xx"": 12, ""5xx"": 60}"
2026-04-02T08:28:00Z,API-0582,net-banking,prod,,,/web/v1/session,786,0.0045,383.3,"{""2xx"": 774, ""4xx"": 8, ""5xx"": 4}"
2026-04-02T08:28:00Z,API-0583,api-gateway,prod,,,/gw/v1/route,2484,0.07,184.0,"{""2xx"": 2285, ""4xx"": 25, ""5xx"": 174}"
2026-04-02T08:28:00Z,API-0584,auth-service,prod,,,/auth/v1/login,889,0.0022,123.4,"{""2xx"": 878, ""4xx"": 9, ""5xx"": 2}"
2026-04-02T08:28:00Z,API-0585,payments-service,prod,,,/payments/v1/payments,607,0.3082,259.4,"{""2xx"": 414, ""4xx"": 6, ""5xx"": 187}"
2026-04-02T08:28:00Z,API-0586,accounts-service,prod,,,/accounts/v1/balance,1056,0.0028,154.8,"{""2xx"": 1042, ""4xx"": 11, ""5xx"": 3}"
2026-04-02T08:28:00Z,API-0587,notification-service,prod,,,/notify/v1/send,514,0.0023,86.9,"{""2xx"": 508, ""4xx"": 5, ""5xx"": 1}"
2026-04-02T08:28:00Z,API-0588,payment-network-gateway,prod,,,/routes/card,184,1.0,328.6,"{""2xx"": 0, ""4xx"": 0, ""5xx"": 184}"
2026-04-02T08:28:00Z,API-0589,payment-network-gateway,prod,,,/routes/upi,211,0.0045,298.5,"{""2xx"": 208, ""4xx"": 2, ""5xx"": 1}"
2026-04-02T08:28:00Z,API-0590,payment-network-gateway,prod,,,/routes/neft,62,0.0042,470.1,"{""2xx"": 61, ""4xx"": 1, ""5xx"": 0}"
2026-04-02T08:29:00Z,API-0591,mobile-app,prod,,,/app/v1/session,1245,0.0513,438.1,"{""2xx"": 1169, ""4xx"": 12, ""5xx"": 64}"
2026-04-02T08:29:00Z,API-0592,net-banking,prod,,,/web/v1/session,810,0.0046,387.8,"{""2xx"": 798, ""4xx"": 8, ""5xx"": 4}"
2026-04-02T08:29:00Z,API-0593,api-gateway,prod,,,/gw/v1/route,2606,0.072,182.9,"{""2xx"": 2392, ""4xx"": 26, ""5xx"": 188}"
2026-04-02T08:29:00Z,API-0594,auth-service,prod,,,/auth/v1/login,864,0.0016,118.9,"{""2xx"": 854, ""4xx"": 9, ""5xx"": 1}"
2026-04-02T08:29:00Z,API-0595,payments-service,prod,,,/payments/v1/payments,612,0.3039,264.4,"{""2xx"": 420, ""4xx"": 6, ""5xx"": 186}"
2026-04-02T08:29:00Z,API-0596,accounts-service,prod,,,/accounts/v1/balance,1134,0.0036,151.5,"{""2xx"": 1119, ""4xx"": 11, ""5xx"": 4}"
2026-04-02T08:29:00Z,API-0597,notification-service,prod,,,/notify/v1/send,486,0.0017,94.2,"{""2xx"": 480, ""4xx"": 5, ""5xx"": 1}"
2026-04-02T08:29:00Z,API-0598,payment-network-gateway,prod,,,/routes/card,183,1.0,355.9,"{""2xx"": 0, ""4xx"": 0, ""5xx"": 183}"
2026-04-02T08:29:00Z,API-0599,payment-network-gateway,prod,,,/routes/upi,221,0.0038,293.8,"{""2xx"": 218, ""4xx"": 2, ""5xx"": 1}"
2026-04-02T08:29:00Z,API-0600,payment-network-gateway,prod,,,/routes/neft,61,0.0039,452.7,"{""2xx"": 60, ""4xx"": 1, ""5xx"": 0}"
2026-04-02T08:30:00Z,API-0601,mobile-app,prod,,,/app/v1/session,1181,0.0512,407.1,"{""2xx"": 1109, ""4xx"": 12, ""5xx"": 60}"
2026-04-02T08:30:00Z,API-0602,net-banking,prod,,,/web/v1/session,814,0.005,369.4,"{""2xx"": 802, ""4xx"": 8, ""5xx"": 4}"
2026-04-02T08:30:00Z,API-0603,api-gateway,prod,,,/gw/v1/route,2561,0.0704,175.6,"{""2xx"": 2355, ""4xx"": 26, ""5xx"": 180}"
2026-04-02T08:30:00Z,API-0604,auth-service,prod,,,/auth/v1/login,921,0.0016,121.5,"{""2xx"": 911, ""4xx"": 9, ""5xx"": 1}"
2026-04-02T08:30:00Z,API-0605,payments-service,prod,,,/payments/v1/payments,621,0.308,250.3,"{""2xx"": 424, ""4xx"": 6, ""5xx"": 191}"
2026-04-02T08:30:00Z,API-0606,accounts-service,prod,,,/accounts/v1/balance,1050,0.0026,147.0,"{""2xx"": 1037, ""4xx"": 10, ""5xx"": 3}"
2026-04-02T08:30:00Z,API-0607,notification-service,prod,,,/notify/v1/send,476,0.002,93.1,"{""2xx"": 470, ""4xx"": 5, ""5xx"": 1}"
2026-04-02T08:30:00Z,API-0608,payment-network-gateway,prod,,,/routes/card,181,1.0,337.7,"{""2xx"": 0, ""4xx"": 0, ""5xx"": 181}"
2026-04-02T08:30:00Z,API-0609,payment-network-gateway,prod,,,/routes/upi,209,0.0045,312.4,"{""2xx"": 206, ""4xx"": 2, ""5xx"": 1}"
2026-04-02T08:30:00Z,API-0610,payment-network-gateway,prod,,,/routes/neft,62,0.0034,452.4,"{""2xx"": 61, ""4xx"": 1, ""5xx"": 0}"
2026-04-02T08:31:00Z,API-0611,mobile-app,prod,,,/app/v1/session,1183,0.0502,438.4,"{""2xx"": 1112, ""4xx"": 12, ""5xx"": 59}"
2026-04-02T08:31:00Z,API-0612,net-banking,prod,,,/web/v1/session,816,0.0047,390.9,"{""2xx"": 804, ""4xx"": 8, ""5xx"": 4}"
2026-04-02T08:31:00Z,API-0613,api-gateway,prod,,,/gw/v1/route,2492,0.0725,175.7,"{""2xx"": 2286, ""4xx"": 25, ""5xx"": 181}"
2026-04-02T08:31:00Z,API-0614,auth-service,prod,,,/auth/v1/login,856,0.0022,118.9,"{""2xx"": 845, ""4xx"": 9, ""5xx"": 2}"
2026-04-02T08:31:00Z,API-0615,payments-service,prod,,,/payments/v1/payments,615,0.3084,272.2,"{""2xx"": 419, ""4xx"": 6, ""5xx"": 190}"
2026-04-02T08:31:00Z,API-0616,accounts-service,prod,,,/accounts/v1/balance,1115,0.0027,153.9,"{""2xx"": 1101, ""4xx"": 11, ""5xx"": 3}"
2026-04-02T08:31:00Z,API-0617,notification-service,prod,,,/notify/v1/send,496,0.0018,88.3,"{""2xx"": 490, ""4xx"": 5, ""5xx"": 1}"
2026-04-02T08:31:00Z,API-0618,payment-network-gateway,prod,,,/routes/card,186,1.0,331.8,"{""2xx"": 0, ""4xx"": 0, ""5xx"": 186}"
2026-04-02T08:31:00Z,API-0619,payment-network-gateway,prod,,,/routes/upi,214,0.0047,287.9,"{""2xx"": 211, ""4xx"": 2, ""5xx"": 1}"
2026-04-02T08:31:00Z,API-0620,payment-network-gateway,prod,,,/routes/neft,58,0.0046,438.2,"{""2xx"": 57, ""4xx"": 1, ""5xx"": 0}"
2026-04-02T08:32:00Z,API-0621,mobile-app,prod,,,/app/v1/session,1248,0.0505,425.8,"{""2xx"": 1173, ""4xx"": 12, ""5xx"": 63}"
2026-04-02T08:32:00Z,API-0622,net-banking,prod,,,/web/v1/session,825,0.004,387.5,"{""2xx"": 814, ""4xx"": 8, ""5xx"": 3}"
2026-04-02T08:32:00Z,API-0623,api-gateway,prod,,,/gw/v1/route,2601,0.0719,182.4,"{""2xx"": 2388, ""4xx"": 26, ""5xx"": 187}"
2026-04-02T08:32:00Z,API-0624,auth-service,prod,,,/auth/v1/login,912,0.0022,121.8,"{""2xx"": 901, ""4xx"": 9, ""5xx"": 2}"
2026-04-02T08:32:00Z,API-0625,payments-service,prod,,,/payments/v1/payments,591,0.3051,271.4,"{""2xx"": 405, ""4xx"": 6, ""5xx"": 180}"
2026-04-02T08:32:00Z,API-0626,accounts-service,prod,,,/accounts/v1/balance,1152,0.0035,144.7,"{""2xx"": 1136, ""4xx"": 12, ""5xx"": 4}"
2026-04-02T08:32:00Z,API-0627,notification-service,prod,,,/notify/v1/send,519,0.0019,94.1,"{""2xx"": 513, ""4xx"": 5, ""5xx"": 1}"
2026-04-02T08:32:00Z,API-0628,payment-network-gateway,prod,,,/routes/card,182,1.0,338.1,"{""2xx"": 0, ""4xx"": 0, ""5xx"": 182}"
2026-04-02T08:32:00Z,API-0629,payment-network-gateway,prod,,,/routes/upi,218,0.004,287.3,"{""2xx"": 215, ""4xx"": 2, ""5xx"": 1}"
2026-04-02T08:32:00Z,API-0630,payment-network-gateway,prod,,,/routes/neft,59,0.0032,433.5,"{""2xx"": 58, ""4xx"": 1, ""5xx"": 0}"
2026-04-02T08:33:00Z,API-0631,mobile-app,prod,,,/app/v1/session,1247,0.0501,413.1,"{""2xx"": 1173, ""4xx"": 12, ""5xx"": 62}"
2026-04-02T08:33:00Z,API-0632,net-banking,prod,,,/web/v1/session,785,0.0036,376.7,"{""2xx"": 774, ""4xx"": 8, ""5xx"": 3}"
2026-04-02T08:33:00Z,API-0633,api-gateway,prod,,,/gw/v1/route,2651,0.0713,178.7,"{""2xx"": 2435, ""4xx"": 27, ""5xx"": 189}"
2026-04-02T08:33:00Z,API-0634,auth-service,prod,,,/auth/v1/login,872,0.0018,125.7,"{""2xx"": 861, ""4xx"": 9, ""5xx"": 2}"
2026-04-02T08:33:00Z,API-0635,payments-service,prod,,,/payments/v1/payments,630,0.3084,250.9,"{""2xx"": 430, ""4xx"": 6, ""5xx"": 194}"
2026-04-02T08:33:00Z,API-0636,accounts-service,prod,,,/accounts/v1/balance,1139,0.0035,146.5,"{""2xx"": 1124, ""4xx"": 11, ""5xx"": 4}"
2026-04-02T08:33:00Z,API-0637,notification-service,prod,,,/notify/v1/send,491,0.0024,86.1,"{""2xx"": 485, ""4xx"": 5, ""5xx"": 1}"
2026-04-02T08:33:00Z,API-0638,payment-network-gateway,prod,,,/routes/card,188,1.0,356.5,"{""2xx"": 0, ""4xx"": 0, ""5xx"": 188}"
2026-04-02T08:33:00Z,API-0639,payment-network-gateway,prod,,,/routes/upi,226,0.0033,291.4,"{""2xx"": 223, ""4xx"": 2, ""5xx"": 1}"
2026-04-02T08:33:00Z,API-0640,payment-network-gateway,prod,,,/routes/neft,61,0.0034,441.3,"{""2xx"": 60, ""4xx"": 1, ""5xx"": 0}"
2026-04-02T08:34:00Z,API-0641,mobile-app,prod,,,/app/v1/session,1258,0.05,414.3,"{""2xx"": 1182, ""4xx"": 13, ""5xx"": 63}"
2026-04-02T08:34:00Z,API-0642,net-banking,prod,,,/web/v1/session,799,0.0049,373.9,"{""2xx"": 787, ""4xx"": 8, ""5xx"": 4}"
2026-04-02T08:34:00Z,API-0643,api-gateway,prod,,,/gw/v1/route,2496,0.0703,172.5,"{""2xx"": 2296, ""4xx"": 25, ""5xx"": 175}"
2026-04-02T08:34:00Z,API-0644,auth-service,prod,,,/auth/v1/login,888,0.002,116.2,"{""2xx"": 877, ""4xx"": 9, ""5xx"": 2}"
2026-04-02T08:34:00Z,API-0645,payments-service,prod,,,/payments/v1/payments,601,0.3048,250.3,"{""2xx"": 412, ""4xx"": 6, ""5xx"": 183}"
2026-04-02T08:34:00Z,API-0646,accounts-service,prod,,,/accounts/v1/balance,1068,0.0032,156.2,"{""2xx"": 1054, ""4xx"": 11, ""5xx"": 3}"
2026-04-02T08:34:00Z,API-0647,notification-service,prod,,,/notify/v1/send,525,0.0018,87.7,"{""2xx"": 519, ""4xx"": 5, ""5xx"": 1}"
2026-04-02T08:34:00Z,API-0648,payment-network-gateway,prod,,,/routes/card,184,1.0,338.7,"{""2xx"": 0, ""4xx"": 0, ""5xx"": 184}"
2026-04-02T08:34:00Z,API-0649,payment-network-gateway,prod,,,/routes/upi,225,0.0036,295.2,"{""2xx"": 222, ""4xx"": 2, ""5xx"": 1}"
2026-04-02T08:34:00Z,API-0650,payment-network-gateway,prod,,,/routes/neft,59,0.0034,458.4,"{""2xx"": 58, ""4xx"": 1, ""5xx"": 0}"
2026-04-02T08:35:00Z,API-0651,mobile-app,prod,,,/app/v1/session,1165,0.05,429.8,"{""2xx"": 1095, ""4xx"": 12, ""5xx"": 58}"
2026-04-02T08:35:00Z,API-0652,net-banking,prod,,,/web/v1/session,809,0.0044,373.6,"{""2xx"": 797, ""4xx"": 8, ""5xx"": 4}"
2026-04-02T08:35:00Z,API-0653,api-gateway,prod,,,/gw/v1/route,2657,0.07,178.9,"{""2xx"": 2444, ""4xx"": 27, ""5xx"": 186}"
2026-04-02T08:35:00Z,API-0654,auth-service,prod,,,/auth/v1/login,942,0.0016,120.6,"{""2xx"": 931, ""4xx"": 9, ""5xx"": 2}"
2026-04-02T08:35:00Z,API-0655,payments-service,prod,,,/payments/v1/payments,607,0.3073,262.9,"{""2xx"": 414, ""4xx"": 6, ""5xx"": 187}"
2026-04-02T08:35:00Z,API-0656,accounts-service,prod,,,/accounts/v1/balance,1054,0.0023,146.7,"{""2xx"": 1041, ""4xx"": 11, ""5xx"": 2}"
2026-04-02T08:35:00Z,API-0657,notification-service,prod,,,/notify/v1/send,503,0.0021,88.1,"{""2xx"": 497, ""4xx"": 5, ""5xx"": 1}"
2026-04-02T08:35:00Z,API-0658,payment-network-gateway,prod,,,/routes/card,181,1.0,325.0,"{""2xx"": 0, ""4xx"": 0, ""5xx"": 181}"
2026-04-02T08:35:00Z,API-0659,payment-network-gateway,prod,,,/routes/upi,220,0.0046,295.5,"{""2xx"": 217, ""4xx"": 2, ""5xx"": 1}"
2026-04-02T08:35:00Z,API-0660,payment-network-gateway,prod,,,/routes/neft,61,0.0047,430.0,"{""2xx"": 60, ""4xx"": 1, ""5xx"": 0}"
2026-04-02T08:36:00Z,API-0661,mobile-app,prod,,,/app/v1/session,1259,0.0509,406.7,"{""2xx"": 1182, ""4xx"": 13, ""5xx"": 64}"
2026-04-02T08:36:00Z,API-0662,net-banking,prod,,,/web/v1/session,793,0.0045,384.4,"{""2xx"": 781, ""4xx"": 8, ""5xx"": 4}"
2026-04-02T08:36:00Z,API-0663,api-gateway,prod,,,/gw/v1/route,2563,0.0727,185.1,"{""2xx"": 2351, ""4xx"": 26, ""5xx"": 186}"
2026-04-02T08:36:00Z,API-0664,auth-service,prod,,,/auth/v1/login,932,0.0019,117.6,"{""2xx"": 921, ""4xx"": 9, ""5xx"": 2}"
2026-04-02T08:36:00Z,API-0665,payments-service,prod,,,/payments/v1/payments,603,0.302,249.5,"{""2xx"": 415, ""4xx"": 6, ""5xx"": 182}"
2026-04-02T08:36:00Z,API-0666,accounts-service,prod,,,/accounts/v1/balance,1139,0.0023,155.2,"{""2xx"": 1125, ""4xx"": 11, ""5xx"": 3}"
2026-04-02T08:36:00Z,API-0667,notification-service,prod,,,/notify/v1/send,485,0.0023,91.4,"{""2xx"": 479, ""4xx"": 5, ""5xx"": 1}"
2026-04-02T08:36:00Z,API-0668,payment-network-gateway,prod,,,/routes/card,174,1.0,341.5,"{""2xx"": 0, ""4xx"": 0, ""5xx"": 174}"
2026-04-02T08:36:00Z,API-0669,payment-network-gateway,prod,,,/routes/upi,210,0.0036,285.3,"{""2xx"": 207, ""4xx"": 2, ""5xx"": 1}"
2026-04-02T08:36:00Z,API-0670,payment-network-gateway,prod,,,/routes/neft,62,0.0038,450.8,"{""2xx"": 61, ""4xx"": 1, ""5xx"": 0}"
2026-04-02T08:37:00Z,API-0671,mobile-app,prod,,,/app/v1/session,1224,0.0513,418.4,"{""2xx"": 1149, ""4xx"": 12, ""5xx"": 63}"
2026-04-02T08:37:00Z,API-0672,net-banking,prod,,,/web/v1/session,763,0.0039,381.4,"{""2xx"": 752, ""4xx"": 8, ""5xx"": 3}"
2026-04-02T08:37:00Z,API-0673,api-gateway,prod,,,/gw/v1/route,2572,0.0714,179.3,"{""2xx"": 2362, ""4xx"": 26, ""5xx"": 184}"
2026-04-02T08:37:00Z,API-0674,auth-service,prod,,,/auth/v1/login,933,0.0022,114.7,"{""2xx"": 922, ""4xx"": 9, ""5xx"": 2}"
2026-04-02T08:37:00Z,API-0675,payments-service,prod,,,/payments/v1/payments,593,0.3008,259.5,"{""2xx"": 409, ""4xx"": 6, ""5xx"": 178}"
2026-04-02T08:37:00Z,API-0676,accounts-service,prod,,,/accounts/v1/balance,1061,0.0035,148.5,"{""2xx"": 1046, ""4xx"": 11, ""5xx"": 4}"
2026-04-02T08:37:00Z,API-0677,notification-service,prod,,,/notify/v1/send,480,0.0024,91.1,"{""2xx"": 474, ""4xx"": 5, ""5xx"": 1}"
2026-04-02T08:37:00Z,API-0678,payment-network-gateway,prod,,,/routes/card,187,1.0,354.5,"{""2xx"": 0, ""4xx"": 0, ""5xx"": 187}"
2026-04-02T08:37:00Z,API-0679,payment-network-gateway,prod,,,/routes/upi,221,0.0034,312.4,"{""2xx"": 218, ""4xx"": 2, ""5xx"": 1}"
2026-04-02T08:37:00Z,API-0680,payment-network-gateway,prod,,,/routes/neft,61,0.0035,427.7,"{""2xx"": 60, ""4xx"": 1, ""5xx"": 0}"
2026-04-02T08:38:00Z,API-0681,mobile-app,prod,,,/app/v1/session,1241,0.0517,404.1,"{""2xx"": 1165, ""4xx"": 12, ""5xx"": 64}"
2026-04-02T08:38:00Z,API-0682,net-banking,prod,,,/web/v1/session,800,0.0049,370.7,"{""2xx"": 788, ""4xx"": 8, ""5xx"": 4}"
2026-04-02T08:38:00Z,API-0683,api-gateway,prod,,,/gw/v1/route,2682,0.0716,179.2,"{""2xx"": 2463, ""4xx"": 27, ""5xx"": 192}"
2026-04-02T08:38:00Z,API-0684,auth-service,prod,,,/auth/v1/login,893,0.0022,115.6,"{""2xx"": 882, ""4xx"": 9, ""5xx"": 2}"
2026-04-02T08:38:00Z,API-0685,payments-service,prod,,,/payments/v1/payments,596,0.3,261.3,"{""2xx"": 411, ""4xx"": 6, ""5xx"": 179}"
2026-04-02T08:38:00Z,API-0686,accounts-service,prod,,,/accounts/v1/balance,1147,0.0024,153.1,"{""2xx"": 1133, ""4xx"": 11, ""5xx"": 3}"
2026-04-02T08:38:00Z,API-0687,notification-service,prod,,,/notify/v1/send,525,0.0016,88.2,"{""2xx"": 519, ""4xx"": 5, ""5xx"": 1}"
2026-04-02T08:38:00Z,API-0688,payment-network-gateway,prod,,,/routes/card,174,1.0,345.4,"{""2xx"": 0, ""4xx"": 0, ""5xx"": 174}"
2026-04-02T08:38:00Z,API-0689,payment-network-gateway,prod,,,/routes/upi,210,0.0041,286.0,"{""2xx"": 207, ""4xx"": 2, ""5xx"": 1}"
2026-04-02T08:38:00Z,API-0690,payment-network-gateway,prod,,,/routes/neft,58,0.0036,452.0,"{""2xx"": 57, ""4xx"": 1, ""5xx"": 0}"
2026-04-02T08:39:00Z,API-0691,mobile-app,prod,,,/app/v1/session,1198,0.0512,424.8,"{""2xx"": 1125, ""4xx"": 12, ""5xx"": 61}"
2026-04-02T08:39:00Z,API-0692,net-banking,prod,,,/web/v1/session,782,0.0038,383.6,"{""2xx"": 771, ""4xx"": 8, ""5xx"": 3}"
2026-04-02T08:39:00Z,API-0693,api-gateway,prod,,,/gw/v1/route,2598,0.0725,182.3,"{""2xx"": 2384, ""4xx"": 26, ""5xx"": 188}"
2026-04-02T08:39:00Z,API-0694,auth-service,prod,,,/auth/v1/login,894,0.0022,114.1,"{""2xx"": 883, ""4xx"": 9, ""5xx"": 2}"
2026-04-02T08:39:00Z,API-0695,payments-service,prod,,,/payments/v1/payments,597,0.311,264.9,"{""2xx"": 405, ""4xx"": 6, ""5xx"": 186}"
2026-04-02T08:39:00Z,API-0696,accounts-service,prod,,,/accounts/v1/balance,1074,0.0028,150.3,"{""2xx"": 1060, ""4xx"": 11, ""5xx"": 3}"
2026-04-02T08:39:00Z,API-0697,notification-service,prod,,,/notify/v1/send,479,0.0017,86.9,"{""2xx"": 473, ""4xx"": 5, ""5xx"": 1}"
2026-04-02T08:39:00Z,API-0698,payment-network-gateway,prod,,,/routes/card,178,1.0,337.9,"{""2xx"": 0, ""4xx"": 0, ""5xx"": 178}"
2026-04-02T08:39:00Z,API-0699,payment-network-gateway,prod,,,/routes/upi,211,0.0034,293.6,"{""2xx"": 208, ""4xx"": 2, ""5xx"": 1}"
2026-04-02T08:39:00Z,API-0700,payment-network-gateway,prod,,,/routes/neft,58,0.0035,470.0,"{""2xx"": 57, ""4xx"": 1, ""5xx"": 0}"
2026-04-02T08:40:00Z,API-0701,mobile-app,prod,,,/app/v1/session,1224,0.0513,405.9,"{""2xx"": 1149, ""4xx"": 12, ""5xx"": 63}"
2026-04-02T08:40:00Z,API-0702,net-banking,prod,,,/web/v1/session,788,0.0045,398.1,"{""2xx"": 776, ""4xx"": 8, ""5xx"": 4}"
2026-04-02T08:40:00Z,API-0703,api-gateway,prod,,,/gw/v1/route,2689,0.0717,186.6,"{""2xx"": 2469, ""4xx"": 27, ""5xx"": 193}"
2026-04-02T08:40:00Z,API-0704,auth-service,prod,,,/auth/v1/login,884,0.0016,122.9,"{""2xx"": 874, ""4xx"": 9, ""5xx"": 1}"
2026-04-02T08:40:00Z,API-0705,payments-service,prod,,,/payments/v1/payments,609,0.3041,252.6,"{""2xx"": 418, ""4xx"": 6, ""5xx"": 185}"
2026-04-02T08:40:00Z,API-0706,accounts-service,prod,,,/accounts/v1/balance,1055,0.0029,146.6,"{""2xx"": 1041, ""4xx"": 11, ""5xx"": 3}"
2026-04-02T08:40:00Z,API-0707,notification-service,prod,,,/notify/v1/send,508,0.0016,90.8,"{""2xx"": 502, ""4xx"": 5, ""5xx"": 1}"
2026-04-02T08:40:00Z,API-0708,payment-network-gateway,prod,,,/routes/card,182,1.0,336.6,"{""2xx"": 0, ""4xx"": 0, ""5xx"": 182}"
2026-04-02T08:40:00Z,API-0709,payment-network-gateway,prod,,,/routes/upi,225,0.0033,309.6,"{""2xx"": 222, ""4xx"": 2, ""5xx"": 1}"
2026-04-02T08:40:00Z,API-0710,payment-network-gateway,prod,,,/routes/neft,63,0.0042,469.4,"{""2xx"": 62, ""4xx"": 1, ""5xx"": 0}"
2026-04-02T08:41:00Z,API-0711,mobile-app,prod,,,/app/v1/session,1165,0.0508,436.6,"{""2xx"": 1094, ""4xx"": 12, ""5xx"": 59}"
2026-04-02T08:41:00Z,API-0712,net-banking,prod,,,/web/v1/session,839,0.0047,366.7,"{""2xx"": 827, ""4xx"": 8, ""5xx"": 4}"
2026-04-02T08:41:00Z,API-0713,api-gateway,prod,,,/gw/v1/route,2616,0.0703,177.3,"{""2xx"": 2406, ""4xx"": 26, ""5xx"": 184}"
2026-04-02T08:41:00Z,API-0714,auth-service,prod,,,/auth/v1/login,934,0.0021,115.5,"{""2xx"": 923, ""4xx"": 9, ""5xx"": 2}"
2026-04-02T08:41:00Z,API-0715,payments-service,prod,,,/payments/v1/payments,602,0.3001,265.7,"{""2xx"": 415, ""4xx"": 6, ""5xx"": 181}"
2026-04-02T08:41:00Z,API-0716,accounts-service,prod,,,/accounts/v1/balance,1125,0.0028,146.4,"{""2xx"": 1111, ""4xx"": 11, ""5xx"": 3}"
2026-04-02T08:41:00Z,API-0717,notification-service,prod,,,/notify/v1/send,490,0.0021,87.8,"{""2xx"": 484, ""4xx"": 5, ""5xx"": 1}"
2026-04-02T08:41:00Z,API-0718,payment-network-gateway,prod,,,/routes/card,183,1.0,329.0,"{""2xx"": 0, ""4xx"": 0, ""5xx"": 183}"
2026-04-02T08:41:00Z,API-0719,payment-network-gateway,prod,,,/routes/upi,229,0.0049,298.2,"{""2xx"": 226, ""4xx"": 2, ""5xx"": 1}"
2026-04-02T08:41:00Z,API-0720,payment-network-gateway,prod,,,/routes/neft,63,0.0043,447.7,"{""2xx"": 62, ""4xx"": 1, ""5xx"": 0}"
2026-04-02T08:42:00Z,API-0721,mobile-app,prod,,,/app/v1/session,1177,0.0506,407.3,"{""2xx"": 1105, ""4xx"": 12, ""5xx"": 60}"
2026-04-02T08:42:00Z,API-0722,net-banking,prod,,,/web/v1/session,783,0.0044,391.5,"{""2xx"": 772, ""4xx"": 8, ""5xx"": 3}"
2026-04-02T08:42:00Z,API-0723,api-gateway,prod,,,/gw/v1/route,2476,0.0707,173.9,"{""2xx"": 2276, ""4xx"": 25, ""5xx"": 175}"
2026-04-02T08:42:00Z,API-0724,auth-service,prod,,,/auth/v1/login,891,0.0015,119.5,"{""2xx"": 881, ""4xx"": 9, ""5xx"": 1}"
2026-04-02T08:42:00Z,API-0725,payments-service,prod,,,/payments/v1/payments,595,0.305,251.2,"{""2xx"": 408, ""4xx"": 6, ""5xx"": 181}"
2026-04-02T08:42:00Z,API-0726,accounts-service,prod,,,/accounts/v1/balance,1120,0.0036,156.9,"{""2xx"": 1105, ""4xx"": 11, ""5xx"": 4}"
2026-04-02T08:42:00Z,API-0727,notification-service,prod,,,/notify/v1/send,515,0.0023,89.4,"{""2xx"": 509, ""4xx"": 5, ""5xx"": 1}"
2026-04-02T08:42:00Z,API-0728,payment-network-gateway,prod,,,/routes/card,178,1.0,330.7,"{""2xx"": 0, ""4xx"": 0, ""5xx"": 178}"
2026-04-02T08:42:00Z,API-0729,payment-network-gateway,prod,,,/routes/upi,229,0.0035,308.1,"{""2xx"": 226, ""4xx"": 2, ""5xx"": 1}"
2026-04-02T08:42:00Z,API-0730,payment-network-gateway,prod,,,/routes/neft,58,0.0033,461.8,"{""2xx"": 57, ""4xx"": 1, ""5xx"": 0}"
2026-04-02T08:43:00Z,API-0731,mobile-app,prod,,,/app/v1/session,1208,0.0514,399.5,"{""2xx"": 1134, ""4xx"": 12, ""5xx"": 62}"
2026-04-02T08:43:00Z,API-0732,net-banking,prod,,,/web/v1/session,828,0.0033,382.8,"{""2xx"": 817, ""4xx"": 8, ""5xx"": 3}"
2026-04-02T08:43:00Z,API-0733,api-gateway,prod,,,/gw/v1/route,2655,0.0728,173.3,"{""2xx"": 2435, ""4xx"": 27, ""5xx"": 193}"
2026-04-02T08:43:00Z,API-0734,auth-service,prod,,,/auth/v1/login,885,0.0025,114.8,"{""2xx"": 874, ""4xx"": 9, ""5xx"": 2}"
2026-04-02T08:43:00Z,API-0735,payments-service,prod,,,/payments/v1/payments,613,0.3053,262.1,"{""2xx"": 420, ""4xx"": 6, ""5xx"": 187}"
2026-04-02T08:43:00Z,API-0736,accounts-service,prod,,,/accounts/v1/balance,1106,0.0027,142.7,"{""2xx"": 1092, ""4xx"": 11, ""5xx"": 3}"
2026-04-02T08:43:00Z,API-0737,notification-service,prod,,,/notify/v1/send,520,0.0015,92.1,"{""2xx"": 514, ""4xx"": 5, ""5xx"": 1}"
2026-04-02T08:43:00Z,API-0738,payment-network-gateway,prod,,,/routes/card,174,1.0,331.0,"{""2xx"": 0, ""4xx"": 0, ""5xx"": 174}"
2026-04-02T08:43:00Z,API-0739,payment-network-gateway,prod,,,/routes/upi,229,0.0048,294.5,"{""2xx"": 226, ""4xx"": 2, ""5xx"": 1}"
2026-04-02T08:43:00Z,API-0740,payment-network-gateway,prod,,,/routes/neft,59,0.0037,455.8,"{""2xx"": 58, ""4xx"": 1, ""5xx"": 0}"
2026-04-02T08:44:00Z,API-0741,mobile-app,prod,,,/app/v1/session,1192,0.0512,399.5,"{""2xx"": 1119, ""4xx"": 12, ""5xx"": 61}"
2026-04-02T08:44:00Z,API-0742,net-banking,prod,,,/web/v1/session,788,0.0048,388.0,"{""2xx"": 776, ""4xx"": 8, ""5xx"": 4}"
2026-04-02T08:44:00Z,API-0743,api-gateway,prod,,,/gw/v1/route,2689,0.0722,175.5,"{""2xx"": 2468, ""4xx"": 27, ""5xx"": 194}"
2026-04-02T08:44:00Z,API-0744,auth-service,prod,,,/auth/v1/login,888,0.0019,114.7,"{""2xx"": 877, ""4xx"": 9, ""5xx"": 2}"
2026-04-02T08:44:00Z,API-0745,payments-service,prod,,,/payments/v1/payments,608,0.3015,267.4,"{""2xx"": 419, ""4xx"": 6, ""5xx"": 183}"
2026-04-02T08:44:00Z,API-0746,accounts-service,prod,,,/accounts/v1/balance,1049,0.003,144.8,"{""2xx"": 1036, ""4xx"": 10, ""5xx"": 3}"
2026-04-02T08:44:00Z,API-0747,notification-service,prod,,,/notify/v1/send,487,0.0023,92.6,"{""2xx"": 481, ""4xx"": 5, ""5xx"": 1}"
2026-04-02T08:44:00Z,API-0748,payment-network-gateway,prod,,,/routes/card,186,1.0,353.8,"{""2xx"": 0, ""4xx"": 0, ""5xx"": 186}"
2026-04-02T08:44:00Z,API-0749,payment-network-gateway,prod,,,/routes/upi,209,0.0049,294.7,"{""2xx"": 206, ""4xx"": 2, ""5xx"": 1}"
2026-04-02T08:44:00Z,API-0750,payment-network-gateway,prod,,,/routes/neft,58,0.0034,455.1,"{""2xx"": 57, ""4xx"": 1, ""5xx"": 0}"
2026-04-02T08:45:00Z,API-0751,mobile-app,prod,,,/app/v1/session,1163,0.0504,427.9,"{""2xx"": 1092, ""4xx"": 12, ""5xx"": 59}"
2026-04-02T08:45:00Z,API-0752,net-banking,prod,,,/web/v1/session,812,0.0037,361.0,"{""2xx"": 801, ""4xx"": 8, ""5xx"": 3}"
2026-04-02T08:45:00Z,API-0753,api-gateway,prod,,,/gw/v1/route,2575,0.0711,174.7,"{""2xx"": 2366, ""4xx"": 26, ""5xx"": 183}"
2026-04-02T08:45:00Z,API-0754,auth-service,prod,,,/auth/v1/login,855,0.0016,115.8,"{""2xx"": 845, ""4xx"": 9, ""5xx"": 1}"
2026-04-02T08:45:00Z,API-0755,payments-service,prod,,,/payments/v1/payments,608,0.3119,264.1,"{""2xx"": 412, ""4xx"": 6, ""5xx"": 190}"
2026-04-02T08:45:00Z,API-0756,accounts-service,prod,,,/accounts/v1/balance,1078,0.0023,143.6,"{""2xx"": 1065, ""4xx"": 11, ""5xx"": 2}"
2026-04-02T08:45:00Z,API-0757,notification-service,prod,,,/notify/v1/send,517,0.0021,91.3,"{""2xx"": 511, ""4xx"": 5, ""5xx"": 1}"
2026-04-02T08:45:00Z,API-0758,payment-network-gateway,prod,,,/routes/card,179,1.0,352.0,"{""2xx"": 0, ""4xx"": 0, ""5xx"": 179}"
2026-04-02T08:45:00Z,API-0759,payment-network-gateway,prod,,,/routes/upi,216,0.0041,286.5,"{""2xx"": 213, ""4xx"": 2, ""5xx"": 1}"
2026-04-02T08:45:00Z,API-0760,payment-network-gateway,prod,,,/routes/neft,63,0.005,446.8,"{""2xx"": 62, ""4xx"": 1, ""5xx"": 0}"
2026-04-02T08:46:00Z,API-0761,mobile-app,prod,,,/app/v1/session,1230,0.0514,430.6,"{""2xx"": 1155, ""4xx"": 12, ""5xx"": 63}"
2026-04-02T08:46:00Z,API-0762,net-banking,prod,,,/web/v1/session,825,0.0041,386.8,"{""2xx"": 814, ""4xx"": 8, ""5xx"": 3}"
2026-04-02T08:46:00Z,API-0763,api-gateway,prod,,,/gw/v1/route,2599,0.0709,186.7,"{""2xx"": 2389, ""4xx"": 26, ""5xx"": 184}"
2026-04-02T08:46:00Z,API-0764,auth-service,prod,,,/auth/v1/login,876,0.0016,114.1,"{""2xx"": 866, ""4xx"": 9, ""5xx"": 1}"
2026-04-02T08:46:00Z,API-0765,payments-service,prod,,,/payments/v1/payments,616,0.3023,272.3,"{""2xx"": 424, ""4xx"": 6, ""5xx"": 186}"
2026-04-02T08:46:00Z,API-0766,accounts-service,prod,,,/accounts/v1/balance,1151,0.0029,146.4,"{""2xx"": 1136, ""4xx"": 12, ""5xx"": 3}"
2026-04-02T08:46:00Z,API-0767,notification-service,prod,,,/notify/v1/send,511,0.0017,88.4,"{""2xx"": 505, ""4xx"": 5, ""5xx"": 1}"
2026-04-02T08:46:00Z,API-0768,payment-network-gateway,prod,,,/routes/card,183,1.0,325.3,"{""2xx"": 0, ""4xx"": 0, ""5xx"": 183}"
2026-04-02T08:46:00Z,API-0769,payment-network-gateway,prod,,,/routes/upi,228,0.003,314.5,"{""2xx"": 225, ""4xx"": 2, ""5xx"": 1}"
2026-04-02T08:46:00Z,API-0770,payment-network-gateway,prod,,,/routes/neft,63,0.0034,459.6,"{""2xx"": 62, ""4xx"": 1, ""5xx"": 0}"
2026-04-02T08:47:00Z,API-0771,mobile-app,prod,,,/app/v1/session,1181,0.0506,408.2,"{""2xx"": 1109, ""4xx"": 12, ""5xx"": 60}"
2026-04-02T08:47:00Z,API-0772,net-banking,prod,,,/web/v1/session,785,0.0031,367.0,"{""2xx"": 775, ""4xx"": 8, ""5xx"": 2}"
2026-04-02T08:47:00Z,API-0773,api-gateway,prod,,,/gw/v1/route,2712,0.07,177.5,"{""2xx"": 2495, ""4xx"": 27, ""5xx"": 190}"
2026-04-02T08:47:00Z,API-0774,auth-service,prod,,,/auth/v1/login,938,0.0015,125.7,"{""2xx"": 928, ""4xx"": 9, ""5xx"": 1}"
2026-04-02T08:47:00Z,API-0775,payments-service,prod,,,/payments/v1/payments,613,0.3067,254.2,"{""2xx"": 419, ""4xx"": 6, ""5xx"": 188}"
2026-04-02T08:47:00Z,API-0776,accounts-service,prod,,,/accounts/v1/balance,1142,0.0023,143.1,"{""2xx"": 1128, ""4xx"": 11, ""5xx"": 3}"
2026-04-02T08:47:00Z,API-0777,notification-service,prod,,,/notify/v1/send,523,0.0017,94.2,"{""2xx"": 517, ""4xx"": 5, ""5xx"": 1}"
2026-04-02T08:47:00Z,API-0778,payment-network-gateway,prod,,,/routes/card,185,1.0,331.5,"{""2xx"": 0, ""4xx"": 0, ""5xx"": 185}"
2026-04-02T08:47:00Z,API-0779,payment-network-gateway,prod,,,/routes/upi,231,0.0048,296.3,"{""2xx"": 228, ""4xx"": 2, ""5xx"": 1}"
2026-04-02T08:47:00Z,API-0780,payment-network-gateway,prod,,,/routes/neft,60,0.0045,430.2,"{""2xx"": 59, ""4xx"": 1, ""5xx"": 0}"
2026-04-02T08:48:00Z,API-0781,mobile-app,prod,,,/app/v1/session,1183,0.0505,414.6,"{""2xx"": 1111, ""4xx"": 12, ""5xx"": 60}"
2026-04-02T08:48:00Z,API-0782,net-banking,prod,,,/web/v1/session,836,0.005,362.4,"{""2xx"": 824, ""4xx"": 8, ""5xx"": 4}"
2026-04-02T08:48:00Z,API-0783,api-gateway,prod,,,/gw/v1/route,2571,0.0715,187.2,"{""2xx"": 2361, ""4xx"": 26, ""5xx"": 184}"
2026-04-02T08:48:00Z,API-0784,auth-service,prod,,,/auth/v1/login,890,0.0024,123.0,"{""2xx"": 879, ""4xx"": 9, ""5xx"": 2}"
2026-04-02T08:48:00Z,API-0785,payments-service,prod,,,/payments/v1/payments,571,0.3099,270.1,"{""2xx"": 388, ""4xx"": 6, ""5xx"": 177}"
2026-04-02T08:48:00Z,API-0786,accounts-service,prod,,,/accounts/v1/balance,1117,0.0028,156.0,"{""2xx"": 1103, ""4xx"": 11, ""5xx"": 3}"
2026-04-02T08:48:00Z,API-0787,notification-service,prod,,,/notify/v1/send,515,0.0015,90.3,"{""2xx"": 509, ""4xx"": 5, ""5xx"": 1}"
2026-04-02T08:48:00Z,API-0788,payment-network-gateway,prod,,,/routes/card,181,1.0,325.5,"{""2xx"": 0, ""4xx"": 0, ""5xx"": 181}"
2026-04-02T08:48:00Z,API-0789,payment-network-gateway,prod,,,/routes/upi,225,0.0034,306.8,"{""2xx"": 222, ""4xx"": 2, ""5xx"": 1}"
2026-04-02T08:48:00Z,API-0790,payment-network-gateway,prod,,,/routes/neft,60,0.0048,465.1,"{""2xx"": 59, ""4xx"": 1, ""5xx"": 0}"
2026-04-02T08:49:00Z,API-0791,mobile-app,prod,,,/app/v1/session,1174,0.0509,399.8,"{""2xx"": 1102, ""4xx"": 12, ""5xx"": 60}"
2026-04-02T08:49:00Z,API-0792,net-banking,prod,,,/web/v1/session,786,0.0044,371.3,"{""2xx"": 775, ""4xx"": 8, ""5xx"": 3}"
2026-04-02T08:49:00Z,API-0793,api-gateway,prod,,,/gw/v1/route,2690,0.0705,180.3,"{""2xx"": 2473, ""4xx"": 27, ""5xx"": 190}"
2026-04-02T08:49:00Z,API-0794,auth-service,prod,,,/auth/v1/login,923,0.002,116.0,"{""2xx"": 912, ""4xx"": 9, ""5xx"": 2}"
2026-04-02T08:49:00Z,API-0795,payments-service,prod,,,/payments/v1/payments,602,0.3086,272.7,"{""2xx"": 410, ""4xx"": 6, ""5xx"": 186}"
2026-04-02T08:49:00Z,API-0796,accounts-service,prod,,,/accounts/v1/balance,1108,0.0027,151.6,"{""2xx"": 1094, ""4xx"": 11, ""5xx"": 3}"
2026-04-02T08:49:00Z,API-0797,notification-service,prod,,,/notify/v1/send,504,0.0024,93.7,"{""2xx"": 498, ""4xx"": 5, ""5xx"": 1}"
2026-04-02T08:49:00Z,API-0798,payment-network-gateway,prod,,,/routes/card,187,1.0,356.3,"{""2xx"": 0, ""4xx"": 0, ""5xx"": 187}"
2026-04-02T08:49:00Z,API-0799,payment-network-gateway,prod,,,/routes/upi,213,0.0042,292.5,"{""2xx"": 210, ""4xx"": 2, ""5xx"": 1}"
2026-04-02T08:49:00Z,API-0800,payment-network-gateway,prod,,,/routes/neft,59,0.0039,459.6,"{""2xx"": 58, ""4xx"": 1, ""5xx"": 0}"
2026-04-02T08:50:00Z,API-0801,mobile-app,prod,,,/app/v1/session,1198,0.0512,412.5,"{""2xx"": 1125, ""4xx"": 12, ""5xx"": 61}"
2026-04-02T08:50:00Z,API-0802,net-banking,prod,,,/web/v1/session,797,0.0049,394.7,"{""2xx"": 785, ""4xx"": 8, ""5xx"": 4}"
2026-04-02T08:50:00Z,API-0803,api-gateway,prod,,,/gw/v1/route,2522,0.0704,187.3,"{""2xx"": 2319, ""4xx"": 25, ""5xx"": 178}"
2026-04-02T08:50:00Z,API-0804,auth-service,prod,,,/auth/v1/login,897,0.0022,117.5,"{""2xx"": 886, ""4xx"": 9, ""5xx"": 2}"
2026-04-02T08:50:00Z,API-0805,payments-service,prod,,,/payments/v1/payments,573,0.3114,270.7,"{""2xx"": 389, ""4xx"": 6, ""5xx"": 178}"
2026-04-02T08:50:00Z,API-0806,accounts-service,prod,,,/accounts/v1/balance,1105,0.0027,146.3,"{""2xx"": 1091, ""4xx"": 11, ""5xx"": 3}"
2026-04-02T08:50:00Z,API-0807,notification-service,prod,,,/notify/v1/send,505,0.0023,85.6,"{""2xx"": 499, ""4xx"": 5, ""5xx"": 1}"
2026-04-02T08:50:00Z,API-0808,payment-network-gateway,prod,,,/routes/card,173,1.0,354.1,"{""2xx"": 0, ""4xx"": 0, ""5xx"": 173}"
2026-04-02T08:50:00Z,API-0809,payment-network-gateway,prod,,,/routes/upi,227,0.0032,312.4,"{""2xx"": 224, ""4xx"": 2, ""5xx"": 1}"
2026-04-02T08:50:00Z,API-0810,payment-network-gateway,prod,,,/routes/neft,59,0.0037,432.2,"{""2xx"": 58, ""4xx"": 1, ""5xx"": 0}"
2026-04-02T08:51:00Z,API-0811,mobile-app,prod,,,/app/v1/session,1172,0.0515,411.4,"{""2xx"": 1100, ""4xx"": 12, ""5xx"": 60}"
2026-04-02T08:51:00Z,API-0812,net-banking,prod,,,/web/v1/session,805,0.0044,376.6,"{""2xx"": 793, ""4xx"": 8, ""5xx"": 4}"
2026-04-02T08:51:00Z,API-0813,api-gateway,prod,,,/gw/v1/route,2526,0.0721,186.7,"{""2xx"": 2319, ""4xx"": 25, ""5xx"": 182}"
2026-04-02T08:51:00Z,API-0814,auth-service,prod,,,/auth/v1/login,912,0.0021,124.2,"{""2xx"": 901, ""4xx"": 9, ""5xx"": 2}"
2026-04-02T08:51:00Z,API-0815,payments-service,prod,,,/payments/v1/payments,599,0.3113,262.0,"{""2xx"": 407, ""4xx"": 6, ""5xx"": 186}"
2026-04-02T08:51:00Z,API-0816,accounts-service,prod,,,/accounts/v1/balance,1049,0.0023,153.4,"{""2xx"": 1037, ""4xx"": 10, ""5xx"": 2}"
2026-04-02T08:51:00Z,API-0817,notification-service,prod,,,/notify/v1/send,514,0.0019,86.0,"{""2xx"": 508, ""4xx"": 5, ""5xx"": 1}"
2026-04-02T08:51:00Z,API-0818,payment-network-gateway,prod,,,/routes/card,177,1.0,339.9,"{""2xx"": 0, ""4xx"": 0, ""5xx"": 177}"
2026-04-02T08:51:00Z,API-0819,payment-network-gateway,prod,,,/routes/upi,217,0.0049,309.5,"{""2xx"": 214, ""4xx"": 2, ""5xx"": 1}"
2026-04-02T08:51:00Z,API-0820,payment-network-gateway,prod,,,/routes/neft,63,0.0037,463.3,"{""2xx"": 62, ""4xx"": 1, ""5xx"": 0}"
2026-04-02T08:52:00Z,API-0821,mobile-app,prod,,,/app/v1/session,1164,0.0507,437.6,"{""2xx"": 1093, ""4xx"": 12, ""5xx"": 59}"
2026-04-02T08:52:00Z,API-0822,net-banking,prod,,,/web/v1/session,827,0.0032,397.5,"{""2xx"": 816, ""4xx"": 8, ""5xx"": 3}"
2026-04-02T08:52:00Z,API-0823,api-gateway,prod,,,/gw/v1/route,2606,0.0707,176.0,"{""2xx"": 2396, ""4xx"": 26, ""5xx"": 184}"
2026-04-02T08:52:00Z,API-0824,auth-service,prod,,,/auth/v1/login,938,0.0016,125.6,"{""2xx"": 927, ""4xx"": 9, ""5xx"": 2}"
2026-04-02T08:52:00Z,API-0825,payments-service,prod,,,/payments/v1/payments,581,0.3098,249.4,"{""2xx"": 395, ""4xx"": 6, ""5xx"": 180}"
2026-04-02T08:52:00Z,API-0826,accounts-service,prod,,,/accounts/v1/balance,1069,0.0027,149.0,"{""2xx"": 1055, ""4xx"": 11, ""5xx"": 3}"
2026-04-02T08:52:00Z,API-0827,notification-service,prod,,,/notify/v1/send,490,0.0015,92.3,"{""2xx"": 484, ""4xx"": 5, ""5xx"": 1}"
2026-04-02T08:52:00Z,API-0828,payment-network-gateway,prod,,,/routes/card,182,1.0,350.9,"{""2xx"": 0, ""4xx"": 0, ""5xx"": 182}"
2026-04-02T08:52:00Z,API-0829,payment-network-gateway,prod,,,/routes/upi,219,0.0046,295.0,"{""2xx"": 216, ""4xx"": 2, ""5xx"": 1}"
2026-04-02T08:52:00Z,API-0830,payment-network-gateway,prod,,,/routes/neft,57,0.0043,440.5,"{""2xx"": 56, ""4xx"": 1, ""5xx"": 0}"
2026-04-02T08:53:00Z,API-0831,mobile-app,prod,,,/app/v1/session,1236,0.0504,413.3,"{""2xx"": 1162, ""4xx"": 12, ""5xx"": 62}"
2026-04-02T08:53:00Z,API-0832,net-banking,prod,,,/web/v1/session,770,0.0037,369.6,"{""2xx"": 759, ""4xx"": 8, ""5xx"": 3}"
2026-04-02T08:53:00Z,API-0833,api-gateway,prod,,,/gw/v1/route,2675,0.0722,179.4,"{""2xx"": 2455, ""4xx"": 27, ""5xx"": 193}"
2026-04-02T08:53:00Z,API-0834,auth-service,prod,,,/auth/v1/login,856,0.0019,116.3,"{""2xx"": 845, ""4xx"": 9, ""5xx"": 2}"
2026-04-02T08:53:00Z,API-0835,payments-service,prod,,,/payments/v1/payments,592,0.3112,252.0,"{""2xx"": 402, ""4xx"": 6, ""5xx"": 184}"
2026-04-02T08:53:00Z,API-0836,accounts-service,prod,,,/accounts/v1/balance,1149,0.0031,152.9,"{""2xx"": 1134, ""4xx"": 11, ""5xx"": 4}"
2026-04-02T08:53:00Z,API-0837,notification-service,prod,,,/notify/v1/send,499,0.0024,87.7,"{""2xx"": 493, ""4xx"": 5, ""5xx"": 1}"
2026-04-02T08:53:00Z,API-0838,payment-network-gateway,prod,,,/routes/card,173,1.0,347.5,"{""2xx"": 0, ""4xx"": 0, ""5xx"": 173}"
2026-04-02T08:53:00Z,API-0839,payment-network-gateway,prod,,,/routes/upi,213,0.0045,308.2,"{""2xx"": 210, ""4xx"": 2, ""5xx"": 1}"
2026-04-02T08:53:00Z,API-0840,payment-network-gateway,prod,,,/routes/neft,59,0.0046,450.0,"{""2xx"": 58, ""4xx"": 1, ""5xx"": 0}"
2026-04-02T08:54:00Z,API-0841,mobile-app,prod,,,/app/v1/session,1153,0.052,439.3,"{""2xx"": 1081, ""4xx"": 12, ""5xx"": 60}"
2026-04-02T08:54:00Z,API-0842,net-banking,prod,,,/web/v1/session,811,0.0049,382.0,"{""2xx"": 799, ""4xx"": 8, ""5xx"": 4}"
2026-04-02T08:54:00Z,API-0843,api-gateway,prod,,,/gw/v1/route,2677,0.0706,187.6,"{""2xx"": 2461, ""4xx"": 27, ""5xx"": 189}"
2026-04-02T08:54:00Z,API-0844,auth-service,prod,,,/auth/v1/login,895,0.0021,124.1,"{""2xx"": 884, ""4xx"": 9, ""5xx"": 2}"
2026-04-02T08:54:00Z,API-0845,payments-service,prod,,,/payments/v1/payments,575,0.3086,256.9,"{""2xx"": 392, ""4xx"": 6, ""5xx"": 177}"
2026-04-02T08:54:00Z,API-0846,accounts-service,prod,,,/accounts/v1/balance,1124,0.0033,156.4,"{""2xx"": 1109, ""4xx"": 11, ""5xx"": 4}"
2026-04-02T08:54:00Z,API-0847,notification-service,prod,,,/notify/v1/send,489,0.0017,88.2,"{""2xx"": 483, ""4xx"": 5, ""5xx"": 1}"
2026-04-02T08:54:00Z,API-0848,payment-network-gateway,prod,,,/routes/card,180,1.0,331.2,"{""2xx"": 0, ""4xx"": 0, ""5xx"": 180}"
2026-04-02T08:54:00Z,API-0849,payment-network-gateway,prod,,,/routes/upi,226,0.0033,299.1,"{""2xx"": 223, ""4xx"": 2, ""5xx"": 1}"
2026-04-02T08:54:00Z,API-0850,payment-network-gateway,prod,,,/routes/neft,60,0.003,466.5,"{""2xx"": 59, ""4xx"": 1, ""5xx"": 0}"
2026-04-02T08:55:00Z,API-0851,mobile-app,prod,,,/app/v1/session,1251,0.0507,431.3,"{""2xx"": 1175, ""4xx"": 13, ""5xx"": 63}"
2026-04-02T08:55:00Z,API-0852,net-banking,prod,,,/web/v1/session,786,0.0031,389.5,"{""2xx"": 776, ""4xx"": 8, ""5xx"": 2}"
2026-04-02T08:55:00Z,API-0853,api-gateway,prod,,,/gw/v1/route,2522,0.0703,183.9,"{""2xx"": 2320, ""4xx"": 25, ""5xx"": 177}"
2026-04-02T08:55:00Z,API-0854,auth-service,prod,,,/auth/v1/login,877,0.0022,117.4,"{""2xx"": 866, ""4xx"": 9, ""5xx"": 2}"
2026-04-02T08:55:00Z,API-0855,payments-service,prod,,,/payments/v1/payments,593,0.3103,268.4,"{""2xx"": 403, ""4xx"": 6, ""5xx"": 184}"
2026-04-02T08:55:00Z,API-0856,accounts-service,prod,,,/accounts/v1/balance,1106,0.003,154.5,"{""2xx"": 1092, ""4xx"": 11, ""5xx"": 3}"
2026-04-02T08:55:00Z,API-0857,notification-service,prod,,,/notify/v1/send,488,0.002,93.8,"{""2xx"": 482, ""4xx"": 5, ""5xx"": 1}"
2026-04-02T08:55:00Z,API-0858,payment-network-gateway,prod,,,/routes/card,184,1.0,354.8,"{""2xx"": 0, ""4xx"": 0, ""5xx"": 184}"
2026-04-02T08:55:00Z,API-0859,payment-network-gateway,prod,,,/routes/upi,218,0.0049,310.8,"{""2xx"": 215, ""4xx"": 2, ""5xx"": 1}"
2026-04-02T08:55:00Z,API-0860,payment-network-gateway,prod,,,/routes/neft,62,0.0031,460.0,"{""2xx"": 61, ""4xx"": 1, ""5xx"": 0}"
2026-04-02T08:56:00Z,API-0861,mobile-app,prod,,,/app/v1/session,1207,0.0517,401.2,"{""2xx"": 1133, ""4xx"": 12, ""5xx"": 62}"
2026-04-02T08:56:00Z,API-0862,net-banking,prod,,,/web/v1/session,823,0.0036,379.9,"{""2xx"": 812, ""4xx"": 8, ""5xx"": 3}"
2026-04-02T08:56:00Z,API-0863,api-gateway,prod,,,/gw/v1/route,2477,0.0717,185.4,"{""2xx"": 2274, ""4xx"": 25, ""5xx"": 178}"
2026-04-02T08:56:00Z,API-0864,auth-service,prod,,,/auth/v1/login,926,0.0025,124.3,"{""2xx"": 915, ""4xx"": 9, ""5xx"": 2}"
2026-04-02T08:56:00Z,API-0865,payments-service,prod,,,/payments/v1/payments,593,0.3056,262.3,"{""2xx"": 406, ""4xx"": 6, ""5xx"": 181}"
2026-04-02T08:56:00Z,API-0866,accounts-service,prod,,,/accounts/v1/balance,1053,0.0027,152.6,"{""2xx"": 1039, ""4xx"": 11, ""5xx"": 3}"
2026-04-02T08:56:00Z,API-0867,notification-service,prod,,,/notify/v1/send,489,0.0016,87.4,"{""2xx"": 483, ""4xx"": 5, ""5xx"": 1}"
2026-04-02T08:56:00Z,API-0868,payment-network-gateway,prod,,,/routes/card,179,1.0,326.4,"{""2xx"": 0, ""4xx"": 0, ""5xx"": 179}"
2026-04-02T08:56:00Z,API-0869,payment-network-gateway,prod,,,/routes/upi,230,0.0032,297.9,"{""2xx"": 227, ""4xx"": 2, ""5xx"": 1}"
2026-04-02T08:56:00Z,API-0870,payment-network-gateway,prod,,,/routes/neft,58,0.0032,464.8,"{""2xx"": 57, ""4xx"": 1, ""5xx"": 0}"
2026-04-02T08:57:00Z,API-0871,mobile-app,prod,,,/app/v1/session,1222,0.0507,427.6,"{""2xx"": 1148, ""4xx"": 12, ""5xx"": 62}"
2026-04-02T08:57:00Z,API-0872,net-banking,prod,,,/web/v1/session,778,0.0041,384.4,"{""2xx"": 767, ""4xx"": 8, ""5xx"": 3}"
2026-04-02T08:57:00Z,API-0873,api-gateway,prod,,,/gw/v1/route,2627,0.0703,175.4,"{""2xx"": 2416, ""4xx"": 26, ""5xx"": 185}"
2026-04-02T08:57:00Z,API-0874,auth-service,prod,,,/auth/v1/login,885,0.0015,114.2,"{""2xx"": 875, ""4xx"": 9, ""5xx"": 1}"
2026-04-02T08:57:00Z,API-0875,payments-service,prod,,,/payments/v1/payments,595,0.3082,267.5,"{""2xx"": 406, ""4xx"": 6, ""5xx"": 183}"
2026-04-02T08:57:00Z,API-0876,accounts-service,prod,,,/accounts/v1/balance,1127,0.0037,155.8,"{""2xx"": 1112, ""4xx"": 11, ""5xx"": 4}"
2026-04-02T08:57:00Z,API-0877,notification-service,prod,,,/notify/v1/send,478,0.0022,90.6,"{""2xx"": 472, ""4xx"": 5, ""5xx"": 1}"
2026-04-02T08:57:00Z,API-0878,payment-network-gateway,prod,,,/routes/card,178,1.0,331.6,"{""2xx"": 0, ""4xx"": 0, ""5xx"": 178}"
2026-04-02T08:57:00Z,API-0879,payment-network-gateway,prod,,,/routes/upi,221,0.004,296.0,"{""2xx"": 218, ""4xx"": 2, ""5xx"": 1}"
2026-04-02T08:57:00Z,API-0880,payment-network-gateway,prod,,,/routes/neft,61,0.0042,458.9,"{""2xx"": 60, ""4xx"": 1, ""5xx"": 0}"
2026-04-02T08:58:00Z,API-0881,mobile-app,prod,,,/app/v1/session,1207,0.0503,399.7,"{""2xx"": 1134, ""4xx"": 12, ""5xx"": 61}"
2026-04-02T08:58:00Z,API-0882,net-banking,prod,,,/web/v1/session,762,0.0039,366.2,"{""2xx"": 751, ""4xx"": 8, ""5xx"": 3}"
2026-04-02T08:58:00Z,API-0883,api-gateway,prod,,,/gw/v1/route,2582,0.0715,182.2,"{""2xx"": 2371, ""4xx"": 26, ""5xx"": 185}"
2026-04-02T08:58:00Z,API-0884,auth-service,prod,,,/auth/v1/login,874,0.002,116.7,"{""2xx"": 863, ""4xx"": 9, ""5xx"": 2}"
2026-04-02T08:58:00Z,API-0885,payments-service,prod,,,/payments/v1/payments,577,0.3055,251.2,"{""2xx"": 395, ""4xx"": 6, ""5xx"": 176}"
2026-04-02T08:58:00Z,API-0886,accounts-service,prod,,,/accounts/v1/balance,1084,0.0036,155.6,"{""2xx"": 1069, ""4xx"": 11, ""5xx"": 4}"
2026-04-02T08:58:00Z,API-0887,notification-service,prod,,,/notify/v1/send,491,0.0018,93.8,"{""2xx"": 485, ""4xx"": 5, ""5xx"": 1}"
2026-04-02T08:58:00Z,API-0888,payment-network-gateway,prod,,,/routes/card,182,1.0,337.3,"{""2xx"": 0, ""4xx"": 0, ""5xx"": 182}"
2026-04-02T08:58:00Z,API-0889,payment-network-gateway,prod,,,/routes/upi,224,0.0042,291.4,"{""2xx"": 221, ""4xx"": 2, ""5xx"": 1}"
2026-04-02T08:58:00Z,API-0890,payment-network-gateway,prod,,,/routes/neft,60,0.004,471.8,"{""2xx"": 59, ""4xx"": 1, ""5xx"": 0}"
2026-04-02T08:59:00Z,API-0891,mobile-app,prod,,,/app/v1/session,1220,0.0511,412.6,"{""2xx"": 1146, ""4xx"": 12, ""5xx"": 62}"
2026-04-02T08:59:00Z,API-0892,net-banking,prod,,,/web/v1/session,837,0.0035,367.8,"{""2xx"": 826, ""4xx"": 8, ""5xx"": 3}"
2026-04-02T08:59:00Z,API-0893,api-gateway,prod,,,/gw/v1/route,2510,0.0723,175.8,"{""2xx"": 2304, ""4xx"": 25, ""5xx"": 181}"
2026-04-02T08:59:00Z,API-0894,auth-service,prod,,,/auth/v1/login,944,0.0023,123.7,"{""2xx"": 933, ""4xx"": 9, ""5xx"": 2}"
2026-04-02T08:59:00Z,API-0895,payments-service,prod,,,/payments/v1/payments,592,0.3036,261.9,"{""2xx"": 406, ""4xx"": 6, ""5xx"": 180}"
2026-04-02T08:59:00Z,API-0896,accounts-service,prod,,,/accounts/v1/balance,1083,0.0031,147.6,"{""2xx"": 1069, ""4xx"": 11, ""5xx"": 3}"
2026-04-02T08:59:00Z,API-0897,notification-service,prod,,,/notify/v1/send,478,0.0024,94.0,"{""2xx"": 472, ""4xx"": 5, ""5xx"": 1}"
2026-04-02T08:59:00Z,API-0898,payment-network-gateway,prod,,,/routes/card,180,1.0,333.4,"{""2xx"": 0, ""4xx"": 0, ""5xx"": 180}"
2026-04-02T08:59:00Z,API-0899,payment-network-gateway,prod,,,/routes/upi,221,0.0032,296.1,"{""2xx"": 218, ""4xx"": 2, ""5xx"": 1}"
2026-04-02T08:59:00Z,API-0900,payment-network-gateway,prod,,,/routes/neft,61,0.0044,434.1,"{""2xx"": 60, ""4xx"": 1, ""5xx"": 0}"
