timestamp,record_id,service,environment,trace_id,transaction_id,endpoint,request_count,error_rate,p95_latency_ms,status_code_breakdown
2026-03-21T12:30:00Z,API-0001,mobile-app,prod,,,/app/v1/session,1142,0.0037,402.2,"{""2xx"": 1127, ""4xx"": 11, ""5xx"": 4}"
2026-03-21T12:30:00Z,API-0002,net-banking,prod,,,/web/v1/session,790,0.0033,371.3,"{""2xx"": 779, ""4xx"": 8, ""5xx"": 3}"
2026-03-21T12:30:00Z,API-0003,api-gateway,prod,,,/gw/v1/route,2688,0.0032,183.8,"{""2xx"": 2652, ""4xx"": 27, ""5xx"": 9}"
2026-03-21T12:30:00Z,API-0004,auth-service,prod,,,/auth/v1/login,883,0.0016,115.4,"{""2xx"": 873, ""4xx"": 9, ""5xx"": 1}"
2026-03-21T12:30:00Z,API-0005,payments-service,prod,,,/payments/v1/payments,590,0.0055,261.9,"{""2xx"": 581, ""4xx"": 6, ""5xx"": 3}"
2026-03-21T12:30:00Z,API-0006,accounts-service,prod,,,/accounts/v1/balance,1069,0.0034,147.5,"{""2xx"": 1054, ""4xx"": 11, ""5xx"": 4}"
2026-03-21T12:30:00Z,API-0007,notification-service,prod,,,/notify/v1/send,519,0.0023,91.0,"{""2xx"": 513, ""4xx"": 5, ""5xx"": 1}"
2026-03-21T12:30:00Z,API-0008,payment-network-gateway,prod,,,/routes/card,174,0.005,338.6,"{""2xx"": 171, ""4xx"": 2, ""5xx"": 1}"
2026-03-21T12:30:00Z,API-0009,payment-network-gateway,prod,,,/routes/upi,227,0.0036,309.1,"{""2xx"": 224, ""4xx"": 2, ""5xx"": 1}"
2026-03-21T12:30:00Z,API-0010,payment-network-gateway,prod,,,/routes/neft,62,0.0039,472.1,"{""2xx"": 61, ""4xx"": 1, ""5xx"": 0}"
2026-03-21T12:31:00Z,API-0011,mobile-app,prod,,,/app/v1/session,1256,0.003,416.6,"{""2xx"": 1239, ""4xx"": 13, ""5xx"": 4}"
2026-03-21T12:31:00Z,API-0012,net-banking,prod,,,/web/v1/session,819,0.0042,397.3,"{""2xx"": 808, ""4xx"": 8, ""5xx"": 3}"
2026-03-21T12:31:00Z,API-0013,api-gateway,prod,,,/gw/v1/route,2507,0.0034,172.5,"{""2xx"": 2473, ""4xx"": 25, ""5xx"": 9}"
2026-03-21T12:31:00Z,API-0014,auth-service,prod,,,/auth/v1/login,907,0.0018,124.4,"{""2xx"": 896, ""4xx"": 9, ""5xx"": 2}"
2026-03-21T12:31:00Z,API-0015,payments-service,prod,,,/payments/v1/payments,605,0.0056,262.2,"{""2xx"": 596, ""4xx"": 6, ""5xx"": 3}"
2026-03-21T12:31:00Z,API-0016,accounts-service,prod,,,/accounts/v1/balance,1051,0.0036,154.0,"{""2xx"": 1036, ""4xx"": 11, ""5xx"": 4}"
2026-03-21T12:31:00Z,API-0017,notification-service,prod,,,/notify/v1/send,513,0.0018,94.0,"{""2xx"": 507, ""4xx"": 5, ""5xx"": 1}"
2026-03-21T12:31:00Z,API-0018,payment-network-gateway,prod,,,/routes/card,171,0.0031,346.0,"{""2xx"": 168, ""4xx"": 2, ""5xx"": 1}"
2026-03-21T12:31:00Z,API-0019,payment-network-gateway,prod,,,/routes/upi,219,0.0043,305.5,"{""2xx"": 216, ""4xx"": 2, ""5xx"": 1}"
2026-03-21T12:31:00Z,API-0020,payment-network-gateway,prod,,,/routes/neft,57,0.0043,451.5,"{""2xx"": 56, ""4xx"": 1, ""5xx"": 0}"
2026-03-21T12:32:00Z,API-0021,mobile-app,prod,,,/app/v1/session,1232,0.0048,410.3,"{""2xx"": 1214, ""4xx"": 12, ""5xx"": 6}"
2026-03-21T12:32:00Z,API-0022,net-banking,prod,,,/web/v1/session,823,0.0041,368.6,"{""2xx"": 812, ""4xx"": 8, ""5xx"": 3}"
2026-03-21T12:32:00Z,API-0023,api-gateway,prod,,,/gw/v1/route,2494,0.0031,171.9,"{""2xx"": 2461, ""4xx"": 25, ""5xx"": 8}"
2026-03-21T12:32:00Z,API-0024,auth-service,prod,,,/auth/v1/login,875,0.0019,122.6,"{""2xx"": 864, ""4xx"": 9, ""5xx"": 2}"
2026-03-21T12:32:00Z,API-0025,payments-service,prod,,,/payments/v1/payments,608,0.005,254.9,"{""2xx"": 599, ""4xx"": 6, ""5xx"": 3}"
2026-03-21T12:32:00Z,API-0026,accounts-service,prod,,,/accounts/v1/balance,1149,0.0024,150.8,"{""2xx"": 1135, ""4xx"": 11, ""5xx"": 3}"
2026-03-21T12:32:00Z,API-0027,notification-service,prod,,,/notify/v1/send,505,0.002,88.6,"{""2xx"": 499, ""4xx"": 5, ""5xx"": 1}"
2026-03-21T12:32:00Z,API-0028,payment-network-gateway,prod,,,/routes/card,186,0.0043,350.2,"{""2xx"": 183, ""4xx"": 2, ""5xx"": 1}"
2026-03-21T12:32:00Z,API-0029,payment-network-gateway,prod,,,/routes/upi,217,0.0037,301.1,"{""2xx"": 214, ""4xx"": 2, ""5xx"": 1}"
2026-03-21T12:32:00Z,API-0030,payment-network-gateway,prod,,,/routes/neft,63,0.0044,432.5,"{""2xx"": 62, ""4xx"": 1, ""5xx"": 0}"
2026-03-21T12:33:00Z,API-0031,mobile-app,prod,,,/app/v1/session,1180,0.0045,402.9,"{""2xx"": 1163, ""4xx"": 12, ""5xx"": 5}"
2026-03-21T12:33:00Z,API-0032,net-banking,prod,,,/web/v1/session,823,0.0031,362.4,"{""2xx"": 812, ""4xx"": 8, ""5xx"": 3}"
2026-03-21T12:33:00Z,API-0033,api-gateway,prod,,,/gw/v1/route,2490,0.003,188.0,"{""2xx"": 2458, ""4xx"": 25, ""5xx"": 7}"
2026-03-21T12:33:00Z,API-0034,auth-service,prod,,,/auth/v1/login,941,0.0023,121.6,"{""2xx"": 930, ""4xx"": 9, ""5xx"": 2}"
2026-03-21T12:33:00Z,API-0035,payments-service,prod,,,/payments/v1/payments,571,0.0046,259.6,"{""2xx"": 562, ""4xx"": 6, ""5xx"": 3}"
2026-03-21T12:33:00Z,API-0036,accounts-service,prod,,,/accounts/v1/balance,1096,0.0023,150.5,"{""2xx"": 1082, ""4xx"": 11, ""5xx"": 3}"
2026-03-21T12:33:00Z,API-0037,notification-service,prod,,,/notify/v1/send,501,0.0024,85.8,"{""2xx"": 495, ""4xx"": 5, ""5xx"": 1}"
2026-03-21T12:33:00Z,API-0038,payment-network-gateway,prod,,,/routes/card,182,0.0042,335.7,"{""2xx"": 179, ""4xx"": 2, ""5xx"": 1}"
2026-03-21T12:33:00Z,API-0039,payment-network-gateway,prod,,,/routes/upi,230,0.0032,314.1,"{""2xx"": 227, ""4xx"": 2, ""5xx"": 1}"
2026-03-21T12:33:00Z,API-0040,payment-network-gateway,prod,,,/routes/neft,60,0.0033,448.0,"{""2xx"": 59, ""4xx"": 1, ""5xx"": 0}"
2026-03-21T12:34:00Z,API-0041,mobile-app,prod,,,/app/v1/session,1156,0.0031,424.4,"{""2xx"": 1140, ""4xx"": 12, ""5xx"": 4}"
2026-03-21T12:34:00Z,API-0042,net-banking,prod,,,/web/v1/session,762,0.0045,376.3,"{""2xx"": 751, ""4xx"": 8, ""5xx"": 3}"
2026-03-21T12:34:00Z,API-0043,api-gateway,prod,,,/gw/v1/route,2499,0.0029,185.0,"{""2xx"": 2467, ""4xx"": 25, ""5xx"": 7}"
2026-03-21T12:34:00Z,API-0044,auth-service,prod,,,/auth/v1/login,858,0.0021,114.6,"{""2xx"": 847, ""4xx"": 9, ""5xx"": 2}"
2026-03-21T12:34:00Z,API-0045,payments-service,prod,,,/payments/v1/payments,616,0.0042,258.2,"{""2xx"": 607, ""4xx"": 6, ""5xx"": 3}"
2026-03-21T12:34:00Z,API-0046,accounts-service,prod,,,/accounts/v1/balance,1061,0.0033,146.4,"{""2xx"": 1046, ""4xx"": 11, ""5xx"": 4}"
2026-03-21T12:34:00Z,API-0047,notification-service,prod,,,/notify/v1/send,492,0.0019,87.7,"{""2xx"": 486, ""4xx"": 5, ""5xx"": 1}"
2026-03-21T12:34:00Z,API-0048,payment-network-gateway,prod,,,/routes/card,185,0.0038,342.7,"{""2xx"": 182, ""4xx"": 2, ""5xx"": 1}"
2026-03-21T12:34:00Z,API-0049,payment-network-gateway,prod,,,/routes/upi,212,0.0037,304.0,"{""2xx"": 209, ""4xx"": 2, ""5xx"": 1}"
2026-03-21T12:34:00Z,API-0050,payment-network-gateway,prod,,,/routes/neft,58,0.0038,458.7,"{""2xx"": 57, ""4xx"": 1, ""5xx"": 0}"
2026-03-21T12:35:00Z,API-0051,mobile-app,prod,,,/app/v1/session,1226,0.0039,435.0,"{""2xx"": 1209, ""4xx"": 12, ""5xx"": 5}"
2026-03-21T12:35:00Z,API-0052,net-banking,prod,,,/web/v1/session,838,0.003,384.4,"{""2xx"": 827, ""4xx"": 8, ""5xx"": 3}"
2026-03-21T12:35:00Z,API-0053,api-gateway,prod,,,/gw/v1/route,2476,0.0037,181.2,"{""2xx"": 2442, ""4xx"": 25, ""5xx"": 9}"
2026-03-21T12:35:00Z,API-0054,auth-service,prod,,,/auth/v1/login,876,0.0018,120.6,"{""2xx"": 865, ""4xx"": 9, ""5xx"": 2}"
2026-03-21T12:35:00Z,API-0055,payments-service,prod,,,/payments/v1/payments,575,0.004,268.7,"{""2xx"": 567, ""4xx"": 6, ""5xx"": 2}"
2026-03-21T12:35:00Z,API-0056,accounts-service,prod,,,/accounts/v1/balance,1121,0.0029,147.0,"{""2xx"": 1107, ""4xx"": 11, ""5xx"": 3}"
2026-03-21T12:35:00Z,API-0057,notification-service,prod,,,/notify/v1/send,501,0.0017,85.7,"{""2xx"": 495, ""4xx"": 5, ""5xx"": 1}"
2026-03-21T12:35:00Z,API-0058,payment-network-gateway,prod,,,/routes/card,185,0.0038,349.2,"{""2xx"": 182, ""4xx"": 2, ""5xx"": 1}"
2026-03-21T12:35:00Z,API-0059,payment-network-gateway,prod,,,/routes/upi,218,0.0038,305.5,"{""2xx"": 215, ""4xx"": 2, ""5xx"": 1}"
2026-03-21T12:35:00Z,API-0060,payment-network-gateway,prod,,,/routes/neft,57,0.0047,452.8,"{""2xx"": 56, ""4xx"": 1, ""5xx"": 0}"
2026-03-21T12:36:00Z,API-0061,mobile-app,prod,,,/app/v1/session,1176,0.0032,399.4,"{""2xx"": 1160, ""4xx"": 12, ""5xx"": 4}"
2026-03-21T12:36:00Z,API-0062,net-banking,prod,,,/web/v1/session,776,0.0034,366.2,"{""2xx"": 765, ""4xx"": 8, ""5xx"": 3}"
2026-03-21T12:36:00Z,API-0063,api-gateway,prod,,,/gw/v1/route,2478,0.0027,176.4,"{""2xx"": 2446, ""4xx"": 25, ""5xx"": 7}"
2026-03-21T12:36:00Z,API-0064,auth-service,prod,,,/auth/v1/login,855,0.0021,116.1,"{""2xx"": 844, ""4xx"": 9, ""5xx"": 2}"
2026-03-21T12:36:00Z,API-0065,payments-service,prod,,,/payments/v1/payments,585,0.0062,267.8,"{""2xx"": 575, ""4xx"": 6, ""5xx"": 4}"
2026-03-21T12:36:00Z,API-0066,accounts-service,prod,,,/accounts/v1/balance,1150,0.0036,148.8,"{""2xx"": 1134, ""4xx"": 12, ""5xx"": 4}"
2026-03-21T12:36:00Z,API-0067,notification-service,prod,,,/notify/v1/send,496,0.0017,86.2,"{""2xx"": 490, ""4xx"": 5, ""5xx"": 1}"
2026-03-21T12:36:00Z,API-0068,payment-network-gateway,prod,,,/routes/card,172,0.0038,347.7,"{""2xx"": 169, ""4xx"": 2, ""5xx"": 1}"
2026-03-21T12:36:00Z,API-0069,payment-network-gateway,prod,,,/routes/upi,225,0.0047,293.0,"{""2xx"": 222, ""4xx"": 2, ""5xx"": 1}"
2026-03-21T12:36:00Z,API-0070,payment-network-gateway,prod,,,/routes/neft,61,0.0044,465.1,"{""2xx"": 60, ""4xx"": 1, ""5xx"": 0}"
2026-03-21T12:37:00Z,API-0071,mobile-app,prod,,,/app/v1/session,1217,0.0048,405.2,"{""2xx"": 1199, ""4xx"": 12, ""5xx"": 6}"
2026-03-21T12:37:00Z,API-0072,net-banking,prod,,,/web/v1/session,795,0.0042,366.3,"{""2xx"": 784, ""4xx"": 8, ""5xx"": 3}"
2026-03-21T12:37:00Z,API-0073,api-gateway,prod,,,/gw/v1/route,2498,0.0029,180.0,"{""2xx"": 2466, ""4xx"": 25, ""5xx"": 7}"
2026-03-21T12:37:00Z,API-0074,auth-service,prod,,,/auth/v1/login,865,0.0022,120.7,"{""2xx"": 854, ""4xx"": 9, ""5xx"": 2}"
2026-03-21T12:37:00Z,API-0075,payments-service,prod,,,/payments/v1/payments,610,0.0038,250.2,"{""2xx"": 602, ""4xx"": 6, ""5xx"": 2}"
2026-03-21T12:37:00Z,API-0076,accounts-service,prod,,,/accounts/v1/balance,1081,0.0023,146.9,"{""2xx"": 1068, ""4xx"": 11, ""5xx"": 2}"
2026-03-21T12:37:00Z,API-0077,notification-service,prod,,,/notify/v1/send,517,0.0018,89.2,"{""2xx"": 511, ""4xx"": 5, ""5xx"": 1}"
2026-03-21T12:37:00Z,API-0078,payment-network-gateway,prod,,,/routes/card,186,0.0031,345.0,"{""2xx"": 183, ""4xx"": 2, ""5xx"": 1}"
2026-03-21T12:37:00Z,API-0079,payment-network-gateway,prod,,,/routes/upi,225,0.0033,291.0,"{""2xx"": 222, ""4xx"": 2, ""5xx"": 1}"
2026-03-21T12:37:00Z,API-0080,payment-network-gateway,prod,,,/routes/neft,57,0.004,442.9,"{""2xx"": 56, ""4xx"": 1, ""5xx"": 0}"
2026-03-21T12:38:00Z,API-0081,mobile-app,prod,,,/app/v1/session,1243,0.0031,430.6,"{""2xx"": 1227, ""4xx"": 12, ""5xx"": 4}"
2026-03-21T12:38:00Z,API-0082,net-banking,prod,,,/web/v1/session,831,0.0031,382.9,"{""2xx"": 820, ""4xx"": 8, ""5xx"": 3}"
2026-03-21T12:38:00Z,API-0083,api-gateway,prod,,,/gw/v1/route,2723,0.0029,177.5,"{""2xx"": 2688, ""4xx"": 27, ""5xx"": 8}"
2026-03-21T12:38:00Z,API-0084,auth-service,prod,,,/auth/v1/login,934,0.0024,115.6,"{""2xx"": 923, ""4xx"": 9, ""5xx"": 2}"
2026-03-21T12:38:00Z,API-0085,payments-service,prod,,,/payments/v1/payments,625,0.0057,248.3,"{""2xx"": 615, ""4xx"": 6, ""5xx"": 4}"
2026-03-21T12:38:00Z,API-0086,accounts-service,prod,,,/accounts/v1/balance,1142,0.0031,147.7,"{""2xx"": 1127, ""4xx"": 11, ""5xx"": 4}"
2026-03-21T12:38:00Z,API-0087,notification-service,prod,,,/notify/v1/send,480,0.0022,90.0,"{""2xx"": 474, ""4xx"": 5, ""5xx"": 1}"
2026-03-21T12:38:00Z,API-0088,payment-network-gateway,prod,,,/routes/card,172,0.0038,354.1,"{""2xx"": 169, ""4xx"": 2, ""5xx"": 1}"
2026-03-21T12:38:00Z,API-0089,payment-network-gateway,prod,,,/routes/upi,224,0.0045,293.1,"{""2xx"": 221, ""4xx"": 2, ""5xx"": 1}"
2026-03-21T12:38:00Z,API-0090,payment-network-gateway,prod,,,/routes/neft,58,0.0047,437.8,"{""2xx"": 57, ""4xx"": 1, ""5xx"": 0}"
2026-03-21T12:39:00Z,API-0091,mobile-app,prod,,,/app/v1/session,1140,0.0035,401.8,"{""2xx"": 1125, ""4xx"": 11, ""5xx"": 4}"
2026-03-21T12:39:00Z,API-0092,net-banking,prod,,,/web/v1/session,831,0.0044,364.3,"{""2xx"": 819, ""4xx"": 8, ""5xx"": 4}"
2026-03-21T12:39:00Z,API-0093,api-gateway,prod,,,/gw/v1/route,2686,0.003,185.2,"{""2xx"": 2651, ""4xx"": 27, ""5xx"": 8}"
2026-03-21T12:39:00Z,API-0094,auth-service,prod,,,/auth/v1/login,936,0.0022,115.7,"{""2xx"": 925, ""4xx"": 9, ""5xx"": 2}"
2026-03-21T12:39:00Z,API-0095,payments-service,prod,,,/payments/v1/payments,578,0.0039,265.1,"{""2xx"": 570, ""4xx"": 6, ""5xx"": 2}"
2026-03-21T12:39:00Z,API-0096,accounts-service,prod,,,/accounts/v1/balance,1148,0.0028,152.2,"{""2xx"": 1134, ""4xx"": 11, ""5xx"": 3}"
2026-03-21T12:39:00Z,API-0097,notification-service,prod,,,/notify/v1/send,499,0.002,87.7,"{""2xx"": 493, ""4xx"": 5, ""5xx"": 1}"
2026-03-21T12:39:00Z,API-0098,payment-network-gateway,prod,,,/routes/card,178,0.0042,335.9,"{""2xx"": 175, ""4xx"": 2, ""5xx"": 1}"
2026-03-21T12:39:00Z,API-0099,payment-network-gateway,prod,,,/routes/upi,218,0.0039,308.6,"{""2xx"": 215, ""4xx"": 2, ""5xx"": 1}"
2026-03-21T12:39:00Z,API-0100,payment-network-gateway,prod,,,/routes/neft,57,0.005,435.6,"{""2xx"": 56, ""4xx"": 1, ""5xx"": 0}"
2026-03-21T12:40:00Z,API-0101,mobile-app,prod,,,/app/v1/session,1180,0.0038,408.5,"{""2xx"": 1164, ""4xx"": 12, ""5xx"": 4}"
2026-03-21T12:40:00Z,API-0102,net-banking,prod,,,/web/v1/session,835,0.0033,379.7,"{""2xx"": 824, ""4xx"": 8, ""5xx"": 3}"
2026-03-21T12:40:00Z,API-0103,api-gateway,prod,,,/gw/v1/route,2602,0.0034,187.0,"{""2xx"": 2567, ""4xx"": 26, ""5xx"": 9}"
2026-03-21T12:40:00Z,API-0104,auth-service,prod,,,/auth/v1/login,916,0.0021,121.9,"{""2xx"": 905, ""4xx"": 9, ""5xx"": 2}"
2026-03-21T12:40:00Z,API-0105,payments-service,prod,,,/payments/v1/payments,593,0.0055,269.6,"{""2xx"": 584, ""4xx"": 6, ""5xx"": 3}"
2026-03-21T12:40:00Z,API-0106,accounts-service,prod,,,/accounts/v1/balance,1096,0.0024,147.6,"{""2xx"": 1082, ""4xx"": 11, ""5xx"": 3}"
2026-03-21T12:40:00Z,API-0107,notification-service,prod,,,/notify/v1/send,492,0.0021,91.0,"{""2xx"": 486, ""4xx"": 5, ""5xx"": 1}"
2026-03-21T12:40:00Z,API-0108,payment-network-gateway,prod,,,/routes/card,180,0.0031,331.4,"{""2xx"": 177, ""4xx"": 2, ""5xx"": 1}"
2026-03-21T12:40:00Z,API-0109,payment-network-gateway,prod,,,/routes/upi,221,0.004,295.5,"{""2xx"": 218, ""4xx"": 2, ""5xx"": 1}"
2026-03-21T12:40:00Z,API-0110,payment-network-gateway,prod,,,/routes/neft,61,0.0046,463.3,"{""2xx"": 60, ""4xx"": 1, ""5xx"": 0}"
2026-03-21T12:41:00Z,API-0111,mobile-app,prod,,,/app/v1/session,1240,0.0039,404.0,"{""2xx"": 1223, ""4xx"": 12, ""5xx"": 5}"
2026-03-21T12:41:00Z,API-0112,net-banking,prod,,,/web/v1/session,832,0.0035,367.4,"{""2xx"": 821, ""4xx"": 8, ""5xx"": 3}"
2026-03-21T12:41:00Z,API-0113,api-gateway,prod,,,/gw/v1/route,2720,0.0027,178.2,"{""2xx"": 2686, ""4xx"": 27, ""5xx"": 7}"
2026-03-21T12:41:00Z,API-0114,auth-service,prod,,,/auth/v1/login,941,0.0024,125.9,"{""2xx"": 930, ""4xx"": 9, ""5xx"": 2}"
2026-03-21T12:41:00Z,API-0115,payments-service,prod,,,/payments/v1/payments,620,0.0043,266.6,"{""2xx"": 611, ""4xx"": 6, ""5xx"": 3}"
2026-03-21T12:41:00Z,API-0116,accounts-service,prod,,,/accounts/v1/balance,1136,0.0024,153.6,"{""2xx"": 1122, ""4xx"": 11, ""5xx"": 3}"
2026-03-21T12:41:00Z,API-0117,notification-service,prod,,,/notify/v1/send,501,0.0019,86.1,"{""2xx"": 495, ""4xx"": 5, ""5xx"": 1}"
2026-03-21T12:41:00Z,API-0118,payment-network-gateway,prod,,,/routes/card,177,0.0044,330.4,"{""2xx"": 174, ""4xx"": 2, ""5xx"": 1}"
2026-03-21T12:41:00Z,API-0119,payment-network-gateway,prod,,,/routes/upi,217,0.0041,289.4,"{""2xx"": 214, ""4xx"": 2, ""5xx"": 1}"
2026-03-21T12:41:00Z,API-0120,payment-network-gateway,prod,,,/routes/neft,60,0.0047,440.1,"{""2xx"": 59, ""4xx"": 1, ""5xx"": 0}"
2026-03-21T12:42:00Z,API-0121,mobile-app,prod,,,/app/v1/session,1214,0.0047,415.0,"{""2xx"": 1196, ""4xx"": 12, ""5xx"": 6}"
2026-03-21T12:42:00Z,API-0122,net-banking,prod,,,/web/v1/session,816,0.0048,367.2,"{""2xx"": 804, ""4xx"": 8, ""5xx"": 4}"
2026-03-21T12:42:00Z,API-0123,api-gateway,prod,,,/gw/v1/route,2552,0.0027,177.2,"{""2xx"": 2519, ""4xx"": 26, ""5xx"": 7}"
2026-03-21T12:42:00Z,API-0124,auth-service,prod,,,/auth/v1/login,920,0.0016,116.9,"{""2xx"": 910, ""4xx"": 9, ""5xx"": 1}"
2026-03-21T12:42:00Z,API-0125,payments-service,prod,,,/payments/v1/payments,586,0.006,248.6,"{""2xx"": 576, ""4xx"": 6, ""5xx"": 4}"
2026-03-21T12:42:00Z,API-0126,accounts-service,prod,,,/accounts/v1/balance,1129,0.0033,151.0,"{""2xx"": 1114, ""4xx"": 11, ""5xx"": 4}"
2026-03-21T12:42:00Z,API-0127,notification-service,prod,,,/notify/v1/send,482,0.002,94.4,"{""2xx"": 476, ""4xx"": 5, ""5xx"": 1}"
2026-03-21T12:42:00Z,API-0128,payment-network-gateway,prod,,,/routes/card,182,0.0034,324.5,"{""2xx"": 179, ""4xx"": 2, ""5xx"": 1}"
2026-03-21T12:42:00Z,API-0129,payment-network-gateway,prod,,,/routes/upi,217,0.0044,310.8,"{""2xx"": 214, ""4xx"": 2, ""5xx"": 1}"
2026-03-21T12:42:00Z,API-0130,payment-network-gateway,prod,,,/routes/neft,63,0.0043,464.9,"{""2xx"": 62, ""4xx"": 1, ""5xx"": 0}"
2026-03-21T12:43:00Z,API-0131,mobile-app,prod,,,/app/v1/session,1140,0.0039,421.9,"{""2xx"": 1125, ""4xx"": 11, ""5xx"": 4}"
2026-03-21T12:43:00Z,API-0132,net-banking,prod,,,/web/v1/session,774,0.0049,387.5,"{""2xx"": 762, ""4xx"": 8, ""5xx"": 4}"
2026-03-21T12:43:00Z,API-0133,api-gateway,prod,,,/gw/v1/route,2728,0.0027,180.9,"{""2xx"": 2694, ""4xx"": 27, ""5xx"": 7}"
2026-03-21T12:43:00Z,API-0134,auth-service,prod,,,/auth/v1/login,892,0.0024,119.2,"{""2xx"": 881, ""4xx"": 9, ""5xx"": 2}"
2026-03-21T12:43:00Z,API-0135,payments-service,prod,,,/payments/v1/payments,618,0.0058,254.5,"{""2xx"": 608, ""4xx"": 6, ""5xx"": 4}"
2026-03-21T12:43:00Z,API-0136,accounts-service,prod,,,/accounts/v1/balance,1114,0.0034,157.3,"{""2xx"": 1099, ""4xx"": 11, ""5xx"": 4}"
2026-03-21T12:43:00Z,API-0137,notification-service,prod,,,/notify/v1/send,519,0.0019,88.7,"{""2xx"": 513, ""4xx"": 5, ""5xx"": 1}"
2026-03-21T12:43:00Z,API-0138,payment-network-gateway,prod,,,/routes/card,188,0.0048,340.4,"{""2xx"": 185, ""4xx"": 2, ""5xx"": 1}"
2026-03-21T12:43:00Z,API-0139,payment-network-gateway,prod,,,/routes/upi,218,0.0047,306.8,"{""2xx"": 215, ""4xx"": 2, ""5xx"": 1}"
2026-03-21T12:43:00Z,API-0140,payment-network-gateway,prod,,,/routes/neft,57,0.0049,462.8,"{""2xx"": 56, ""4xx"": 1, ""5xx"": 0}"
2026-03-21T12:44:00Z,API-0141,mobile-app,prod,,,/app/v1/session,1146,0.0036,405.2,"{""2xx"": 1131, ""4xx"": 11, ""5xx"": 4}"
2026-03-21T12:44:00Z,API-0142,net-banking,prod,,,/web/v1/session,811,0.0037,362.9,"{""2xx"": 800, ""4xx"": 8, ""5xx"": 3}"
2026-03-21T12:44:00Z,API-0143,api-gateway,prod,,,/gw/v1/route,2600,0.003,176.1,"{""2xx"": 2566, ""4xx"": 26, ""5xx"": 8}"
2026-03-21T12:44:00Z,API-0144,auth-service,prod,,,/auth/v1/login,863,0.002,115.5,"{""2xx"": 852, ""4xx"": 9, ""5xx"": 2}"
2026-03-21T12:44:00Z,API-0145,payments-service,prod,,,/payments/v1/payments,583,0.0038,251.3,"{""2xx"": 575, ""4xx"": 6, ""5xx"": 2}"
2026-03-21T12:44:00Z,API-0146,accounts-service,prod,,,/accounts/v1/balance,1055,0.0031,149.9,"{""2xx"": 1041, ""4xx"": 11, ""5xx"": 3}"
2026-03-21T12:44:00Z,API-0147,notification-service,prod,,,/notify/v1/send,496,0.0015,92.2,"{""2xx"": 490, ""4xx"": 5, ""5xx"": 1}"
2026-03-21T12:44:00Z,API-0148,payment-network-gateway,prod,,,/routes/card,178,0.0043,334.0,"{""2xx"": 175, ""4xx"": 2, ""5xx"": 1}"
2026-03-21T12:44:00Z,API-0149,payment-network-gateway,prod,,,/routes/upi,218,0.0037,293.1,"{""2xx"": 215, ""4xx"": 2, ""5xx"": 1}"
2026-03-21T12:44:00Z,API-0150,payment-network-gateway,prod,,,/routes/neft,58,0.0047,468.4,"{""2xx"": 57, ""4xx"": 1, ""5xx"": 0}"
2026-03-21T12:45:00Z,API-0151,mobile-app,prod,,,/app/v1/session,1247,0.0039,433.3,"{""2xx"": 1230, ""4xx"": 12, ""5xx"": 5}"
2026-03-21T12:45:00Z,API-0152,net-banking,prod,,,/web/v1/session,817,0.0042,366.9,"{""2xx"": 806, ""4xx"": 8, ""5xx"": 3}"
2026-03-21T12:45:00Z,API-0153,api-gateway,prod,,,/gw/v1/route,2580,0.0029,172.9,"{""2xx"": 2547, ""4xx"": 26, ""5xx"": 7}"
2026-03-21T12:45:00Z,API-0154,auth-service,prod,,,/auth/v1/login,916,0.0019,114.3,"{""2xx"": 905, ""4xx"": 9, ""5xx"": 2}"
2026-03-21T12:45:00Z,API-0155,payments-service,prod,,,/payments/v1/payments,609,0.0054,247.7,"{""2xx"": 600, ""4xx"": 6, ""5xx"": 3}"
2026-03-21T12:45:00Z,API-0156,accounts-service,prod,,,/accounts/v1/balance,1071,0.0033,145.0,"{""2xx"": 1056, ""4xx"": 11, ""5xx"": 4}"
2026-03-21T12:45:00Z,API-0157,notification-service,prod,,,/notify/v1/send,493,0.0016,88.5,"{""2xx"": 487, ""4xx"": 5, ""5xx"": 1}"
2026-03-21T12:45:00Z,API-0158,payment-network-gateway,prod,,,/routes/card,185,0.0042,338.8,"{""2xx"": 182, ""4xx"": 2, ""5xx"": 1}"
2026-03-21T12:45:00Z,API-0159,payment-network-gateway,prod,,,/routes/upi,212,0.0036,306.7,"{""2xx"": 209, ""4xx"": 2, ""5xx"": 1}"
2026-03-21T12:45:00Z,API-0160,payment-network-gateway,prod,,,/routes/neft,60,0.0035,451.8,"{""2xx"": 59, ""4xx"": 1, ""5xx"": 0}"
2026-03-21T12:46:00Z,API-0161,mobile-app,prod,,,/app/v1/session,1250,0.0032,433.8,"{""2xx"": 1234, ""4xx"": 12, ""5xx"": 4}"
2026-03-21T12:46:00Z,API-0162,net-banking,prod,,,/web/v1/session,831,0.0045,397.2,"{""2xx"": 819, ""4xx"": 8, ""5xx"": 4}"
2026-03-21T12:46:00Z,API-0163,api-gateway,prod,,,/gw/v1/route,2669,0.0032,172.7,"{""2xx"": 2633, ""4xx"": 27, ""5xx"": 9}"
2026-03-21T12:46:00Z,API-0164,auth-service,prod,,,/auth/v1/login,928,0.0019,118.9,"{""2xx"": 917, ""4xx"": 9, ""5xx"": 2}"
2026-03-21T12:46:00Z,API-0165,payments-service,prod,,,/payments/v1/payments,587,0.0046,256.3,"{""2xx"": 578, ""4xx"": 6, ""5xx"": 3}"
2026-03-21T12:46:00Z,API-0166,accounts-service,prod,,,/accounts/v1/balance,1150,0.0036,146.8,"{""2xx"": 1134, ""4xx"": 12, ""5xx"": 4}"
2026-03-21T12:46:00Z,API-0167,notification-service,prod,,,/notify/v1/send,519,0.0017,93.7,"{""2xx"": 513, ""4xx"": 5, ""5xx"": 1}"
2026-03-21T12:46:00Z,API-0168,payment-network-gateway,prod,,,/routes/card,178,0.0034,356.7,"{""2xx"": 175, ""4xx"": 2, ""5xx"": 1}"
2026-03-21T12:46:00Z,API-0169,payment-network-gateway,prod,,,/routes/upi,214,0.0049,300.0,"{""2xx"": 211, ""4xx"": 2, ""5xx"": 1}"
2026-03-21T12:46:00Z,API-0170,payment-network-gateway,prod,,,/routes/neft,59,0.0045,456.5,"{""2xx"": 58, ""4xx"": 1, ""5xx"": 0}"
2026-03-21T12:47:00Z,API-0171,mobile-app,prod,,,/app/v1/session,1222,0.0049,425.7,"{""2xx"": 1204, ""4xx"": 12, ""5xx"": 6}"
2026-03-21T12:47:00Z,API-0172,net-banking,prod,,,/web/v1/session,788,0.0034,398.6,"{""2xx"": 777, ""4xx"": 8, ""5xx"": 3}"
2026-03-21T12:47:00Z,API-0173,api-gateway,prod,,,/gw/v1/route,2530,0.0028,173.3,"{""2xx"": 2498, ""4xx"": 25, ""5xx"": 7}"
2026-03-21T12:47:00Z,API-0174,auth-service,prod,,,/auth/v1/login,905,0.002,114.9,"{""2xx"": 894, ""4xx"": 9, ""5xx"": 2}"
2026-03-21T12:47:00Z,API-0175,payments-service,prod,,,/payments/v1/payments,627,0.0054,268.9,"{""2xx"": 618, ""4xx"": 6, ""5xx"": 3}"
2026-03-21T12:47:00Z,API-0176,accounts-service,prod,,,/accounts/v1/balance,1055,0.0028,143.1,"{""2xx"": 1041, ""4xx"": 11, ""5xx"": 3}"
2026-03-21T12:47:00Z,API-0177,notification-service,prod,,,/notify/v1/send,481,0.0022,92.6,"{""2xx"": 475, ""4xx"": 5, ""5xx"": 1}"
2026-03-21T12:47:00Z,API-0178,payment-network-gateway,prod,,,/routes/card,180,0.0042,323.4,"{""2xx"": 177, ""4xx"": 2, ""5xx"": 1}"
2026-03-21T12:47:00Z,API-0179,payment-network-gateway,prod,,,/routes/upi,215,0.0046,303.9,"{""2xx"": 212, ""4xx"": 2, ""5xx"": 1}"
2026-03-21T12:47:00Z,API-0180,payment-network-gateway,prod,,,/routes/neft,62,0.0049,460.3,"{""2xx"": 61, ""4xx"": 1, ""5xx"": 0}"
2026-03-21T12:48:00Z,API-0181,mobile-app,prod,,,/app/v1/session,1227,0.0046,431.0,"{""2xx"": 1209, ""4xx"": 12, ""5xx"": 6}"
2026-03-21T12:48:00Z,API-0182,net-banking,prod,,,/web/v1/session,829,0.0037,362.3,"{""2xx"": 818, ""4xx"": 8, ""5xx"": 3}"
2026-03-21T12:48:00Z,API-0183,api-gateway,prod,,,/gw/v1/route,2556,0.0026,185.4,"{""2xx"": 2523, ""4xx"": 26, ""5xx"": 7}"
2026-03-21T12:48:00Z,API-0184,auth-service,prod,,,/auth/v1/login,922,0.0018,120.9,"{""2xx"": 911, ""4xx"": 9, ""5xx"": 2}"
2026-03-21T12:48:00Z,API-0185,payments-service,prod,,,/payments/v1/payments,605,0.0043,263.8,"{""2xx"": 596, ""4xx"": 6, ""5xx"": 3}"
2026-03-21T12:48:00Z,API-0186,accounts-service,prod,,,/accounts/v1/balance,1154,0.0029,146.2,"{""2xx"": 1139, ""4xx"": 12, ""5xx"": 3}"
2026-03-21T12:48:00Z,API-0187,notification-service,prod,,,/notify/v1/send,506,0.0022,94.1,"{""2xx"": 500, ""4xx"": 5, ""5xx"": 1}"
2026-03-21T12:48:00Z,API-0188,payment-network-gateway,prod,,,/routes/card,178,0.0045,334.1,"{""2xx"": 175, ""4xx"": 2, ""5xx"": 1}"
2026-03-21T12:48:00Z,API-0189,payment-network-gateway,prod,,,/routes/upi,228,0.0047,298.2,"{""2xx"": 225, ""4xx"": 2, ""5xx"": 1}"
2026-03-21T12:48:00Z,API-0190,payment-network-gateway,prod,,,/routes/neft,62,0.0049,458.8,"{""2xx"": 61, ""4xx"": 1, ""5xx"": 0}"
2026-03-21T12:49:00Z,API-0191,mobile-app,prod,,,/app/v1/session,1243,0.0033,419.8,"{""2xx"": 1227, ""4xx"": 12, ""5xx"": 4}"
2026-03-21T12:49:00Z,API-0192,net-banking,prod,,,/web/v1/session,805,0.0042,363.0,"{""2xx"": 794, ""4xx"": 8, ""5xx"": 3}"
2026-03-21T12:49:00Z,API-0193,api-gateway,prod,,,/gw/v1/route,2597,0.0036,184.2,"{""2xx"": 2562, ""4xx"": 26, ""5xx"": 9}"
2026-03-21T12:49:00Z,API-0194,auth-service,prod,,,/auth/v1/login,891,0.0015,118.4,"{""2xx"": 881, ""4xx"": 9, ""5xx"": 1}"
2026-03-21T12:49:00Z,API-0195,payments-service,prod,,,/payments/v1/payments,589,0.005,259.6,"{""2xx"": 580, ""4xx"": 6, ""5xx"": 3}"
2026-03-21T12:49:00Z,API-0196,accounts-service,prod,,,/accounts/v1/balance,1123,0.0024,153.0,"{""2xx"": 1109, ""4xx"": 11, ""5xx"": 3}"
2026-03-21T12:49:00Z,API-0197,notification-service,prod,,,/notify/v1/send,524,0.0023,89.1,"{""2xx"": 518, ""4xx"": 5, ""5xx"": 1}"
2026-03-21T12:49:00Z,API-0198,payment-network-gateway,prod,,,/routes/card,185,0.0034,343.1,"{""2xx"": 182, ""4xx"": 2, ""5xx"": 1}"
2026-03-21T12:49:00Z,API-0199,payment-network-gateway,prod,,,/routes/upi,213,0.0033,288.8,"{""2xx"": 210, ""4xx"": 2, ""5xx"": 1}"
2026-03-21T12:49:00Z,API-0200,payment-network-gateway,prod,,,/routes/neft,59,0.005,467.4,"{""2xx"": 58, ""4xx"": 1, ""5xx"": 0}"
2026-03-21T12:50:00Z,API-0201,mobile-app,prod,,,/app/v1/session,1160,0.0047,439.3,"{""2xx"": 1143, ""4xx"": 12, ""5xx"": 5}"
2026-03-21T12:50:00Z,API-0202,net-banking,prod,,,/web/v1/session,806,0.0049,383.5,"{""2xx"": 794, ""4xx"": 8, ""5xx"": 4}"
2026-03-21T12:50:00Z,API-0203,api-gateway,prod,,,/gw/v1/route,2627,0.0023,181.2,"{""2xx"": 2595, ""4xx"": 26, ""5xx"": 6}"
2026-03-21T12:50:00Z,API-0204,auth-service,prod,,,/auth/v1/login,898,0.0019,118.0,"{""2xx"": 887, ""4xx"": 9, ""5xx"": 2}"
2026-03-21T12:50:00Z,API-0205,payments-service,prod,,,/payments/v1/payments,603,0.004,257.9,"{""2xx"": 595, ""4xx"": 6, ""5xx"": 2}"
2026-03-21T12:50:00Z,API-0206,accounts-service,prod,,,/accounts/v1/balance,1084,0.0026,148.1,"{""2xx"": 1070, ""4xx"": 11, ""5xx"": 3}"
2026-03-21T12:50:00Z,API-0207,notification-service,prod,,,/notify/v1/send,494,0.0016,92.4,"{""2xx"": 488, ""4xx"": 5, ""5xx"": 1}"
2026-03-21T12:50:00Z,API-0208,payment-network-gateway,prod,,,/routes/card,175,0.0039,343.9,"{""2xx"": 172, ""4xx"": 2, ""5xx"": 1}"
2026-03-21T12:50:00Z,API-0209,payment-network-gateway,prod,,,/routes/upi,223,0.0045,295.9,"{""2xx"": 220, ""4xx"": 2, ""5xx"": 1}"
2026-03-21T12:50:00Z,API-0210,payment-network-gateway,prod,,,/routes/neft,62,0.0045,447.7,"{""2xx"": 61, ""4xx"": 1, ""5xx"": 0}"
2026-03-21T12:51:00Z,API-0211,mobile-app,prod,,,/app/v1/session,1250,0.0039,435.5,"{""2xx"": 1233, ""4xx"": 12, ""5xx"": 5}"
2026-03-21T12:51:00Z,API-0212,net-banking,prod,,,/web/v1/session,791,0.0043,390.0,"{""2xx"": 780, ""4xx"": 8, ""5xx"": 3}"
2026-03-21T12:51:00Z,API-0213,api-gateway,prod,,,/gw/v1/route,2497,0.0033,171.4,"{""2xx"": 2464, ""4xx"": 25, ""5xx"": 8}"
2026-03-21T12:51:00Z,API-0214,auth-service,prod,,,/auth/v1/login,907,0.0019,122.8,"{""2xx"": 896, ""4xx"": 9, ""5xx"": 2}"
2026-03-21T12:51:00Z,API-0215,payments-service,prod,,,/payments/v1/payments,584,0.0054,259.3,"{""2xx"": 575, ""4xx"": 6, ""5xx"": 3}"
2026-03-21T12:51:00Z,API-0216,accounts-service,prod,,,/accounts/v1/balance,1091,0.0023,147.2,"{""2xx"": 1077, ""4xx"": 11, ""5xx"": 3}"
2026-03-21T12:51:00Z,API-0217,notification-service,prod,,,/notify/v1/send,489,0.0022,86.2,"{""2xx"": 483, ""4xx"": 5, ""5xx"": 1}"
2026-03-21T12:51:00Z,API-0218,payment-network-gateway,prod,,,/routes/card,180,0.0038,342.2,"{""2xx"": 177, ""4xx"": 2, ""5xx"": 1}"
2026-03-21T12:51:00Z,API-0219,payment-network-gateway,prod,,,/routes/upi,213,0.004,305.0,"{""2xx"": 210, ""4xx"": 2, ""5xx"": 1}"
2026-03-21T12:51:00Z,API-0220,payment-network-gateway,prod,,,/routes/neft,60,0.0043,445.1,"{""2xx"": 59, ""4xx"": 1, ""5xx"": 0}"
2026-03-21T12:52:00Z,API-0221,mobile-app,prod,,,/app/v1/session,1157,0.0033,433.9,"{""2xx"": 1141, ""4xx"": 12, ""5xx"": 4}"
2026-03-21T12:52:00Z,API-0222,net-banking,prod,,,/web/v1/session,804,0.0045,385.9,"{""2xx"": 792, ""4xx"": 8, ""5xx"": 4}"
2026-03-21T12:52:00Z,API-0223,api-gateway,prod,,,/gw/v1/route,2471,0.0026,187.6,"{""2xx"": 2440, ""4xx"": 25, ""5xx"": 6}"
2026-03-21T12:52:00Z,API-0224,auth-service,prod,,,/auth/v1/login,907,0.0016,118.8,"{""2xx"": 897, ""4xx"": 9, ""5xx"": 1}"
2026-03-21T12:52:00Z,API-0225,payments-service,prod,,,/payments/v1/payments,600,0.0041,266.2,"{""2xx"": 592, ""4xx"": 6, ""5xx"": 2}"
2026-03-21T12:52:00Z,API-0226,accounts-service,prod,,,/accounts/v1/balance,1107,0.0037,144.7,"{""2xx"": 1092, ""4xx"": 11, ""5xx"": 4}"
2026-03-21T12:52:00Z,API-0227,notification-service,prod,,,/notify/v1/send,480,0.0022,91.3,"{""2xx"": 474, ""4xx"": 5, ""5xx"": 1}"
2026-03-21T12:52:00Z,API-0228,payment-network-gateway,prod,,,/routes/card,176,0.0031,326.0,"{""2xx"": 173, ""4xx"": 2, ""5xx"": 1}"
2026-03-21T12:52:00Z,API-0229,payment-network-gateway,prod,,,/routes/upi,230,0.0039,309.6,"{""2xx"": 227, ""4xx"": 2, ""5xx"": 1}"
2026-03-21T12:52:00Z,API-0230,payment-network-gateway,prod,,,/routes/neft,60,0.005,469.7,"{""2xx"": 59, ""4xx"": 1, ""5xx"": 0}"
2026-03-21T12:53:00Z,API-0231,mobile-app,prod,,,/app/v1/session,1238,0.0031,421.1,"{""2xx"": 1222, ""4xx"": 12, ""5xx"": 4}"
2026-03-21T12:53:00Z,API-0232,net-banking,prod,,,/web/v1/session,825,0.0047,366.3,"{""2xx"": 813, ""4xx"": 8, ""5xx"": 4}"
2026-03-21T12:53:00Z,API-0233,api-gateway,prod,,,/gw/v1/route,2630,0.0029,185.5,"{""2xx"": 2596, ""4xx"": 26, ""5xx"": 8}"
2026-03-21T12:53:00Z,API-0234,auth-service,prod,,,/auth/v1/login,896,0.0016,116.9,"{""2xx"": 886, ""4xx"": 9, ""5xx"": 1}"
2026-03-21T12:53:00Z,API-0235,payments-service,prod,,,/payments/v1/payments,601,0.0041,262.4,"{""2xx"": 593, ""4xx"": 6, ""5xx"": 2}"
2026-03-21T12:53:00Z,API-0236,accounts-service,prod,,,/accounts/v1/balance,1145,0.0037,142.9,"{""2xx"": 1130, ""4xx"": 11, ""5xx"": 4}"
2026-03-21T12:53:00Z,API-0237,notification-service,prod,,,/notify/v1/send,505,0.0019,87.7,"{""2xx"": 499, ""4xx"": 5, ""5xx"": 1}"
2026-03-21T12:53:00Z,API-0238,payment-network-gateway,prod,,,/routes/card,179,0.0049,347.8,"{""2xx"": 176, ""4xx"": 2, ""5xx"": 1}"
2026-03-21T12:53:00Z,API-0239,payment-network-gateway,prod,,,/routes/upi,226,0.0034,305.5,"{""2xx"": 223, ""4xx"": 2, ""5xx"": 1}"
2026-03-21T12:53:00Z,API-0240,payment-network-gateway,prod,,,/routes/neft,60,0.0043,450.0,"{""2xx"": 59, ""4xx"": 1, ""5xx"": 0}"
2026-03-21T12:54:00Z,API-0241,mobile-app,prod,,,/app/v1/session,1145,0.0039,417.6,"{""2xx"": 1130, ""4xx"": 11, ""5xx"": 4}"
2026-03-21T12:54:00Z,API-0242,net-banking,prod,,,/web/v1/session,816,0.0036,389.9,"{""2xx"": 805, ""4xx"": 8, ""5xx"": 3}"
2026-03-21T12:54:00Z,API-0243,api-gateway,prod,,,/gw/v1/route,2656,0.003,187.4,"{""2xx"": 2621, ""4xx"": 27, ""5xx"": 8}"
2026-03-21T12:54:00Z,API-0244,auth-service,prod,,,/auth/v1/login,877,0.002,120.4,"{""2xx"": 866, ""4xx"": 9, ""5xx"": 2}"
2026-03-21T12:54:00Z,API-0245,payments-service,prod,,,/payments/v1/payments,578,0.0059,268.2,"{""2xx"": 569, ""4xx"": 6, ""5xx"": 3}"
2026-03-21T12:54:00Z,API-0246,accounts-service,prod,,,/accounts/v1/balance,1083,0.0037,157.2,"{""2xx"": 1068, ""4xx"": 11, ""5xx"": 4}"
2026-03-21T12:54:00Z,API-0247,notification-service,prod,,,/notify/v1/send,497,0.0019,90.0,"{""2xx"": 491, ""4xx"": 5, ""5xx"": 1}"
2026-03-21T12:54:00Z,API-0248,payment-network-gateway,prod,,,/routes/card,171,0.0033,354.7,"{""2xx"": 168, ""4xx"": 2, ""5xx"": 1}"
2026-03-21T12:54:00Z,API-0249,payment-network-gateway,prod,,,/routes/upi,220,0.0041,292.0,"{""2xx"": 217, ""4xx"": 2, ""5xx"": 1}"
2026-03-21T12:54:00Z,API-0250,payment-network-gateway,prod,,,/routes/neft,60,0.0045,446.1,"{""2xx"": 59, ""4xx"": 1, ""5xx"": 0}"
2026-03-21T12:55:00Z,API-0251,mobile-app,prod,,,/app/v1/session,1160,0.0032,425.9,"{""2xx"": 1144, ""4xx"": 12, ""5xx"": 4}"
2026-03-21T12:55:00Z,API-0252,net-banking,prod,,,/web/v1/session,776,0.0047,392.1,"{""2xx"": 764, ""4xx"": 8, ""5xx"": 4}"
2026-03-21T12:55:00Z,API-0253,api-gateway,prod,,,/gw/v1/route,2588,0.0023,183.3,"{""2xx"": 2556, ""4xx"": 26, ""5xx"": 6}"
2026-03-21T12:55:00Z,API-0254,auth-service,prod,,,/auth/v1/login,866,0.0023,114.9,"{""2xx"": 855, ""4xx"": 9, ""5xx"": 2}"
2026-03-21T12:55:00Z,API-0255,payments-service,prod,,,/payments/v1/payments,595,0.0046,254.7,"{""2xx"": 586, ""4xx"": 6, ""5xx"": 3}"
2026-03-21T12:55:00Z,API-0256,accounts-service,prod,,,/accounts/v1/balance,1151,0.0028,146.6,"{""2xx"": 1136, ""4xx"": 12, ""5xx"": 3}"
2026-03-21T12:55:00Z,API-0257,notification-service,prod,,,/notify/v1/send,476,0.002,93.7,"{""2xx"": 470, ""4xx"": 5, ""5xx"": 1}"
2026-03-21T12:55:00Z,API-0258,payment-network-gateway,prod,,,/routes/card,177,0.0043,352.9,"{""2xx"": 174, ""4xx"": 2, ""5xx"": 1}"
2026-03-21T12:55:00Z,API-0259,payment-network-gateway,prod,,,/routes/upi,230,0.004,298.3,"{""2xx"": 227, ""4xx"": 2, ""5xx"": 1}"
2026-03-21T12:55:00Z,API-0260,payment-network-gateway,prod,,,/routes/neft,59,0.0033,463.9,"{""2xx"": 58, ""4xx"": 1, ""5xx"": 0}"
2026-03-21T12:56:00Z,API-0261,mobile-app,prod,,,/app/v1/session,1208,0.0044,418.2,"{""2xx"": 1191, ""4xx"": 12, ""5xx"": 5}"
2026-03-21T12:56:00Z,API-0262,net-banking,prod,,,/web/v1/session,796,0.0047,396.7,"{""2xx"": 784, ""4xx"": 8, ""5xx"": 4}"
2026-03-21T12:56:00Z,API-0263,api-gateway,prod,,,/gw/v1/route,2690,0.0032,177.8,"{""2xx"": 2654, ""4xx"": 27, ""5xx"": 9}"
2026-03-21T12:56:00Z,API-0264,auth-service,prod,,,/auth/v1/login,926,0.0017,117.1,"{""2xx"": 915, ""4xx"": 9, ""5xx"": 2}"
2026-03-21T12:56:00Z,API-0265,payments-service,prod,,,/payments/v1/payments,577,0.0053,267.8,"{""2xx"": 568, ""4xx"": 6, ""5xx"": 3}"
2026-03-21T12:56:00Z,API-0266,accounts-service,prod,,,/accounts/v1/balance,1115,0.0035,155.2,"{""2xx"": 1100, ""4xx"": 11, ""5xx"": 4}"
2026-03-21T12:56:00Z,API-0267,notification-service,prod,,,/notify/v1/send,517,0.0015,93.3,"{""2xx"": 511, ""4xx"": 5, ""5xx"": 1}"
2026-03-21T12:56:00Z,API-0268,payment-network-gateway,prod,,,/routes/card,180,0.005,331.4,"{""2xx"": 177, ""4xx"": 2, ""5xx"": 1}"
2026-03-21T12:56:00Z,API-0269,payment-network-gateway,prod,,,/routes/upi,218,0.0038,308.9,"{""2xx"": 215, ""4xx"": 2, ""5xx"": 1}"
2026-03-21T12:56:00Z,API-0270,payment-network-gateway,prod,,,/routes/neft,57,0.0047,428.4,"{""2xx"": 56, ""4xx"": 1, ""5xx"": 0}"
2026-03-21T12:57:00Z,API-0271,mobile-app,prod,,,/app/v1/session,1156,0.0039,415.4,"{""2xx"": 1139, ""4xx"": 12, ""5xx"": 5}"
2026-03-21T12:57:00Z,API-0272,net-banking,prod,,,/web/v1/session,802,0.003,367.2,"{""2xx"": 792, ""4xx"": 8, ""5xx"": 2}"
2026-03-21T12:57:00Z,API-0273,api-gateway,prod,,,/gw/v1/route,2693,0.0024,179.5,"{""2xx"": 2660, ""4xx"": 27, ""5xx"": 6}"
2026-03-21T12:57:00Z,API-0274,auth-service,prod,,,/auth/v1/login,883,0.0017,121.0,"{""2xx"": 872, ""4xx"": 9, ""5xx"": 2}"
2026-03-21T12:57:00Z,API-0275,payments-service,prod,,,/payments/v1/payments,626,0.005,257.4,"{""2xx"": 617, ""4xx"": 6, ""5xx"": 3}"
2026-03-21T12:57:00Z,API-0276,accounts-service,prod,,,/accounts/v1/balance,1136,0.0034,149.6,"{""2xx"": 1121, ""4xx"": 11, ""5xx"": 4}"
2026-03-21T12:57:00Z,API-0277,notification-service,prod,,,/notify/v1/send,475,0.0021,92.7,"{""2xx"": 469, ""4xx"": 5, ""5xx"": 1}"
2026-03-21T12:57:00Z,API-0278,payment-network-gateway,prod,,,/routes/card,179,0.0035,329.7,"{""2xx"": 176, ""4xx"": 2, ""5xx"": 1}"
2026-03-21T12:57:00Z,API-0279,payment-network-gateway,prod,,,/routes/upi,222,0.0039,311.3,"{""2xx"": 219, ""4xx"": 2, ""5xx"": 1}"
2026-03-21T12:57:00Z,API-0280,payment-network-gateway,prod,,,/routes/neft,58,0.0038,472.2,"{""2xx"": 57, ""4xx"": 1, ""5xx"": 0}"
2026-03-21T12:58:00Z,API-0281,mobile-app,prod,,,/app/v1/session,1253,0.0032,416.2,"{""2xx"": 1236, ""4xx"": 13, ""5xx"": 4}"
2026-03-21T12:58:00Z,API-0282,net-banking,prod,,,/web/v1/session,803,0.0038,374.4,"{""2xx"": 792, ""4xx"": 8, ""5xx"": 3}"
2026-03-21T12:58:00Z,API-0283,api-gateway,prod,,,/gw/v1/route,2591,0.0023,177.0,"{""2xx"": 2559, ""4xx"": 26, ""5xx"": 6}"
2026-03-21T12:58:00Z,API-0284,auth-service,prod,,,/auth/v1/login,892,0.0019,115.9,"{""2xx"": 881, ""4xx"": 9, ""5xx"": 2}"
2026-03-21T12:58:00Z,API-0285,payments-service,prod,,,/payments/v1/payments,629,0.0038,260.6,"{""2xx"": 621, ""4xx"": 6, ""5xx"": 2}"
2026-03-21T12:58:00Z,API-0286,accounts-service,prod,,,/accounts/v1/balance,1067,0.0028,156.6,"{""2xx"": 1053, ""4xx"": 11, ""5xx"": 3}"
2026-03-21T12:58:00Z,API-0287,notification-service,prod,,,/notify/v1/send,521,0.0018,86.7,"{""2xx"": 515, ""4xx"": 5, ""5xx"": 1}"
2026-03-21T12:58:00Z,API-0288,payment-network-gateway,prod,,,/routes/card,178,0.005,335.9,"{""2xx"": 175, ""4xx"": 2, ""5xx"": 1}"
2026-03-21T12:58:00Z,API-0289,payment-network-gateway,prod,,,/routes/upi,222,0.0037,304.3,"{""2xx"": 219, ""4xx"": 2, ""5xx"": 1}"
2026-03-21T12:58:00Z,API-0290,payment-network-gateway,prod,,,/routes/neft,60,0.0033,465.2,"{""2xx"": 59, ""4xx"": 1, ""5xx"": 0}"
2026-03-21T12:59:00Z,API-0291,mobile-app,prod,,,/app/v1/session,1158,0.0033,432.5,"{""2xx"": 1142, ""4xx"": 12, ""5xx"": 4}"
2026-03-21T12:59:00Z,API-0292,net-banking,prod,,,/web/v1/session,791,0.0049,380.6,"{""2xx"": 779, ""4xx"": 8, ""5xx"": 4}"
2026-03-21T12:59:00Z,API-0293,api-gateway,prod,,,/gw/v1/route,2612,0.0028,180.1,"{""2xx"": 2579, ""4xx"": 26, ""5xx"": 7}"
2026-03-21T12:59:00Z,API-0294,auth-service,prod,,,/auth/v1/login,919,0.0021,121.3,"{""2xx"": 908, ""4xx"": 9, ""5xx"": 2}"
2026-03-21T12:59:00Z,API-0295,payments-service,prod,,,/payments/v1/payments,580,0.0061,258.8,"{""2xx"": 570, ""4xx"": 6, ""5xx"": 4}"
2026-03-21T12:59:00Z,API-0296,accounts-service,prod,,,/accounts/v1/balance,1115,0.0031,144.7,"{""2xx"": 1101, ""4xx"": 11, ""5xx"": 3}"
2026-03-21T12:59:00Z,API-0297,notification-service,prod,,,/notify/v1/send,499,0.0018,85.6,"{""2xx"": 493, ""4xx"": 5, ""5xx"": 1}"
2026-03-21T12:59:00Z,API-0298,payment-network-gateway,prod,,,/routes/card,181,0.0031,338.0,"{""2xx"": 178, ""4xx"": 2, ""5xx"": 1}"
2026-03-21T12:59:00Z,API-0299,payment-network-gateway,prod,,,/routes/upi,229,0.0036,303.5,"{""2xx"": 226, ""4xx"": 2, ""5xx"": 1}"
2026-03-21T12:59:00Z,API-0300,payment-network-gateway,prod,,,/routes/neft,59,0.005,434.4,"{""2xx"": 58, ""4xx"": 1, ""5xx"": 0}"
2026-03-21T13:00:00Z,API-0301,mobile-app,prod,,,/app/v1/session,1210,0.0042,403.1,"{""2xx"": 1193, ""4xx"": 12, ""5xx"": 5}"
2026-03-21T13:00:00Z,API-0302,net-banking,prod,,,/web/v1/session,811,0.0035,378.3,"{""2xx"": 800, ""4xx"": 8, ""5xx"": 3}"
2026-03-21T13:00:00Z,API-0303,api-gateway,prod,,,/gw/v1/route,2697,0.0037,176.1,"{""2xx"": 2660, ""4xx"": 27, ""5xx"": 10}"
2026-03-21T13:00:00Z,API-0304,auth-service,prod,,,/auth/v1/login,945,0.0018,120.5,"{""2xx"": 934, ""4xx"": 9, ""5xx"": 2}"
2026-03-21T13:00:00Z,API-0305,payments-service,prod,,,/payments/v1/payments,609,0.0042,271.0,"{""2xx"": 600, ""4xx"": 6, ""5xx"": 3}"
2026-03-21T13:00:00Z,API-0306,accounts-service,prod,,,/accounts/v1/balance,1140,0.0024,154.1,"{""2xx"": 1126, ""4xx"": 11, ""5xx"": 3}"
2026-03-21T13:00:00Z,API-0307,notification-service,prod,,,/notify/v1/send,505,0.0101,167.3,"{""2xx"": 495, ""4xx"": 5, ""5xx"": 5}"
2026-03-21T13:00:00Z,API-0308,payment-network-gateway,prod,,,/routes/card,176,0.0036,326.4,"{""2xx"": 173, ""4xx"": 2, ""5xx"": 1}"
2026-03-21T13:00:00Z,API-0309,payment-network-gateway,prod,,,/routes/upi,229,0.0037,312.9,"{""2xx"": 226, ""4xx"": 2, ""5xx"": 1}"
2026-03-21T13:00:00Z,API-0310,payment-network-gateway,prod,,,/routes/neft,61,0.0038,433.2,"{""2xx"": 60, ""4xx"": 1, ""5xx"": 0}"
2026-03-21T13:01:00Z,API-0311,mobile-app,prod,,,/app/v1/session,1229,0.0039,428.5,"{""2xx"": 1212, ""4xx"": 12, ""5xx"": 5}"
2026-03-21T13:01:00Z,API-0312,net-banking,prod,,,/web/v1/session,833,0.005,391.1,"{""2xx"": 821, ""4xx"": 8, ""5xx"": 4}"
2026-03-21T13:01:00Z,API-0313,api-gateway,prod,,,/gw/v1/route,2537,0.0026,176.6,"{""2xx"": 2505, ""4xx"": 25, ""5xx"": 7}"
2026-03-21T13:01:00Z,API-0314,auth-service,prod,,,/auth/v1/login,917,0.0023,123.4,"{""2xx"": 906, ""4xx"": 9, ""5xx"": 2}"
2026-03-21T13:01:00Z,API-0315,payments-service,prod,,,/payments/v1/payments,581,0.0039,257.1,"{""2xx"": 573, ""4xx"": 6, ""5xx"": 2}"
2026-03-21T13:01:00Z,API-0316,accounts-service,prod,,,/accounts/v1/balance,1134,0.0036,154.1,"{""2xx"": 1119, ""4xx"": 11, ""5xx"": 4}"
2026-03-21T13:01:00Z,API-0317,notification-service,prod,,,/notify/v1/send,489,0.01,165.1,"{""2xx"": 479, ""4xx"": 5, ""5xx"": 5}"
2026-03-21T13:01:00Z,API-0318,payment-network-gateway,prod,,,/routes/card,178,0.0047,324.9,"{""2xx"": 175, ""4xx"": 2, ""5xx"": 1}"
2026-03-21T13:01:00Z,API-0319,payment-network-gateway,prod,,,/routes/upi,215,0.0041,301.7,"{""2xx"": 212, ""4xx"": 2, ""5xx"": 1}"
2026-03-21T13:01:00Z,API-0320,payment-network-gateway,prod,,,/routes/neft,60,0.0034,458.5,"{""2xx"": 59, ""4xx"": 1, ""5xx"": 0}"
2026-03-21T13:02:00Z,API-0321,mobile-app,prod,,,/app/v1/session,1178,0.0045,409.5,"{""2xx"": 1161, ""4xx"": 12, ""5xx"": 5}"
2026-03-21T13:02:00Z,API-0322,net-banking,prod,,,/web/v1/session,804,0.0031,377.4,"{""2xx"": 794, ""4xx"": 8, ""5xx"": 2}"
2026-03-21T13:02:00Z,API-0323,api-gateway,prod,,,/gw/v1/route,2705,0.003,185.7,"{""2xx"": 2670, ""4xx"": 27, ""5xx"": 8}"
2026-03-21T13:02:00Z,API-0324,auth-service,prod,,,/auth/v1/login,866,0.0023,114.4,"{""2xx"": 855, ""4xx"": 9, ""5xx"": 2}"
2026-03-21T13:02:00Z,API-0325,payments-service,prod,,,/payments/v1/payments,625,0.0046,255.0,"{""2xx"": 616, ""4xx"": 6, ""5xx"": 3}"
2026-03-21T13:02:00Z,API-0326,accounts-service,prod,,,/accounts/v1/balance,1085,0.0029,157.1,"{""2xx"": 1071, ""4xx"": 11, ""5xx"": 3}"
2026-03-21T13:02:00Z,API-0327,notification-service,prod,,,/notify/v1/send,483,0.0102,166.2,"{""2xx"": 473, ""4xx"": 5, ""5xx"": 5}"
2026-03-21T13:02:00Z,API-0328,payment-network-gateway,prod,,,/routes/card,174,0.0042,350.1,"{""2xx"": 171, ""4xx"": 2, ""5xx"": 1}"
2026-03-21T13:02:00Z,API-0329,payment-network-gateway,prod,,,/routes/upi,229,0.0045,309.1,"{""2xx"": 226, ""4xx"": 2, ""5xx"": 1}"
2026-03-21T13:02:00Z,API-0330,payment-network-gateway,prod,,,/routes/neft,58,0.0031,434.3,"{""2xx"": 57, ""4xx"": 1, ""5xx"": 0}"
2026-03-21T13:03:00Z,API-0331,mobile-app,prod,,,/app/v1/session,1219,0.0049,420.3,"{""2xx"": 1201, ""4xx"": 12, ""5xx"": 6}"
2026-03-21T13:03:00Z,API-0332,net-banking,prod,,,/web/v1/session,813,0.0036,390.5,"{""2xx"": 802, ""4xx"": 8, ""5xx"": 3}"
2026-03-21T13:03:00Z,API-0333,api-gateway,prod,,,/gw/v1/route,2672,0.0031,173.4,"{""2xx"": 2637, ""4xx"": 27, ""5xx"": 8}"
2026-03-21T13:03:00Z,API-0334,auth-service,prod,,,/auth/v1/login,879,0.0022,119.2,"{""2xx"": 868, ""4xx"": 9, ""5xx"": 2}"
2026-03-21T13:03:00Z,API-0335,payments-service,prod,,,/payments/v1/payments,574,0.0052,254.2,"{""2xx"": 565, ""4xx"": 6, ""5xx"": 3}"
2026-03-21T13:03:00Z,API-0336,accounts-service,prod,,,/accounts/v1/balance,1091,0.0033,153.4,"{""2xx"": 1076, ""4xx"": 11, ""5xx"": 4}"
2026-03-21T13:03:00Z,API-0337,notification-service,prod,,,/notify/v1/send,481,0.0104,169.1,"{""2xx"": 471, ""4xx"": 5, ""5xx"": 5}"
2026-03-21T13:03:00Z,API-0338,payment-network-gateway,prod,,,/routes/card,180,0.0041,326.0,"{""2xx"": 177, ""4xx"": 2, ""5xx"": 1}"
2026-03-21T13:03:00Z,API-0339,payment-network-gateway,prod,,,/routes/upi,230,0.0044,285.3,"{""2xx"": 227, ""4xx"": 2, ""5xx"": 1}"
2026-03-21T13:03:00Z,API-0340,payment-network-gateway,prod,,,/routes/neft,60,0.0031,434.7,"{""2xx"": 59, ""4xx"": 1, ""5xx"": 0}"
2026-03-21T13:04:00Z,API-0341,mobile-app,prod,,,/app/v1/session,1153,0.0046,425.9,"{""2xx"": 1136, ""4xx"": 12, ""5xx"": 5}"
2026-03-21T13:04:00Z,API-0342,net-banking,prod,,,/web/v1/session,786,0.0038,392.2,"{""2xx"": 775, ""4xx"": 8, ""5xx"": 3}"
2026-03-21T13:04:00Z,API-0343,api-gateway,prod,,,/gw/v1/route,2611,0.0032,174.9,"{""2xx"": 2577, ""4xx"": 26, ""5xx"": 8}"
2026-03-21T13:04:00Z,API-0344,auth-service,prod,,,/auth/v1/login,884,0.002,121.9,"{""2xx"": 873, ""4xx"": 9, ""5xx"": 2}"
2026-03-21T13:04:00Z,API-0345,payments-service,prod,,,/payments/v1/payments,626,0.0048,254.7,"{""2xx"": 617, ""4xx"": 6, ""5xx"": 3}"
2026-03-21T13:04:00Z,API-0346,accounts-service,prod,,,/accounts/v1/balance,1100,0.0027,143.6,"{""2xx"": 1086, ""4xx"": 11, ""5xx"": 3}"
2026-03-21T13:04:00Z,API-0347,notification-service,prod,,,/notify/v1/send,510,0.0101,163.0,"{""2xx"": 500, ""4xx"": 5, ""5xx"": 5}"
2026-03-21T13:04:00Z,API-0348,payment-network-gateway,prod,,,/routes/card,182,0.0042,336.0,"{""2xx"": 179, ""4xx"": 2, ""5xx"": 1}"
2026-03-21T13:04:00Z,API-0349,payment-network-gateway,prod,,,/routes/upi,225,0.0038,300.5,"{""2xx"": 222, ""4xx"": 2, ""5xx"": 1}"
2026-03-21T13:04:00Z,API-0350,payment-network-gateway,prod,,,/routes/neft,58,0.0032,462.4,"{""2xx"": 57, ""4xx"": 1, ""5xx"": 0}"
2026-03-21T13:05:00Z,API-0351,mobile-app,prod,,,/app/v1/session,1219,0.0049,438.5,"{""2xx"": 1201, ""4xx"": 12, ""5xx"": 6}"
2026-03-21T13:05:00Z,API-0352,net-banking,prod,,,/web/v1/session,810,0.0044,362.9,"{""2xx"": 798, ""4xx"": 8, ""5xx"": 4}"
2026-03-21T13:05:00Z,API-0353,api-gateway,prod,,,/gw/v1/route,2518,0.0031,175.7,"{""2xx"": 2485, ""4xx"": 25, ""5xx"": 8}"
2026-03-21T13:05:00Z,API-0354,auth-service,prod,,,/auth/v1/login,898,0.0019,117.8,"{""2xx"": 887, ""4xx"": 9, ""5xx"": 2}"
2026-03-21T13:05:00Z,API-0355,payments-service,prod,,,/payments/v1/payments,598,0.005,253.8,"{""2xx"": 589, ""4xx"": 6, ""5xx"": 3}"
2026-03-21T13:05:00Z,API-0356,accounts-service,prod,,,/accounts/v1/balance,1121,0.0029,154.8,"{""2xx"": 1107, ""4xx"": 11, ""5xx"": 3}"
2026-03-21T13:05:00Z,API-0357,notification-service,prod,,,/notify/v1/send,501,0.0103,162.7,"{""2xx"": 491, ""4xx"": 5, ""5xx"": 5}"
2026-03-21T13:05:00Z,API-0358,payment-network-gateway,prod,,,/routes/card,178,0.0047,329.5,"{""2xx"": 175, ""4xx"": 2, ""5xx"": 1}"
2026-03-21T13:05:00Z,API-0359,payment-network-gateway,prod,,,/routes/upi,224,0.0037,303.0,"{""2xx"": 221, ""4xx"": 2, ""5xx"": 1}"
2026-03-21T13:05:00Z,API-0360,payment-network-gateway,prod,,,/routes/neft,60,0.0041,465.2,"{""2xx"": 59, ""4xx"": 1, ""5xx"": 0}"
2026-03-21T13:06:00Z,API-0361,mobile-app,prod,,,/app/v1/session,1176,0.0033,437.1,"{""2xx"": 1160, ""4xx"": 12, ""5xx"": 4}"
2026-03-21T13:06:00Z,API-0362,net-banking,prod,,,/web/v1/session,760,0.0042,375.3,"{""2xx"": 749, ""4xx"": 8, ""5xx"": 3}"
2026-03-21T13:06:00Z,API-0363,api-gateway,prod,,,/gw/v1/route,2476,0.0032,174.6,"{""2xx"": 2443, ""4xx"": 25, ""5xx"": 8}"
2026-03-21T13:06:00Z,API-0364,auth-service,prod,,,/auth/v1/login,882,0.0021,123.6,"{""2xx"": 871, ""4xx"": 9, ""5xx"": 2}"
2026-03-21T13:06:00Z,API-0365,payments-service,prod,,,/payments/v1/payments,625,0.0057,261.0,"{""2xx"": 615, ""4xx"": 6, ""5xx"": 4}"
2026-03-21T13:06:00Z,API-0366,accounts-service,prod,,,/accounts/v1/balance,1114,0.0033,154.9,"{""2xx"": 1099, ""4xx"": 11, ""5xx"": 4}"
2026-03-21T13:06:00Z,API-0367,notification-service,prod,,,/notify/v1/send,520,0.0102,165.9,"{""2xx"": 510, ""4xx"": 5, ""5xx"": 5}"
2026-03-21T13:06:00Z,API-0368,payment-network-gateway,prod,,,/routes/card,188,0.0039,346.8,"{""2xx"": 185, ""4xx"": 2, ""5xx"": 1}"
2026-03-21T13:06:00Z,API-0369,payment-network-gateway,prod,,,/routes/upi,213,0.0033,297.1,"{""2xx"": 210, ""4xx"": 2, ""5xx"": 1}"
2026-03-21T13:06:00Z,API-0370,payment-network-gateway,prod,,,/routes/neft,62,0.0045,451.1,"{""2xx"": 61, ""4xx"": 1, ""5xx"": 0}"
2026-03-21T13:07:00Z,API-0371,mobile-app,prod,,,/app/v1/session,1193,0.0044,433.6,"{""2xx"": 1176, ""4xx"": 12, ""5xx"": 5}"
2026-03-21T13:07:00Z,API-0372,net-banking,prod,,,/web/v1/session,764,0.0036,361.0,"{""2xx"": 753, ""4xx"": 8, ""5xx"": 3}"
2026-03-21T13:07:00Z,API-0373,api-gateway,prod,,,/gw/v1/route,2560,0.0035,186.5,"{""2xx"": 2525, ""4xx"": 26, ""5xx"": 9}"
2026-03-21T13:07:00Z,API-0374,auth-service,prod,,,/auth/v1/login,916,0.0024,117.9,"{""2xx"": 905, ""4xx"": 9, ""5xx"": 2}"
2026-03-21T13:07:00Z,API-0375,payments-service,prod,,,/payments/v1/payments,613,0.0061,263.0,"{""2xx"": 603, ""4xx"": 6, ""5xx"": 4}"
2026-03-21T13:07:00Z,API-0376,accounts-service,prod,,,/accounts/v1/balance,1114,0.0037,144.6,"{""2xx"": 1099, ""4xx"": 11, ""5xx"": 4}"
2026-03-21T13:07:00Z,API-0377,notification-service,prod,,,/notify/v1/send,493,0.0101,166.7,"{""2xx"": 483, ""4xx"": 5, ""5xx"": 5}"
2026-03-21T13:07:00Z,API-0378,payment-network-gateway,prod,,,/routes/card,173,0.003,331.0,"{""2xx"": 170, ""4xx"": 2, ""5xx"": 1}"
2026-03-21T13:07:00Z,API-0379,payment-network-gateway,prod,,,/routes/upi,220,0.0034,296.5,"{""2xx"": 217, ""4xx"": 2, ""5xx"": 1}"
2026-03-21T13:07:00Z,API-0380,payment-network-gateway,prod,,,/routes/neft,59,0.0036,431.1,"{""2xx"": 58, ""4xx"": 1, ""5xx"": 0}"
2026-03-21T13:08:00Z,API-0381,mobile-app,prod,,,/app/v1/session,1160,0.0036,429.3,"{""2xx"": 1144, ""4xx"": 12, ""5xx"": 4}"
2026-03-21T13:08:00Z,API-0382,net-banking,prod,,,/web/v1/session,823,0.0041,375.6,"{""2xx"": 812, ""4xx"": 8, ""5xx"": 3}"
2026-03-21T13:08:00Z,API-0383,api-gateway,prod,,,/gw/v1/route,2528,0.0029,185.4,"{""2xx"": 2496, ""4xx"": 25, ""5xx"": 7}"
2026-03-21T13:08:00Z,API-0384,auth-service,prod,,,/auth/v1/login,858,0.0024,125.0,"{""2xx"": 847, ""4xx"": 9, ""5xx"": 2}"
2026-03-21T13:08:00Z,API-0385,payments-service,prod,,,/payments/v1/payments,604,0.0059,251.1,"{""2xx"": 594, ""4xx"": 6, ""5xx"": 4}"
2026-03-21T13:08:00Z,API-0386,accounts-service,prod,,,/accounts/v1/balance,1058,0.0027,150.6,"{""2xx"": 1044, ""4xx"": 11, ""5xx"": 3}"
2026-03-21T13:08:00Z,API-0387,notification-service,prod,,,/notify/v1/send,489,0.01,166.0,"{""2xx"": 479, ""4xx"": 5, ""5xx"": 5}"
2026-03-21T13:08:00Z,API-0388,payment-network-gateway,prod,,,/routes/card,172,0.0034,350.0,"{""2xx"": 169, ""4xx"": 2, ""5xx"": 1}"
2026-03-21T13:08:00Z,API-0389,payment-network-gateway,prod,,,/routes/upi,209,0.0034,287.6,"{""2xx"": 206, ""4xx"": 2, ""5xx"": 1}"
2026-03-21T13:08:00Z,API-0390,payment-network-gateway,prod,,,/routes/neft,59,0.0049,460.6,"{""2xx"": 58, ""4xx"": 1, ""5xx"": 0}"
2026-03-21T13:09:00Z,API-0391,mobile-app,prod,,,/app/v1/session,1200,0.0032,440.5,"{""2xx"": 1184, ""4xx"": 12, ""5xx"": 4}"
2026-03-21T13:09:00Z,API-0392,net-banking,prod,,,/web/v1/session,837,0.0035,394.4,"{""2xx"": 826, ""4xx"": 8, ""5xx"": 3}"
2026-03-21T13:09:00Z,API-0393,api-gateway,prod,,,/gw/v1/route,2551,0.003,185.5,"{""2xx"": 2517, ""4xx"": 26, ""5xx"": 8}"
2026-03-21T13:09:00Z,API-0394,auth-service,prod,,,/auth/v1/login,911,0.0023,121.0,"{""2xx"": 900, ""4xx"": 9, ""5xx"": 2}"
2026-03-21T13:09:00Z,API-0395,payments-service,prod,,,/payments/v1/payments,590,0.0054,254.2,"{""2xx"": 581, ""4xx"": 6, ""5xx"": 3}"
2026-03-21T13:09:00Z,API-0396,accounts-service,prod,,,/accounts/v1/balance,1086,0.0033,145.9,"{""2xx"": 1071, ""4xx"": 11, ""5xx"": 4}"
2026-03-21T13:09:00Z,API-0397,notification-service,prod,,,/notify/v1/send,516,0.0103,165.4,"{""2xx"": 506, ""4xx"": 5, ""5xx"": 5}"
2026-03-21T13:09:00Z,API-0398,payment-network-gateway,prod,,,/routes/card,185,0.0042,341.0,"{""2xx"": 182, ""4xx"": 2, ""5xx"": 1}"
2026-03-21T13:09:00Z,API-0399,payment-network-gateway,prod,,,/routes/upi,225,0.0045,297.8,"{""2xx"": 222, ""4xx"": 2, ""5xx"": 1}"
2026-03-21T13:09:00Z,API-0400,payment-network-gateway,prod,,,/routes/neft,59,0.0034,450.1,"{""2xx"": 58, ""4xx"": 1, ""5xx"": 0}"
2026-03-21T13:10:00Z,API-0401,mobile-app,prod,,,/app/v1/session,1204,0.0036,418.9,"{""2xx"": 1188, ""4xx"": 12, ""5xx"": 4}"
2026-03-21T13:10:00Z,API-0402,net-banking,prod,,,/web/v1/session,768,0.0038,381.2,"{""2xx"": 757, ""4xx"": 8, ""5xx"": 3}"
2026-03-21T13:10:00Z,API-0403,api-gateway,prod,,,/gw/v1/route,2484,0.0034,182.3,"{""2xx"": 2451, ""4xx"": 25, ""5xx"": 8}"
2026-03-21T13:10:00Z,API-0404,auth-service,prod,,,/auth/v1/login,884,0.0024,120.0,"{""2xx"": 873, ""4xx"": 9, ""5xx"": 2}"
2026-03-21T13:10:00Z,API-0405,payments-service,prod,,,/payments/v1/payments,572,0.0059,270.4,"{""2xx"": 563, ""4xx"": 6, ""5xx"": 3}"
2026-03-21T13:10:00Z,API-0406,accounts-service,prod,,,/accounts/v1/balance,1108,0.0033,153.9,"{""2xx"": 1093, ""4xx"": 11, ""5xx"": 4}"
2026-03-21T13:10:00Z,API-0407,notification-service,prod,,,/notify/v1/send,479,0.0103,168.5,"{""2xx"": 469, ""4xx"": 5, ""5xx"": 5}"
2026-03-21T13:10:00Z,API-0408,payment-network-gateway,prod,,,/routes/card,172,0.0049,355.9,"{""2xx"": 169, ""4xx"": 2, ""5xx"": 1}"
2026-03-21T13:10:00Z,API-0409,payment-network-gateway,prod,,,/routes/upi,231,0.0031,292.3,"{""2xx"": 228, ""4xx"": 2, ""5xx"": 1}"
2026-03-21T13:10:00Z,API-0410,payment-network-gateway,prod,,,/routes/neft,61,0.0042,453.6,"{""2xx"": 60, ""4xx"": 1, ""5xx"": 0}"
2026-03-21T13:11:00Z,API-0411,mobile-app,prod,,,/app/v1/session,1253,0.0036,421.8,"{""2xx"": 1235, ""4xx"": 13, ""5xx"": 5}"
2026-03-21T13:11:00Z,API-0412,net-banking,prod,,,/web/v1/session,793,0.0043,365.8,"{""2xx"": 782, ""4xx"": 8, ""5xx"": 3}"
2026-03-21T13:11:00Z,API-0413,api-gateway,prod,,,/gw/v1/route,2541,0.0024,179.7,"{""2xx"": 2510, ""4xx"": 25, ""5xx"": 6}"
2026-03-21T13:11:00Z,API-0414,auth-service,prod,,,/auth/v1/login,923,0.0016,121.2,"{""2xx"": 913, ""4xx"": 9, ""5xx"": 1}"
2026-03-21T13:11:00Z,API-0415,payments-service,prod,,,/payments/v1/payments,609,0.0052,261.2,"{""2xx"": 600, ""4xx"": 6, ""5xx"": 3}"
2026-03-21T13:11:00Z,API-0416,accounts-service,prod,,,/accounts/v1/balance,1124,0.0025,143.7,"{""2xx"": 1110, ""4xx"": 11, ""5xx"": 3}"
2026-03-21T13:11:00Z,API-0417,notification-service,prod,,,/notify/v1/send,497,0.0103,162.7,"{""2xx"": 487, ""4xx"": 5, ""5xx"": 5}"
2026-03-21T13:11:00Z,API-0418,payment-network-gateway,prod,,,/routes/card,176,0.0038,337.4,"{""2xx"": 173, ""4xx"": 2, ""5xx"": 1}"
2026-03-21T13:11:00Z,API-0419,payment-network-gateway,prod,,,/routes/upi,225,0.003,304.5,"{""2xx"": 222, ""4xx"": 2, ""5xx"": 1}"
2026-03-21T13:11:00Z,API-0420,payment-network-gateway,prod,,,/routes/neft,63,0.003,471.7,"{""2xx"": 62, ""4xx"": 1, ""5xx"": 0}"
2026-03-21T13:12:00Z,API-0421,mobile-app,prod,,,/app/v1/session,1156,0.004,430.6,"{""2xx"": 1139, ""4xx"": 12, ""5xx"": 5}"
2026-03-21T13:12:00Z,API-0422,net-banking,prod,,,/web/v1/session,763,0.0044,393.8,"{""2xx"": 752, ""4xx"": 8, ""5xx"": 3}"
2026-03-21T13:12:00Z,API-0423,api-gateway,prod,,,/gw/v1/route,2564,0.0037,186.7,"{""2xx"": 2529, ""4xx"": 26, ""5xx"": 9}"
2026-03-21T13:12:00Z,API-0424,auth-service,prod,,,/auth/v1/login,882,0.002,115.9,"{""2xx"": 871, ""4xx"": 9, ""5xx"": 2}"
2026-03-21T13:12:00Z,API-0425,payments-service,prod,,,/payments/v1/payments,575,0.0044,271.8,"{""2xx"": 566, ""4xx"": 6, ""5xx"": 3}"
2026-03-21T13:12:00Z,API-0426,accounts-service,prod,,,/accounts/v1/balance,1060,0.0023,156.2,"{""2xx"": 1047, ""4xx"": 11, ""5xx"": 2}"
2026-03-21T13:12:00Z,API-0427,notification-service,prod,,,/notify/v1/send,486,0.0102,162.8,"{""2xx"": 476, ""4xx"": 5, ""5xx"": 5}"
2026-03-21T13:12:00Z,API-0428,payment-network-gateway,prod,,,/routes/card,180,0.0041,352.6,"{""2xx"": 177, ""4xx"": 2, ""5xx"": 1}"
2026-03-21T13:12:00Z,API-0429,payment-network-gateway,prod,,,/routes/upi,213,0.0036,298.6,"{""2xx"": 210, ""4xx"": 2, ""5xx"": 1}"
2026-03-21T13:12:00Z,API-0430,payment-network-gateway,prod,,,/routes/neft,62,0.0038,455.8,"{""2xx"": 61, ""4xx"": 1, ""5xx"": 0}"
2026-03-21T13:13:00Z,API-0431,mobile-app,prod,,,/app/v1/session,1218,0.0044,411.4,"{""2xx"": 1201, ""4xx"": 12, ""5xx"": 5}"
2026-03-21T13:13:00Z,API-0432,net-banking,prod,,,/web/v1/session,781,0.0032,395.7,"{""2xx"": 771, ""4xx"": 8, ""5xx"": 2}"
2026-03-21T13:13:00Z,API-0433,api-gateway,prod,,,/gw/v1/route,2580,0.0027,185.0,"{""2xx"": 2547, ""4xx"": 26, ""5xx"": 7}"
2026-03-21T13:13:00Z,API-0434,auth-service,prod,,,/auth/v1/login,873,0.0024,122.9,"{""2xx"": 862, ""4xx"": 9, ""5xx"": 2}"
2026-03-21T13:13:00Z,API-0435,payments-service,prod,,,/payments/v1/payments,581,0.0057,248.0,"{""2xx"": 572, ""4xx"": 6, ""5xx"": 3}"
2026-03-21T13:13:00Z,API-0436,accounts-service,prod,,,/accounts/v1/balance,1045,0.003,145.2,"{""2xx"": 1032, ""4xx"": 10, ""5xx"": 3}"
2026-03-21T13:13:00Z,API-0437,notification-service,prod,,,/notify/v1/send,480,0.0103,166.0,"{""2xx"": 470, ""4xx"": 5, ""5xx"": 5}"
2026-03-21T13:13:00Z,API-0438,payment-network-gateway,prod,,,/routes/card,187,0.0041,356.4,"{""2xx"": 184, ""4xx"": 2, ""5xx"": 1}"
2026-03-21T13:13:00Z,API-0439,payment-network-gateway,prod,,,/routes/upi,222,0.0049,297.4,"{""2xx"": 219, ""4xx"": 2, ""5xx"": 1}"
2026-03-21T13:13:00Z,API-0440,payment-network-gateway,prod,,,/routes/neft,62,0.0036,433.0,"{""2xx"": 61, ""4xx"": 1, ""5xx"": 0}"
2026-03-21T13:14:00Z,API-0441,mobile-app,prod,,,/app/v1/session,1189,0.0047,433.7,"{""2xx"": 1171, ""4xx"": 12, ""5xx"": 6}"
2026-03-21T13:14:00Z,API-0442,net-banking,prod,,,/web/v1/session,787,0.003,365.1,"{""2xx"": 777, ""4xx"": 8, ""5xx"": 2}"
2026-03-21T13:14:00Z,API-0443,api-gateway,prod,,,/gw/v1/route,2575,0.0027,177.5,"{""2xx"": 2542, ""4xx"": 26, ""5xx"": 7}"
2026-03-21T13:14:00Z,API-0444,auth-service,prod,,,/auth/v1/login,894,0.0023,122.0,"{""2xx"": 883, ""4xx"": 9, ""5xx"": 2}"
2026-03-21T13:14:00Z,API-0445,payments-service,prod,,,/payments/v1/payments,626,0.0048,266.7,"{""2xx"": 617, ""4xx"": 6, ""5xx"": 3}"
2026-03-21T13:14:00Z,API-0446,accounts-service,prod,,,/accounts/v1/balance,1085,0.0037,152.7,"{""2xx"": 1070, ""4xx"": 11, ""5xx"": 4}"
2026-03-21T13:14:00Z,API-0447,notification-service,prod,,,/notify/v1/send,480,0.0101,164.3,"{""2xx"": 470, ""4xx"": 5, ""5xx"": 5}"
2026-03-21T13:14:00Z,API-0448,payment-network-gateway,prod,,,/routes/card,182,0.0048,350.5,"{""2xx"": 179, ""4xx"": 2, ""5xx"": 1}"
2026-03-21T13:14:00Z,API-0449,payment-network-gateway,prod,,,/routes/upi,213,0.0037,286.1,"{""2xx"": 210, ""4xx"": 2, ""5xx"": 1}"
2026-03-21T13:14:00Z,API-0450,payment-network-gateway,prod,,,/routes/neft,60,0.0034,429.7,"{""2xx"": 59, ""4xx"": 1, ""5xx"": 0}"
2026-03-21T13:15:00Z,API-0451,mobile-app,prod,,,/app/v1/session,1227,0.0036,423.8,"{""2xx"": 1211, ""4xx"": 12, ""5xx"": 4}"
2026-03-21T13:15:00Z,API-0452,net-banking,prod,,,/web/v1/session,776,0.0047,370.4,"{""2xx"": 764, ""4xx"": 8, ""5xx"": 4}"
2026-03-21T13:15:00Z,API-0453,api-gateway,prod,,,/gw/v1/route,2688,0.0034,175.9,"{""2xx"": 2652, ""4xx"": 27, ""5xx"": 9}"
2026-03-21T13:15:00Z,API-0454,auth-service,prod,,,/auth/v1/login,874,0.0018,115.6,"{""2xx"": 863, ""4xx"": 9, ""5xx"": 2}"
2026-03-21T13:15:00Z,API-0455,payments-service,prod,,,/payments/v1/payments,585,0.0059,250.8,"{""2xx"": 576, ""4xx"": 6, ""5xx"": 3}"
2026-03-21T13:15:00Z,API-0456,accounts-service,prod,,,/accounts/v1/balance,1134,0.0026,150.0,"{""2xx"": 1120, ""4xx"": 11, ""5xx"": 3}"
2026-03-21T13:15:00Z,API-0457,notification-service,prod,,,/notify/v1/send,481,0.0104,164.2,"{""2xx"": 471, ""4xx"": 5, ""5xx"": 5}"
2026-03-21T13:15:00Z,API-0458,payment-network-gateway,prod,,,/routes/card,175,0.0042,352.4,"{""2xx"": 172, ""4xx"": 2, ""5xx"": 1}"
2026-03-21T13:15:00Z,API-0459,payment-network-gateway,prod,,,/routes/upi,213,0.0041,287.8,"{""2xx"": 210, ""4xx"": 2, ""5xx"": 1}"
2026-03-21T13:15:00Z,API-0460,payment-network-gateway,prod,,,/routes/neft,60,0.0047,429.4,"{""2xx"": 59, ""4xx"": 1, ""5xx"": 0}"
2026-03-21T13:16:00Z,API-0461,mobile-app,prod,,,/app/v1/session,1249,0.0036,419.4,"{""2xx"": 1233, ""4xx"": 12, ""5xx"": 4}"
2026-03-21T13:16:00Z,API-0462,net-banking,prod,,,/web/v1/session,821,0.0032,385.0,"{""2xx"": 810, ""4xx"": 8, ""5xx"": 3}"
2026-03-21T13:16:00Z,API-0463,api-gateway,prod,,,/gw/v1/route,2572,0.0024,172.4,"{""2xx"": 2540, ""4xx"": 26, ""5xx"": 6}"
2026-03-21T13:16:00Z,API-0464,auth-service,prod,,,/auth/v1/login,881,0.0018,118.5,"{""2xx"": 870, ""4xx"": 9, ""5xx"": 2}"
2026-03-21T13:16:00Z,API-0465,payments-service,prod,,,/payments/v1/payments,570,0.0058,263.2,"{""2xx"": 561, ""4xx"": 6, ""5xx"": 3}"
2026-03-21T13:16:00Z,API-0466,accounts-service,prod,,,/accounts/v1/balance,1070,0.0028,157.5,"{""2xx"": 1056, ""4xx"": 11, ""5xx"": 3}"
2026-03-21T13:16:00Z,API-0467,notification-service,prod,,,/notify/v1/send,491,0.0104,169.8,"{""2xx"": 481, ""4xx"": 5, ""5xx"": 5}"
2026-03-21T13:16:00Z,API-0468,payment-network-gateway,prod,,,/routes/card,186,0.005,345.2,"{""2xx"": 183, ""4xx"": 2, ""5xx"": 1}"
2026-03-21T13:16:00Z,API-0469,payment-network-gateway,prod,,,/routes/upi,217,0.0036,305.4,"{""2xx"": 214, ""4xx"": 2, ""5xx"": 1}"
2026-03-21T13:16:00Z,API-0470,payment-network-gateway,prod,,,/routes/neft,61,0.0041,468.9,"{""2xx"": 60, ""4xx"": 1, ""5xx"": 0}"
2026-03-21T13:17:00Z,API-0471,mobile-app,prod,,,/app/v1/session,1151,0.0047,429.5,"{""2xx"": 1134, ""4xx"": 12, ""5xx"": 5}"
2026-03-21T13:17:00Z,API-0472,net-banking,prod,,,/web/v1/session,833,0.0036,384.3,"{""2xx"": 822, ""4xx"": 8, ""5xx"": 3}"
2026-03-21T13:17:00Z,API-0473,api-gateway,prod,,,/gw/v1/route,2488,0.0032,174.4,"{""2xx"": 2455, ""4xx"": 25, ""5xx"": 8}"
2026-03-21T13:17:00Z,API-0474,auth-service,prod,,,/auth/v1/login,893,0.0016,122.3,"{""2xx"": 883, ""4xx"": 9, ""5xx"": 1}"
2026-03-21T13:17:00Z,API-0475,payments-service,prod,,,/payments/v1/payments,596,0.0056,264.4,"{""2xx"": 587, ""4xx"": 6, ""5xx"": 3}"
2026-03-21T13:17:00Z,API-0476,accounts-service,prod,,,/accounts/v1/balance,1073,0.0036,144.4,"{""2xx"": 1058, ""4xx"": 11, ""5xx"": 4}"
2026-03-21T13:17:00Z,API-0477,notification-service,prod,,,/notify/v1/send,520,0.0103,168.4,"{""2xx"": 510, ""4xx"": 5, ""5xx"": 5}"
2026-03-21T13:17:00Z,API-0478,payment-network-gateway,prod,,,/routes/card,183,0.0038,330.9,"{""2xx"": 180, ""4xx"": 2, ""5xx"": 1}"
2026-03-21T13:17:00Z,API-0479,payment-network-gateway,prod,,,/routes/upi,216,0.0045,293.4,"{""2xx"": 213, ""4xx"": 2, ""5xx"": 1}"
2026-03-21T13:17:00Z,API-0480,payment-network-gateway,prod,,,/routes/neft,60,0.0032,440.1,"{""2xx"": 59, ""4xx"": 1, ""5xx"": 0}"
2026-03-21T13:18:00Z,API-0481,mobile-app,prod,,,/app/v1/session,1213,0.0036,404.1,"{""2xx"": 1197, ""4xx"": 12, ""5xx"": 4}"
2026-03-21T13:18:00Z,API-0482,net-banking,prod,,,/web/v1/session,838,0.0041,398.5,"{""2xx"": 827, ""4xx"": 8, ""5xx"": 3}"
2026-03-21T13:18:00Z,API-0483,api-gateway,prod,,,/gw/v1/route,2479,0.0023,175.6,"{""2xx"": 2448, ""4xx"": 25, ""5xx"": 6}"
2026-03-21T13:18:00Z,API-0484,auth-service,prod,,,/auth/v1/login,939,0.002,122.3,"{""2xx"": 928, ""4xx"": 9, ""5xx"": 2}"
2026-03-21T13:18:00Z,API-0485,payments-service,prod,,,/payments/v1/payments,610,0.0057,263.5,"{""2xx"": 601, ""4xx"": 6, ""5xx"": 3}"
2026-03-21T13:18:00Z,API-0486,accounts-service,prod,,,/accounts/v1/balance,1102,0.0024,146.4,"{""2xx"": 1088, ""4xx"": 11, ""5xx"": 3}"
2026-03-21T13:18:00Z,API-0487,notification-service,prod,,,/notify/v1/send,511,0.0103,163.4,"{""2xx"": 501, ""4xx"": 5, ""5xx"": 5}"
2026-03-21T13:18:00Z,API-0488,payment-network-gateway,prod,,,/routes/card,182,0.0034,344.9,"{""2xx"": 179, ""4xx"": 2, ""5xx"": 1}"
2026-03-21T13:18:00Z,API-0489,payment-network-gateway,prod,,,/routes/upi,227,0.0037,311.0,"{""2xx"": 224, ""4xx"": 2, ""5xx"": 1}"
2026-03-21T13:18:00Z,API-0490,payment-network-gateway,prod,,,/routes/neft,58,0.0044,441.7,"{""2xx"": 57, ""4xx"": 1, ""5xx"": 0}"
2026-03-21T13:19:00Z,API-0491,mobile-app,prod,,,/app/v1/session,1239,0.0047,403.5,"{""2xx"": 1221, ""4xx"": 12, ""5xx"": 6}"
2026-03-21T13:19:00Z,API-0492,net-banking,prod,,,/web/v1/session,821,0.0034,374.5,"{""2xx"": 810, ""4xx"": 8, ""5xx"": 3}"
2026-03-21T13:19:00Z,API-0493,api-gateway,prod,,,/gw/v1/route,2649,0.0027,176.5,"{""2xx"": 2616, ""4xx"": 26, ""5xx"": 7}"
2026-03-21T13:19:00Z,API-0494,auth-service,prod,,,/auth/v1/login,917,0.0017,119.4,"{""2xx"": 906, ""4xx"": 9, ""5xx"": 2}"
2026-03-21T13:19:00Z,API-0495,payments-service,prod,,,/payments/v1/payments,604,0.0043,249.2,"{""2xx"": 595, ""4xx"": 6, ""5xx"": 3}"
2026-03-21T13:19:00Z,API-0496,accounts-service,prod,,,/accounts/v1/balance,1141,0.0037,145.0,"{""2xx"": 1126, ""4xx"": 11, ""5xx"": 4}"
2026-03-21T13:19:00Z,API-0497,notification-service,prod,,,/notify/v1/send,521,0.0102,168.4,"{""2xx"": 511, ""4xx"": 5, ""5xx"": 5}"
2026-03-21T13:19:00Z,API-0498,payment-network-gateway,prod,,,/routes/card,178,0.0036,324.6,"{""2xx"": 175, ""4xx"": 2, ""5xx"": 1}"
2026-03-21T13:19:00Z,API-0499,payment-network-gateway,prod,,,/routes/upi,221,0.0034,313.5,"{""2xx"": 218, ""4xx"": 2, ""5xx"": 1}"
2026-03-21T13:19:00Z,API-0500,payment-network-gateway,prod,,,/routes/neft,59,0.0049,444.6,"{""2xx"": 58, ""4xx"": 1, ""5xx"": 0}"
2026-03-21T13:20:00Z,API-0501,mobile-app,prod,,,/app/v1/session,1156,0.0031,433.1,"{""2xx"": 1140, ""4xx"": 12, ""5xx"": 4}"
2026-03-21T13:20:00Z,API-0502,net-banking,prod,,,/web/v1/session,796,0.0039,385.7,"{""2xx"": 785, ""4xx"": 8, ""5xx"": 3}"
2026-03-21T13:20:00Z,API-0503,api-gateway,prod,,,/gw/v1/route,2703,0.0024,182.0,"{""2xx"": 2670, ""4xx"": 27, ""5xx"": 6}"
2026-03-21T13:20:00Z,API-0504,auth-service,prod,,,/auth/v1/login,913,0.0017,123.8,"{""2xx"": 902, ""4xx"": 9, ""5xx"": 2}"
2026-03-21T13:20:00Z,API-0505,payments-service,prod,,,/payments/v1/payments,619,0.005,251.7,"{""2xx"": 610, ""4xx"": 6, ""5xx"": 3}"
2026-03-21T13:20:00Z,API-0506,accounts-service,prod,,,/accounts/v1/balance,1145,0.0035,151.6,"{""2xx"": 1130, ""4xx"": 11, ""5xx"": 4}"
2026-03-21T13:20:00Z,API-0507,notification-service,prod,,,/notify/v1/send,481,0.0103,164.7,"{""2xx"": 471, ""4xx"": 5, ""5xx"": 5}"
2026-03-21T13:20:00Z,API-0508,payment-network-gateway,prod,,,/routes/card,185,0.0048,342.7,"{""2xx"": 182, ""4xx"": 2, ""5xx"": 1}"
2026-03-21T13:20:00Z,API-0509,payment-network-gateway,prod,,,/routes/upi,229,0.0038,297.0,"{""2xx"": 226, ""4xx"": 2, ""5xx"": 1}"
2026-03-21T13:20:00Z,API-0510,payment-network-gateway,prod,,,/routes/neft,60,0.0033,463.3,"{""2xx"": 59, ""4xx"": 1, ""5xx"": 0}"
2026-03-21T13:21:00Z,API-0511,mobile-app,prod,,,/app/v1/session,1224,0.0044,422.6,"{""2xx"": 1207, ""4xx"": 12, ""5xx"": 5}"
2026-03-21T13:21:00Z,API-0512,net-banking,prod,,,/web/v1/session,787,0.0048,386.1,"{""2xx"": 775, ""4xx"": 8, ""5xx"": 4}"
2026-03-21T13:21:00Z,API-0513,api-gateway,prod,,,/gw/v1/route,2709,0.0027,174.4,"{""2xx"": 2675, ""4xx"": 27, ""5xx"": 7}"
2026-03-21T13:21:00Z,API-0514,auth-service,prod,,,/auth/v1/login,876,0.0017,114.0,"{""2xx"": 866, ""4xx"": 9, ""5xx"": 1}"
2026-03-21T13:21:00Z,API-0515,payments-service,prod,,,/payments/v1/payments,575,0.0046,257.3,"{""2xx"": 566, ""4xx"": 6, ""5xx"": 3}"
2026-03-21T13:21:00Z,API-0516,accounts-service,prod,,,/accounts/v1/balance,1099,0.0024,144.2,"{""2xx"": 1085, ""4xx"": 11, ""5xx"": 3}"
2026-03-21T13:21:00Z,API-0517,notification-service,prod,,,/notify/v1/send,492,0.0102,169.7,"{""2xx"": 482, ""4xx"": 5, ""5xx"": 5}"
2026-03-21T13:21:00Z,API-0518,payment-network-gateway,prod,,,/routes/card,177,0.0038,336.5,"{""2xx"": 174, ""4xx"": 2, ""5xx"": 1}"
2026-03-21T13:21:00Z,API-0519,payment-network-gateway,prod,,,/routes/upi,214,0.0032,292.6,"{""2xx"": 211, ""4xx"": 2, ""5xx"": 1}"
2026-03-21T13:21:00Z,API-0520,payment-network-gateway,prod,,,/routes/neft,62,0.0048,436.8,"{""2xx"": 61, ""4xx"": 1, ""5xx"": 0}"
2026-03-21T13:22:00Z,API-0521,mobile-app,prod,,,/app/v1/session,1207,0.0049,421.6,"{""2xx"": 1189, ""4xx"": 12, ""5xx"": 6}"
2026-03-21T13:22:00Z,API-0522,net-banking,prod,,,/web/v1/session,835,0.005,373.8,"{""2xx"": 823, ""4xx"": 8, ""5xx"": 4}"
2026-03-21T13:22:00Z,API-0523,api-gateway,prod,,,/gw/v1/route,2591,0.0028,181.2,"{""2xx"": 2558, ""4xx"": 26, ""5xx"": 7}"
2026-03-21T13:22:00Z,API-0524,auth-service,prod,,,/auth/v1/login,922,0.0019,117.2,"{""2xx"": 911, ""4xx"": 9, ""5xx"": 2}"
2026-03-21T13:22:00Z,API-0525,payments-service,prod,,,/payments/v1/payments,609,0.0055,256.7,"{""2xx"": 600, ""4xx"": 6, ""5xx"": 3}"
2026-03-21T13:22:00Z,API-0526,accounts-service,prod,,,/accounts/v1/balance,1134,0.0026,149.8,"{""2xx"": 1120, ""4xx"": 11, ""5xx"": 3}"
2026-03-21T13:22:00Z,API-0527,notification-service,prod,,,/notify/v1/send,504,0.0103,166.5,"{""2xx"": 494, ""4xx"": 5, ""5xx"": 5}"
2026-03-21T13:22:00Z,API-0528,payment-network-gateway,prod,,,/routes/card,178,0.0039,339.1,"{""2xx"": 175, ""4xx"": 2, ""5xx"": 1}"
2026-03-21T13:22:00Z,API-0529,payment-network-gateway,prod,,,/routes/upi,217,0.0036,290.2,"{""2xx"": 214, ""4xx"": 2, ""5xx"": 1}"
2026-03-21T13:22:00Z,API-0530,payment-network-gateway,prod,,,/routes/neft,60,0.0032,469.2,"{""2xx"": 59, ""4xx"": 1, ""5xx"": 0}"
2026-03-21T13:23:00Z,API-0531,mobile-app,prod,,,/app/v1/session,1190,0.0044,418.5,"{""2xx"": 1173, ""4xx"": 12, ""5xx"": 5}"
2026-03-21T13:23:00Z,API-0532,net-banking,prod,,,/web/v1/session,832,0.0045,368.7,"{""2xx"": 820, ""4xx"": 8, ""5xx"": 4}"
2026-03-21T13:23:00Z,API-0533,api-gateway,prod,,,/gw/v1/route,2637,0.0037,185.7,"{""2xx"": 2601, ""4xx"": 26, ""5xx"": 10}"
2026-03-21T13:23:00Z,API-0534,auth-service,prod,,,/auth/v1/login,865,0.0016,123.7,"{""2xx"": 855, ""4xx"": 9, ""5xx"": 1}"
2026-03-21T13:23:00Z,API-0535,payments-service,prod,,,/payments/v1/payments,629,0.005,267.9,"{""2xx"": 620, ""4xx"": 6, ""5xx"": 3}"
2026-03-21T13:23:00Z,API-0536,accounts-service,prod,,,/accounts/v1/balance,1117,0.0037,149.9,"{""2xx"": 1102, ""4xx"": 11, ""5xx"": 4}"
2026-03-21T13:23:00Z,API-0537,notification-service,prod,,,/notify/v1/send,502,0.0102,168.8,"{""2xx"": 492, ""4xx"": 5, ""5xx"": 5}"
2026-03-21T13:23:00Z,API-0538,payment-network-gateway,prod,,,/routes/card,186,0.0036,345.8,"{""2xx"": 183, ""4xx"": 2, ""5xx"": 1}"
2026-03-21T13:23:00Z,API-0539,payment-network-gateway,prod,,,/routes/upi,211,0.0039,291.4,"{""2xx"": 208, ""4xx"": 2, ""5xx"": 1}"
2026-03-21T13:23:00Z,API-0540,payment-network-gateway,prod,,,/routes/neft,62,0.0035,455.4,"{""2xx"": 61, ""4xx"": 1, ""5xx"": 0}"
2026-03-21T13:24:00Z,API-0541,mobile-app,prod,,,/app/v1/session,1218,0.0034,425.3,"{""2xx"": 1202, ""4xx"": 12, ""5xx"": 4}"
2026-03-21T13:24:00Z,API-0542,net-banking,prod,,,/web/v1/session,814,0.0049,386.5,"{""2xx"": 802, ""4xx"": 8, ""5xx"": 4}"
2026-03-21T13:24:00Z,API-0543,api-gateway,prod,,,/gw/v1/route,2476,0.0035,183.9,"{""2xx"": 2442, ""4xx"": 25, ""5xx"": 9}"
2026-03-21T13:24:00Z,API-0544,auth-service,prod,,,/auth/v1/login,876,0.0019,117.3,"{""2xx"": 865, ""4xx"": 9, ""5xx"": 2}"
2026-03-21T13:24:00Z,API-0545,payments-service,prod,,,/payments/v1/payments,594,0.0053,251.1,"{""2xx"": 585, ""4xx"": 6, ""5xx"": 3}"
2026-03-21T13:24:00Z,API-0546,accounts-service,prod,,,/accounts/v1/balance,1119,0.0037,156.1,"{""2xx"": 1104, ""4xx"": 11, ""5xx"": 4}"
2026-03-21T13:24:00Z,API-0547,notification-service,prod,,,/notify/v1/send,499,0.0102,168.9,"{""2xx"": 489, ""4xx"": 5, ""5xx"": 5}"
2026-03-21T13:24:00Z,API-0548,payment-network-gateway,prod,,,/routes/card,185,0.004,351.3,"{""2xx"": 182, ""4xx"": 2, ""5xx"": 1}"
2026-03-21T13:24:00Z,API-0549,payment-network-gateway,prod,,,/routes/upi,221,0.0036,291.1,"{""2xx"": 218, ""4xx"": 2, ""5xx"": 1}"
2026-03-21T13:24:00Z,API-0550,payment-network-gateway,prod,,,/routes/neft,59,0.0047,459.9,"{""2xx"": 58, ""4xx"": 1, ""5xx"": 0}"
2026-03-21T13:25:00Z,API-0551,mobile-app,prod,,,/app/v1/session,1178,0.0038,403.1,"{""2xx"": 1162, ""4xx"": 12, ""5xx"": 4}"
2026-03-21T13:25:00Z,API-0552,net-banking,prod,,,/web/v1/session,771,0.0043,387.6,"{""2xx"": 760, ""4xx"": 8, ""5xx"": 3}"
2026-03-21T13:25:00Z,API-0553,api-gateway,prod,,,/gw/v1/route,2621,0.0037,176.6,"{""2xx"": 2585, ""4xx"": 26, ""5xx"": 10}"
2026-03-21T13:25:00Z,API-0554,auth-service,prod,,,/auth/v1/login,901,0.0025,114.5,"{""2xx"": 890, ""4xx"": 9, ""5xx"": 2}"
2026-03-21T13:25:00Z,API-0555,payments-service,prod,,,/payments/v1/payments,596,0.0061,266.3,"{""2xx"": 586, ""4xx"": 6, ""5xx"": 4}"
2026-03-21T13:25:00Z,API-0556,accounts-service,prod,,,/accounts/v1/balance,1141,0.0023,154.5,"{""2xx"": 1127, ""4xx"": 11, ""5xx"": 3}"
2026-03-21T13:25:00Z,API-0557,notification-service,prod,,,/notify/v1/send,505,0.0101,164.1,"{""2xx"": 495, ""4xx"": 5, ""5xx"": 5}"
2026-03-21T13:25:00Z,API-0558,payment-network-gateway,prod,,,/routes/card,172,0.0038,354.0,"{""2xx"": 169, ""4xx"": 2, ""5xx"": 1}"
2026-03-21T13:25:00Z,API-0559,payment-network-gateway,prod,,,/routes/upi,212,0.0031,296.5,"{""2xx"": 209, ""4xx"": 2, ""5xx"": 1}"
2026-03-21T13:25:00Z,API-0560,payment-network-gateway,prod,,,/routes/neft,61,0.005,428.5,"{""2xx"": 60, ""4xx"": 1, ""5xx"": 0}"
2026-03-21T13:26:00Z,API-0561,mobile-app,prod,,,/app/v1/session,1259,0.0037,428.6,"{""2xx"": 1241, ""4xx"": 13, ""5xx"": 5}"
2026-03-21T13:26:00Z,API-0562,net-banking,prod,,,/web/v1/session,791,0.0046,364.7,"{""2xx"": 779, ""4xx"": 8, ""5xx"": 4}"
2026-03-21T13:26:00Z,API-0563,api-gateway,prod,,,/gw/v1/route,2591,0.0025,180.0,"{""2xx"": 2559, ""4xx"": 26, ""5xx"": 6}"
2026-03-21T13:26:00Z,API-0564,auth-service,prod,,,/auth/v1/login,894,0.0018,115.4,"{""2xx"": 883, ""4xx"": 9, ""5xx"": 2}"
2026-03-21T13:26:00Z,API-0565,payments-service,prod,,,/payments/v1/payments,621,0.0046,264.3,"{""2xx"": 612, ""4xx"": 6, ""5xx"": 3}"
2026-03-21T13:26:00Z,API-0566,accounts-service,prod,,,/accounts/v1/balance,1070,0.0036,154.4,"{""2xx"": 1055, ""4xx"": 11, ""5xx"": 4}"
2026-03-21T13:26:00Z,API-0567,notification-service,prod,,,/notify/v1/send,495,0.0101,163.6,"{""2xx"": 485, ""4xx"": 5, ""5xx"": 5}"
2026-03-21T13:26:00Z,API-0568,payment-network-gateway,prod,,,/routes/card,182,0.0032,326.8,"{""2xx"": 179, ""4xx"": 2, ""5xx"": 1}"
2026-03-21T13:26:00Z,API-0569,payment-network-gateway,prod,,,/routes/upi,228,0.0038,297.3,"{""2xx"": 225, ""4xx"": 2, ""5xx"": 1}"
2026-03-21T13:26:00Z,API-0570,payment-network-gateway,prod,,,/routes/neft,60,0.004,441.9,"{""2xx"": 59, ""4xx"": 1, ""5xx"": 0}"
2026-03-21T13:27:00Z,API-0571,mobile-app,prod,,,/app/v1/session,1244,0.0031,423.8,"{""2xx"": 1228, ""4xx"": 12, ""5xx"": 4}"
2026-03-21T13:27:00Z,API-0572,net-banking,prod,,,/web/v1/session,794,0.0041,394.9,"{""2xx"": 783, ""4xx"": 8, ""5xx"": 3}"
2026-03-21T13:27:00Z,API-0573,api-gateway,prod,,,/gw/v1/route,2479,0.0036,185.6,"{""2xx"": 2445, ""4xx"": 25, ""5xx"": 9}"
2026-03-21T13:27:00Z,API-0574,auth-service,prod,,,/auth/v1/login,868,0.0022,123.1,"{""2xx"": 857, ""4xx"": 9, ""5xx"": 2}"
2026-03-21T13:27:00Z,API-0575,payments-service,prod,,,/payments/v1/payments,622,0.0057,250.9,"{""2xx"": 612, ""4xx"": 6, ""5xx"": 4}"
2026-03-21T13:27:00Z,API-0576,accounts-service,prod,,,/accounts/v1/balance,1155,0.0025,146.0,"{""2xx"": 1140, ""4xx"": 12, ""5xx"": 3}"
2026-03-21T13:27:00Z,API-0577,notification-service,prod,,,/notify/v1/send,515,0.0102,162.4,"{""2xx"": 505, ""4xx"": 5, ""5xx"": 5}"
2026-03-21T13:27:00Z,API-0578,payment-network-gateway,prod,,,/routes/card,179,0.0041,347.9,"{""2xx"": 176, ""4xx"": 2, ""5xx"": 1}"
2026-03-21T13:27:00Z,API-0579,payment-network-gateway,prod,,,/routes/upi,215,0.0032,285.6,"{""2xx"": 212, ""4xx"": 2, ""5xx"": 1}"
2026-03-21T13:27:00Z,API-0580,payment-network-gateway,prod,,,/routes/neft,57,0.0033,442.6,"{""2xx"": 56, ""4xx"": 1, ""5xx"": 0}"
2026-03-21T13:28:00Z,API-0581,mobile-app,prod,,,/app/v1/session,1169,0.004,408.1,"{""2xx"": 1152, ""4xx"": 12, ""5xx"": 5}"
2026-03-21T13:28:00Z,API-0582,net-banking,prod,,,/web/v1/session,808,0.0036,379.9,"{""2xx"": 797, ""4xx"": 8, ""5xx"": 3}"
2026-03-21T13:28:00Z,API-0583,api-gateway,prod,,,/gw/v1/route,2620,0.0023,186.1,"{""2xx"": 2588, ""4xx"": 26, ""5xx"": 6}"
2026-03-21T13:28:00Z,API-0584,auth-service,prod,,,/auth/v1/login,907,0.0021,118.1,"{""2xx"": 896, ""4xx"": 9, ""5xx"": 2}"
2026-03-21T13:28:00Z,API-0585,payments-service,prod,,,/payments/v1/payments,623,0.0052,262.6,"{""2xx"": 614, ""4xx"": 6, ""5xx"": 3}"
2026-03-21T13:28:00Z,API-0586,accounts-service,prod,,,/accounts/v1/balance,1149,0.0025,149.7,"{""2xx"": 1135, ""4xx"": 11, ""5xx"": 3}"
2026-03-21T13:28:00Z,API-0587,notification-service,prod,,,/notify/v1/send,517,0.0103,162.7,"{""2xx"": 507, ""4xx"": 5, ""5xx"": 5}"
2026-03-21T13:28:00Z,API-0588,payment-network-gateway,prod,,,/routes/card,188,0.0045,330.0,"{""2xx"": 185, ""4xx"": 2, ""5xx"": 1}"
2026-03-21T13:28:00Z,API-0589,payment-network-gateway,prod,,,/routes/upi,223,0.0046,308.2,"{""2xx"": 220, ""4xx"": 2, ""5xx"": 1}"
2026-03-21T13:28:00Z,API-0590,payment-network-gateway,prod,,,/routes/neft,59,0.0045,433.9,"{""2xx"": 58, ""4xx"": 1, ""5xx"": 0}"
2026-03-21T13:29:00Z,API-0591,mobile-app,prod,,,/app/v1/session,1140,0.0039,428.1,"{""2xx"": 1125, ""4xx"": 11, ""5xx"": 4}"
2026-03-21T13:29:00Z,API-0592,net-banking,prod,,,/web/v1/session,790,0.004,368.7,"{""2xx"": 779, ""4xx"": 8, ""5xx"": 3}"
2026-03-21T13:29:00Z,API-0593,api-gateway,prod,,,/gw/v1/route,2627,0.0031,175.6,"{""2xx"": 2593, ""4xx"": 26, ""5xx"": 8}"
2026-03-21T13:29:00Z,API-0594,auth-service,prod,,,/auth/v1/login,933,0.0023,125.7,"{""2xx"": 922, ""4xx"": 9, ""5xx"": 2}"
2026-03-21T13:29:00Z,API-0595,payments-service,prod,,,/payments/v1/payments,587,0.0044,249.7,"{""2xx"": 578, ""4xx"": 6, ""5xx"": 3}"
2026-03-21T13:29:00Z,API-0596,accounts-service,prod,,,/accounts/v1/balance,1069,0.0024,152.3,"{""2xx"": 1055, ""4xx"": 11, ""5xx"": 3}"
2026-03-21T13:29:00Z,API-0597,notification-service,prod,,,/notify/v1/send,524,0.0101,165.0,"{""2xx"": 514, ""4xx"": 5, ""5xx"": 5}"
2026-03-21T13:29:00Z,API-0598,payment-network-gateway,prod,,,/routes/card,185,0.0039,338.0,"{""2xx"": 182, ""4xx"": 2, ""5xx"": 1}"
2026-03-21T13:29:00Z,API-0599,payment-network-gateway,prod,,,/routes/upi,225,0.0038,313.9,"{""2xx"": 222, ""4xx"": 2, ""5xx"": 1}"
2026-03-21T13:29:00Z,API-0600,payment-network-gateway,prod,,,/routes/neft,61,0.0049,452.8,"{""2xx"": 60, ""4xx"": 1, ""5xx"": 0}"
2026-03-21T13:30:00Z,API-0601,mobile-app,prod,,,/app/v1/session,1251,0.0039,417.5,"{""2xx"": 1233, ""4xx"": 13, ""5xx"": 5}"
2026-03-21T13:30:00Z,API-0602,net-banking,prod,,,/web/v1/session,824,0.0033,378.9,"{""2xx"": 813, ""4xx"": 8, ""5xx"": 3}"
2026-03-21T13:30:00Z,API-0603,api-gateway,prod,,,/gw/v1/route,2716,0.0037,172.8,"{""2xx"": 2679, ""4xx"": 27, ""5xx"": 10}"
2026-03-21T13:30:00Z,API-0604,auth-service,prod,,,/auth/v1/login,905,0.002,118.5,"{""2xx"": 894, ""4xx"": 9, ""5xx"": 2}"
2026-03-21T13:30:00Z,API-0605,payments-service,prod,,,/payments/v1/payments,577,0.0051,267.5,"{""2xx"": 568, ""4xx"": 6, ""5xx"": 3}"
2026-03-21T13:30:00Z,API-0606,accounts-service,prod,,,/accounts/v1/balance,1147,0.0025,148.9,"{""2xx"": 1133, ""4xx"": 11, ""5xx"": 3}"
2026-03-21T13:30:00Z,API-0607,notification-service,prod,,,/notify/v1/send,512,0.0102,164.9,"{""2xx"": 502, ""4xx"": 5, ""5xx"": 5}"
2026-03-21T13:30:00Z,API-0608,payment-network-gateway,prod,,,/routes/card,183,0.004,340.8,"{""2xx"": 180, ""4xx"": 2, ""5xx"": 1}"
2026-03-21T13:30:00Z,API-0609,payment-network-gateway,prod,,,/routes/upi,217,0.0037,299.3,"{""2xx"": 214, ""4xx"": 2, ""5xx"": 1}"
2026-03-21T13:30:00Z,API-0610,payment-network-gateway,prod,,,/routes/neft,61,0.0048,441.9,"{""2xx"": 60, ""4xx"": 1, ""5xx"": 0}"
2026-03-21T13:31:00Z,API-0611,mobile-app,prod,,,/app/v1/session,1249,0.0041,428.0,"{""2xx"": 1232, ""4xx"": 12, ""5xx"": 5}"
2026-03-21T13:31:00Z,API-0612,net-banking,prod,,,/web/v1/session,839,0.0044,382.2,"{""2xx"": 827, ""4xx"": 8, ""5xx"": 4}"
2026-03-21T13:31:00Z,API-0613,api-gateway,prod,,,/gw/v1/route,2591,0.0024,183.2,"{""2xx"": 2559, ""4xx"": 26, ""5xx"": 6}"
2026-03-21T13:31:00Z,API-0614,auth-service,prod,,,/auth/v1/login,936,0.0015,117.9,"{""2xx"": 926, ""4xx"": 9, ""5xx"": 1}"
2026-03-21T13:31:00Z,API-0615,payments-service,prod,,,/payments/v1/payments,610,0.0046,250.6,"{""2xx"": 601, ""4xx"": 6, ""5xx"": 3}"
2026-03-21T13:31:00Z,API-0616,accounts-service,prod,,,/accounts/v1/balance,1092,0.003,155.7,"{""2xx"": 1078, ""4xx"": 11, ""5xx"": 3}"
2026-03-21T13:31:00Z,API-0617,notification-service,prod,,,/notify/v1/send,510,0.0102,168.2,"{""2xx"": 500, ""4xx"": 5, ""5xx"": 5}"
2026-03-21T13:31:00Z,API-0618,payment-network-gateway,prod,,,/routes/card,176,0.0033,345.5,"{""2xx"": 173, ""4xx"": 2, ""5xx"": 1}"
2026-03-21T13:31:00Z,API-0619,payment-network-gateway,prod,,,/routes/upi,229,0.0048,296.6,"{""2xx"": 226, ""4xx"": 2, ""5xx"": 1}"
2026-03-21T13:31:00Z,API-0620,payment-network-gateway,prod,,,/routes/neft,61,0.0042,443.8,"{""2xx"": 60, ""4xx"": 1, ""5xx"": 0}"
2026-03-21T13:32:00Z,API-0621,mobile-app,prod,,,/app/v1/session,1146,0.0047,427.1,"{""2xx"": 1130, ""4xx"": 11, ""5xx"": 5}"
2026-03-21T13:32:00Z,API-0622,net-banking,prod,,,/web/v1/session,768,0.0043,366.8,"{""2xx"": 757, ""4xx"": 8, ""5xx"": 3}"
2026-03-21T13:32:00Z,API-0623,api-gateway,prod,,,/gw/v1/route,2530,0.0033,183.0,"{""2xx"": 2497, ""4xx"": 25, ""5xx"": 8}"
2026-03-21T13:32:00Z,API-0624,auth-service,prod,,,/auth/v1/login,871,0.002,116.4,"{""2xx"": 860, ""4xx"": 9, ""5xx"": 2}"
2026-03-21T13:32:00Z,API-0625,payments-service,prod,,,/payments/v1/payments,629,0.0055,272.0,"{""2xx"": 620, ""4xx"": 6, ""5xx"": 3}"
2026-03-21T13:32:00Z,API-0626,accounts-service,prod,,,/accounts/v1/balance,1094,0.0031,148.7,"{""2xx"": 1080, ""4xx"": 11, ""5xx"": 3}"
2026-03-21T13:32:00Z,API-0627,notification-service,prod,,,/notify/v1/send,477,0.0103,169.4,"{""2xx"": 467, ""4xx"": 5, ""5xx"": 5}"
2026-03-21T13:32:00Z,API-0628,payment-network-gateway,prod,,,/routes/card,185,0.0046,324.8,"{""2xx"": 182, ""4xx"": 2, ""5xx"": 1}"
2026-03-21T13:32:00Z,API-0629,payment-network-gateway,prod,,,/routes/upi,229,0.0039,293.4,"{""2xx"": 226, ""4xx"": 2, ""5xx"": 1}"
2026-03-21T13:32:00Z,API-0630,payment-network-gateway,prod,,,/routes/neft,57,0.0036,446.1,"{""2xx"": 56, ""4xx"": 1, ""5xx"": 0}"
2026-03-21T13:33:00Z,API-0631,mobile-app,prod,,,/app/v1/session,1229,0.0047,417.8,"{""2xx"": 1211, ""4xx"": 12, ""5xx"": 6}"
2026-03-21T13:33:00Z,API-0632,net-banking,prod,,,/web/v1/session,769,0.0049,370.8,"{""2xx"": 757, ""4xx"": 8, ""5xx"": 4}"
2026-03-21T13:33:00Z,API-0633,api-gateway,prod,,,/gw/v1/route,2546,0.0037,177.5,"{""2xx"": 2512, ""4xx"": 25, ""5xx"": 9}"
2026-03-21T13:33:00Z,API-0634,auth-service,prod,,,/auth/v1/login,917,0.0017,117.8,"{""2xx"": 906, ""4xx"": 9, ""5xx"": 2}"
2026-03-21T13:33:00Z,API-0635,payments-service,prod,,,/payments/v1/payments,622,0.0062,265.0,"{""2xx"": 612, ""4xx"": 6, ""5xx"": 4}"
2026-03-21T13:33:00Z,API-0636,accounts-service,prod,,,/accounts/v1/balance,1054,0.0033,154.8,"{""2xx"": 1040, ""4xx"": 11, ""5xx"": 3}"
2026-03-21T13:33:00Z,API-0637,notification-service,prod,,,/notify/v1/send,507,0.0102,165.4,"{""2xx"": 497, ""4xx"": 5, ""5xx"": 5}"
2026-03-21T13:33:00Z,API-0638,payment-network-gateway,prod,,,/routes/card,176,0.005,327.1,"{""2xx"": 173, ""4xx"": 2, ""5xx"": 1}"
2026-03-21T13:33:00Z,API-0639,payment-network-gateway,prod,,,/routes/upi,228,0.004,297.1,"{""2xx"": 225, ""4xx"": 2, ""5xx"": 1}"
2026-03-21T13:33:00Z,API-0640,payment-network-gateway,prod,,,/routes/neft,61,0.0033,435.9,"{""2xx"": 60, ""4xx"": 1, ""5xx"": 0}"
2026-03-21T13:34:00Z,API-0641,mobile-app,prod,,,/app/v1/session,1242,0.003,435.9,"{""2xx"": 1226, ""4xx"": 12, ""5xx"": 4}"
2026-03-21T13:34:00Z,API-0642,net-banking,prod,,,/web/v1/session,815,0.0034,368.8,"{""2xx"": 804, ""4xx"": 8, ""5xx"": 3}"
2026-03-21T13:34:00Z,API-0643,api-gateway,prod,,,/gw/v1/route,2610,0.0028,180.4,"{""2xx"": 2577, ""4xx"": 26, ""5xx"": 7}"
2026-03-21T13:34:00Z,API-0644,auth-service,prod,,,/auth/v1/login,873,0.0016,114.1,"{""2xx"": 863, ""4xx"": 9, ""5xx"": 1}"
2026-03-21T13:34:00Z,API-0645,payments-service,prod,,,/payments/v1/payments,605,0.0045,263.5,"{""2xx"": 596, ""4xx"": 6, ""5xx"": 3}"
2026-03-21T13:34:00Z,API-0646,accounts-service,prod,,,/accounts/v1/balance,1113,0.0033,146.7,"{""2xx"": 1098, ""4xx"": 11, ""5xx"": 4}"
2026-03-21T13:34:00Z,API-0647,notification-service,prod,,,/notify/v1/send,499,0.0102,163.4,"{""2xx"": 489, ""4xx"": 5, ""5xx"": 5}"
2026-03-21T13:34:00Z,API-0648,payment-network-gateway,prod,,,/routes/card,186,0.0042,329.6,"{""2xx"": 183, ""4xx"": 2, ""5xx"": 1}"
2026-03-21T13:34:00Z,API-0649,payment-network-gateway,prod,,,/routes/upi,215,0.0043,300.6,"{""2xx"": 212, ""4xx"": 2, ""5xx"": 1}"
2026-03-21T13:34:00Z,API-0650,payment-network-gateway,prod,,,/routes/neft,63,0.0043,457.0,"{""2xx"": 62, ""4xx"": 1, ""5xx"": 0}"
2026-03-21T13:35:00Z,API-0651,mobile-app,prod,,,/app/v1/session,1164,0.0035,406.1,"{""2xx"": 1148, ""4xx"": 12, ""5xx"": 4}"
2026-03-21T13:35:00Z,API-0652,net-banking,prod,,,/web/v1/session,776,0.0033,385.8,"{""2xx"": 765, ""4xx"": 8, ""5xx"": 3}"
2026-03-21T13:35:00Z,API-0653,api-gateway,prod,,,/gw/v1/route,2621,0.0027,188.5,"{""2xx"": 2588, ""4xx"": 26, ""5xx"": 7}"
2026-03-21T13:35:00Z,API-0654,auth-service,prod,,,/auth/v1/login,895,0.0024,118.5,"{""2xx"": 884, ""4xx"": 9, ""5xx"": 2}"
2026-03-21T13:35:00Z,API-0655,payments-service,prod,,,/payments/v1/payments,595,0.0044,261.6,"{""2xx"": 586, ""4xx"": 6, ""5xx"": 3}"
2026-03-21T13:35:00Z,API-0656,accounts-service,prod,,,/accounts/v1/balance,1115,0.0032,155.5,"{""2xx"": 1100, ""4xx"": 11, ""5xx"": 4}"
2026-03-21T13:35:00Z,API-0657,notification-service,prod,,,/notify/v1/send,507,0.01,169.9,"{""2xx"": 497, ""4xx"": 5, ""5xx"": 5}"
2026-03-21T13:35:00Z,API-0658,payment-network-gateway,prod,,,/routes/card,188,0.0039,327.5,"{""2xx"": 185, ""4xx"": 2, ""5xx"": 1}"
2026-03-21T13:35:00Z,API-0659,payment-network-gateway,prod,,,/routes/upi,215,0.0043,313.8,"{""2xx"": 212, ""4xx"": 2, ""5xx"": 1}"
2026-03-21T13:35:00Z,API-0660,payment-network-gateway,prod,,,/routes/neft,62,0.0041,463.8,"{""2xx"": 61, ""4xx"": 1, ""5xx"": 0}"
2026-03-21T13:36:00Z,API-0661,mobile-app,prod,,,/app/v1/session,1186,0.0046,437.1,"{""2xx"": 1169, ""4xx"": 12, ""5xx"": 5}"
2026-03-21T13:36:00Z,API-0662,net-banking,prod,,,/web/v1/session,767,0.0036,398.8,"{""2xx"": 756, ""4xx"": 8, ""5xx"": 3}"
2026-03-21T13:36:00Z,API-0663,api-gateway,prod,,,/gw/v1/route,2555,0.0023,171.2,"{""2xx"": 2523, ""4xx"": 26, ""5xx"": 6}"
2026-03-21T13:36:00Z,API-0664,auth-service,prod,,,/auth/v1/login,941,0.0024,121.1,"{""2xx"": 930, ""4xx"": 9, ""5xx"": 2}"
2026-03-21T13:36:00Z,API-0665,payments-service,prod,,,/payments/v1/payments,616,0.0056,259.3,"{""2xx"": 607, ""4xx"": 6, ""5xx"": 3}"
2026-03-21T13:36:00Z,API-0666,accounts-service,prod,,,/accounts/v1/balance,1094,0.0037,147.7,"{""2xx"": 1079, ""4xx"": 11, ""5xx"": 4}"
2026-03-21T13:36:00Z,API-0667,notification-service,prod,,,/notify/v1/send,496,0.0103,166.6,"{""2xx"": 486, ""4xx"": 5, ""5xx"": 5}"
2026-03-21T13:36:00Z,API-0668,payment-network-gateway,prod,,,/routes/card,183,0.0049,330.2,"{""2xx"": 180, ""4xx"": 2, ""5xx"": 1}"
2026-03-21T13:36:00Z,API-0669,payment-network-gateway,prod,,,/routes/upi,221,0.004,310.3,"{""2xx"": 218, ""4xx"": 2, ""5xx"": 1}"
2026-03-21T13:36:00Z,API-0670,payment-network-gateway,prod,,,/routes/neft,61,0.0046,444.8,"{""2xx"": 60, ""4xx"": 1, ""5xx"": 0}"
2026-03-21T13:37:00Z,API-0671,mobile-app,prod,,,/app/v1/session,1224,0.0038,420.7,"{""2xx"": 1207, ""4xx"": 12, ""5xx"": 5}"
2026-03-21T13:37:00Z,API-0672,net-banking,prod,,,/web/v1/session,793,0.0036,396.1,"{""2xx"": 782, ""4xx"": 8, ""5xx"": 3}"
2026-03-21T13:37:00Z,API-0673,api-gateway,prod,,,/gw/v1/route,2515,0.0037,185.7,"{""2xx"": 2481, ""4xx"": 25, ""5xx"": 9}"
2026-03-21T13:37:00Z,API-0674,auth-service,prod,,,/auth/v1/login,872,0.002,117.4,"{""2xx"": 861, ""4xx"": 9, ""5xx"": 2}"
2026-03-21T13:37:00Z,API-0675,payments-service,prod,,,/payments/v1/payments,602,0.0053,263.4,"{""2xx"": 593, ""4xx"": 6, ""5xx"": 3}"
2026-03-21T13:37:00Z,API-0676,accounts-service,prod,,,/accounts/v1/balance,1152,0.003,154.3,"{""2xx"": 1137, ""4xx"": 12, ""5xx"": 3}"
2026-03-21T13:37:00Z,API-0677,notification-service,prod,,,/notify/v1/send,519,0.0101,166.4,"{""2xx"": 509, ""4xx"": 5, ""5xx"": 5}"
2026-03-21T13:37:00Z,API-0678,payment-network-gateway,prod,,,/routes/card,183,0.0039,349.1,"{""2xx"": 180, ""4xx"": 2, ""5xx"": 1}"
2026-03-21T13:37:00Z,API-0679,payment-network-gateway,prod,,,/routes/upi,209,0.0041,308.1,"{""2xx"": 206, ""4xx"": 2, ""5xx"": 1}"
2026-03-21T13:37:00Z,API-0680,payment-network-gateway,prod,,,/routes/neft,60,0.0032,429.7,"{""2xx"": 59, ""4xx"": 1, ""5xx"": 0}"
2026-03-21T13:38:00Z,API-0681,mobile-app,prod,,,/app/v1/session,1244,0.0046,418.4,"{""2xx"": 1226, ""4xx"": 12, ""5xx"": 6}"
2026-03-21T13:38:00Z,API-0682,net-banking,prod,,,/web/v1/session,835,0.0034,375.8,"{""2xx"": 824, ""4xx"": 8, ""5xx"": 3}"
2026-03-21T13:38:00Z,API-0683,api-gateway,prod,,,/gw/v1/route,2627,0.0032,188.9,"{""2xx"": 2593, ""4xx"": 26, ""5xx"": 8}"
2026-03-21T13:38:00Z,API-0684,auth-service,prod,,,/auth/v1/login,933,0.0019,124.3,"{""2xx"": 922, ""4xx"": 9, ""5xx"": 2}"
2026-03-21T13:38:00Z,API-0685,payments-service,prod,,,/payments/v1/payments,584,0.0057,247.7,"{""2xx"": 575, ""4xx"": 6, ""5xx"": 3}"
2026-03-21T13:38:00Z,API-0686,accounts-service,prod,,,/accounts/v1/balance,1134,0.0027,143.4,"{""2xx"": 1120, ""4xx"": 11, ""5xx"": 3}"
2026-03-21T13:38:00Z,API-0687,notification-service,prod,,,/notify/v1/send,498,0.0104,162.9,"{""2xx"": 488, ""4xx"": 5, ""5xx"": 5}"
2026-03-21T13:38:00Z,API-0688,payment-network-gateway,prod,,,/routes/card,183,0.0045,348.6,"{""2xx"": 180, ""4xx"": 2, ""5xx"": 1}"
2026-03-21T13:38:00Z,API-0689,payment-network-gateway,prod,,,/routes/upi,215,0.0044,306.6,"{""2xx"": 212, ""4xx"": 2, ""5xx"": 1}"
2026-03-21T13:38:00Z,API-0690,payment-network-gateway,prod,,,/routes/neft,60,0.0031,433.7,"{""2xx"": 59, ""4xx"": 1, ""5xx"": 0}"
2026-03-21T13:39:00Z,API-0691,mobile-app,prod,,,/app/v1/session,1255,0.0041,412.1,"{""2xx"": 1237, ""4xx"": 13, ""5xx"": 5}"
2026-03-21T13:39:00Z,API-0692,net-banking,prod,,,/web/v1/session,818,0.0035,397.6,"{""2xx"": 807, ""4xx"": 8, ""5xx"": 3}"
2026-03-21T13:39:00Z,API-0693,api-gateway,prod,,,/gw/v1/route,2677,0.0032,185.1,"{""2xx"": 2641, ""4xx"": 27, ""5xx"": 9}"
2026-03-21T13:39:00Z,API-0694,auth-service,prod,,,/auth/v1/login,944,0.002,124.7,"{""2xx"": 933, ""4xx"": 9, ""5xx"": 2}"
2026-03-21T13:39:00Z,API-0695,payments-service,prod,,,/payments/v1/payments,596,0.0047,264.4,"{""2xx"": 587, ""4xx"": 6, ""5xx"": 3}"
2026-03-21T13:39:00Z,API-0696,accounts-service,prod,,,/accounts/v1/balance,1144,0.0028,150.8,"{""2xx"": 1130, ""4xx"": 11, ""5xx"": 3}"
2026-03-21T13:39:00Z,API-0697,notification-service,prod,,,/notify/v1/send,507,0.0102,168.5,"{""2xx"": 497, ""4xx"": 5, ""5xx"": 5}"
2026-03-21T13:39:00Z,API-0698,payment-network-gateway,prod,,,/routes/card,172,0.0046,352.7,"{""2xx"": 169, ""4xx"": 2, ""5xx"": 1}"
2026-03-21T13:39:00Z,API-0699,payment-network-gateway,prod,,,/routes/upi,214,0.0035,295.9,"{""2xx"": 211, ""4xx"": 2, ""5xx"": 1}"
2026-03-21T13:39:00Z,API-0700,payment-network-gateway,prod,,,/routes/neft,63,0.0045,435.7,"{""2xx"": 62, ""4xx"": 1, ""5xx"": 0}"
2026-03-21T13:40:00Z,API-0701,mobile-app,prod,,,/app/v1/session,1204,0.004,400.6,"{""2xx"": 1187, ""4xx"": 12, ""5xx"": 5}"
2026-03-21T13:40:00Z,API-0702,net-banking,prod,,,/web/v1/session,828,0.0034,379.0,"{""2xx"": 817, ""4xx"": 8, ""5xx"": 3}"
2026-03-21T13:40:00Z,API-0703,api-gateway,prod,,,/gw/v1/route,2571,0.0036,181.4,"{""2xx"": 2536, ""4xx"": 26, ""5xx"": 9}"
2026-03-21T13:40:00Z,API-0704,auth-service,prod,,,/auth/v1/login,886,0.0023,114.4,"{""2xx"": 875, ""4xx"": 9, ""5xx"": 2}"
2026-03-21T13:40:00Z,API-0705,payments-service,prod,,,/payments/v1/payments,610,0.0049,253.4,"{""2xx"": 601, ""4xx"": 6, ""5xx"": 3}"
2026-03-21T13:40:00Z,API-0706,accounts-service,prod,,,/accounts/v1/balance,1116,0.0032,152.6,"{""2xx"": 1101, ""4xx"": 11, ""5xx"": 4}"
2026-03-21T13:40:00Z,API-0707,notification-service,prod,,,/notify/v1/send,501,0.0104,165.5,"{""2xx"": 491, ""4xx"": 5, ""5xx"": 5}"
2026-03-21T13:40:00Z,API-0708,payment-network-gateway,prod,,,/routes/card,176,0.0032,346.1,"{""2xx"": 173, ""4xx"": 2, ""5xx"": 1}"
2026-03-21T13:40:00Z,API-0709,payment-network-gateway,prod,,,/routes/upi,223,0.0045,292.3,"{""2xx"": 220, ""4xx"": 2, ""5xx"": 1}"
2026-03-21T13:40:00Z,API-0710,payment-network-gateway,prod,,,/routes/neft,58,0.005,429.9,"{""2xx"": 57, ""4xx"": 1, ""5xx"": 0}"
2026-03-21T13:41:00Z,API-0711,mobile-app,prod,,,/app/v1/session,1204,0.0049,415.8,"{""2xx"": 1186, ""4xx"": 12, ""5xx"": 6}"
2026-03-21T13:41:00Z,API-0712,net-banking,prod,,,/web/v1/session,836,0.0043,369.7,"{""2xx"": 824, ""4xx"": 8, ""5xx"": 4}"
2026-03-21T13:41:00Z,API-0713,api-gateway,prod,,,/gw/v1/route,2687,0.0033,175.4,"{""2xx"": 2651, ""4xx"": 27, ""5xx"": 9}"
2026-03-21T13:41:00Z,API-0714,auth-service,prod,,,/auth/v1/login,929,0.0016,124.6,"{""2xx"": 919, ""4xx"": 9, ""5xx"": 1}"
2026-03-21T13:41:00Z,API-0715,payments-service,prod,,,/payments/v1/payments,576,0.0041,248.1,"{""2xx"": 568, ""4xx"": 6, ""5xx"": 2}"
2026-03-21T13:41:00Z,API-0716,accounts-service,prod,,,/accounts/v1/balance,1088,0.003,146.7,"{""2xx"": 1074, ""4xx"": 11, ""5xx"": 3}"
2026-03-21T13:41:00Z,API-0717,notification-service,prod,,,/notify/v1/send,500,0.0102,165.0,"{""2xx"": 490, ""4xx"": 5, ""5xx"": 5}"
2026-03-21T13:41:00Z,API-0718,payment-network-gateway,prod,,,/routes/card,180,0.0039,344.4,"{""2xx"": 177, ""4xx"": 2, ""5xx"": 1}"
2026-03-21T13:41:00Z,API-0719,payment-network-gateway,prod,,,/routes/upi,219,0.0042,304.6,"{""2xx"": 216, ""4xx"": 2, ""5xx"": 1}"
2026-03-21T13:41:00Z,API-0720,payment-network-gateway,prod,,,/routes/neft,59,0.0042,463.6,"{""2xx"": 58, ""4xx"": 1, ""5xx"": 0}"
2026-03-21T13:42:00Z,API-0721,mobile-app,prod,,,/app/v1/session,1241,0.0048,431.1,"{""2xx"": 1223, ""4xx"": 12, ""5xx"": 6}"
2026-03-21T13:42:00Z,API-0722,net-banking,prod,,,/web/v1/session,782,0.0045,388.0,"{""2xx"": 770, ""4xx"": 8, ""5xx"": 4}"
2026-03-21T13:42:00Z,API-0723,api-gateway,prod,,,/gw/v1/route,2479,0.0031,186.8,"{""2xx"": 2446, ""4xx"": 25, ""5xx"": 8}"
2026-03-21T13:42:00Z,API-0724,auth-service,prod,,,/auth/v1/login,881,0.002,121.8,"{""2xx"": 870, ""4xx"": 9, ""5xx"": 2}"
2026-03-21T13:42:00Z,API-0725,payments-service,prod,,,/payments/v1/payments,587,0.0049,249.3,"{""2xx"": 578, ""4xx"": 6, ""5xx"": 3}"
2026-03-21T13:42:00Z,API-0726,accounts-service,prod,,,/accounts/v1/balance,1138,0.0033,157.3,"{""2xx"": 1123, ""4xx"": 11, ""5xx"": 4}"
2026-03-21T13:42:00Z,API-0727,notification-service,prod,,,/notify/v1/send,487,0.0102,167.0,"{""2xx"": 477, ""4xx"": 5, ""5xx"": 5}"
2026-03-21T13:42:00Z,API-0728,payment-network-gateway,prod,,,/routes/card,172,0.0032,328.1,"{""2xx"": 169, ""4xx"": 2, ""5xx"": 1}"
2026-03-21T13:42:00Z,API-0729,payment-network-gateway,prod,,,/routes/upi,216,0.0031,312.4,"{""2xx"": 213, ""4xx"": 2, ""5xx"": 1}"
2026-03-21T13:42:00Z,API-0730,payment-network-gateway,prod,,,/routes/neft,58,0.0042,456.6,"{""2xx"": 57, ""4xx"": 1, ""5xx"": 0}"
2026-03-21T13:43:00Z,API-0731,mobile-app,prod,,,/app/v1/session,1183,0.0049,436.8,"{""2xx"": 1165, ""4xx"": 12, ""5xx"": 6}"
2026-03-21T13:43:00Z,API-0732,net-banking,prod,,,/web/v1/session,785,0.0035,367.0,"{""2xx"": 774, ""4xx"": 8, ""5xx"": 3}"
2026-03-21T13:43:00Z,API-0733,api-gateway,prod,,,/gw/v1/route,2575,0.0023,172.4,"{""2xx"": 2543, ""4xx"": 26, ""5xx"": 6}"
2026-03-21T13:43:00Z,API-0734,auth-service,prod,,,/auth/v1/login,896,0.0016,117.7,"{""2xx"": 886, ""4xx"": 9, ""5xx"": 1}"
2026-03-21T13:43:00Z,API-0735,payments-service,prod,,,/payments/v1/payments,590,0.006,268.7,"{""2xx"": 580, ""4xx"": 6, ""5xx"": 4}"
2026-03-21T13:43:00Z,API-0736,accounts-service,prod,,,/accounts/v1/balance,1052,0.0033,149.9,"{""2xx"": 1038, ""4xx"": 11, ""5xx"": 3}"
2026-03-21T13:43:00Z,API-0737,notification-service,prod,,,/notify/v1/send,486,0.0102,167.9,"{""2xx"": 476, ""4xx"": 5, ""5xx"": 5}"
2026-03-21T13:43:00Z,API-0738,payment-network-gateway,prod,,,/routes/card,178,0.0037,355.7,"{""2xx"": 175, ""4xx"": 2, ""5xx"": 1}"
2026-03-21T13:43:00Z,API-0739,payment-network-gateway,prod,,,/routes/upi,216,0.0041,289.2,"{""2xx"": 213, ""4xx"": 2, ""5xx"": 1}"
2026-03-21T13:43:00Z,API-0740,payment-network-gateway,prod,,,/routes/neft,60,0.0039,449.8,"{""2xx"": 59, ""4xx"": 1, ""5xx"": 0}"
2026-03-21T13:44:00Z,API-0741,mobile-app,prod,,,/app/v1/session,1258,0.0041,425.2,"{""2xx"": 1240, ""4xx"": 13, ""5xx"": 5}"
2026-03-21T13:44:00Z,API-0742,net-banking,prod,,,/web/v1/session,815,0.0034,392.0,"{""2xx"": 804, ""4xx"": 8, ""5xx"": 3}"
2026-03-21T13:44:00Z,API-0743,api-gateway,prod,,,/gw/v1/route,2507,0.0029,183.2,"{""2xx"": 2475, ""4xx"": 25, ""5xx"": 7}"
2026-03-21T13:44:00Z,API-0744,auth-service,prod,,,/auth/v1/login,893,0.0019,115.6,"{""2xx"": 882, ""4xx"": 9, ""5xx"": 2}"
2026-03-21T13:44:00Z,API-0745,payments-service,prod,,,/payments/v1/payments,601,0.0056,252.2,"{""2xx"": 592, ""4xx"": 6, ""5xx"": 3}"
2026-03-21T13:44:00Z,API-0746,accounts-service,prod,,,/accounts/v1/balance,1131,0.0029,157.1,"{""2xx"": 1117, ""4xx"": 11, ""5xx"": 3}"
2026-03-21T13:44:00Z,API-0747,notification-service,prod,,,/notify/v1/send,499,0.01,165.6,"{""2xx"": 489, ""4xx"": 5, ""5xx"": 5}"
2026-03-21T13:44:00Z,API-0748,payment-network-gateway,prod,,,/routes/card,185,0.0036,325.0,"{""2xx"": 182, ""4xx"": 2, ""5xx"": 1}"
2026-03-21T13:44:00Z,API-0749,payment-network-gateway,prod,,,/routes/upi,223,0.0049,295.6,"{""2xx"": 220, ""4xx"": 2, ""5xx"": 1}"
2026-03-21T13:44:00Z,API-0750,payment-network-gateway,prod,,,/routes/neft,58,0.0034,432.0,"{""2xx"": 57, ""4xx"": 1, ""5xx"": 0}"
2026-03-21T13:45:00Z,API-0751,mobile-app,prod,,,/app/v1/session,1235,0.0033,405.3,"{""2xx"": 1219, ""4xx"": 12, ""5xx"": 4}"
2026-03-21T13:45:00Z,API-0752,net-banking,prod,,,/web/v1/session,831,0.0043,380.5,"{""2xx"": 819, ""4xx"": 8, ""5xx"": 4}"
2026-03-21T13:45:00Z,API-0753,api-gateway,prod,,,/gw/v1/route,2585,0.0023,172.0,"{""2xx"": 2553, ""4xx"": 26, ""5xx"": 6}"
2026-03-21T13:45:00Z,API-0754,auth-service,prod,,,/auth/v1/login,863,0.0017,123.5,"{""2xx"": 853, ""4xx"": 9, ""5xx"": 1}"
2026-03-21T13:45:00Z,API-0755,payments-service,prod,,,/payments/v1/payments,577,0.005,268.5,"{""2xx"": 568, ""4xx"": 6, ""5xx"": 3}"
2026-03-21T13:45:00Z,API-0756,accounts-service,prod,,,/accounts/v1/balance,1140,0.003,145.7,"{""2xx"": 1126, ""4xx"": 11, ""5xx"": 3}"
2026-03-21T13:45:00Z,API-0757,notification-service,prod,,,/notify/v1/send,499,0.0101,169.3,"{""2xx"": 489, ""4xx"": 5, ""5xx"": 5}"
2026-03-21T13:45:00Z,API-0758,payment-network-gateway,prod,,,/routes/card,184,0.005,355.0,"{""2xx"": 181, ""4xx"": 2, ""5xx"": 1}"
2026-03-21T13:45:00Z,API-0759,payment-network-gateway,prod,,,/routes/upi,223,0.0048,313.0,"{""2xx"": 220, ""4xx"": 2, ""5xx"": 1}"
2026-03-21T13:45:00Z,API-0760,payment-network-gateway,prod,,,/routes/neft,60,0.0042,459.4,"{""2xx"": 59, ""4xx"": 1, ""5xx"": 0}"
2026-03-21T13:46:00Z,API-0761,mobile-app,prod,,,/app/v1/session,1212,0.0048,424.3,"{""2xx"": 1194, ""4xx"": 12, ""5xx"": 6}"
2026-03-21T13:46:00Z,API-0762,net-banking,prod,,,/web/v1/session,774,0.0045,380.5,"{""2xx"": 763, ""4xx"": 8, ""5xx"": 3}"
2026-03-21T13:46:00Z,API-0763,api-gateway,prod,,,/gw/v1/route,2592,0.0025,174.1,"{""2xx"": 2560, ""4xx"": 26, ""5xx"": 6}"
2026-03-21T13:46:00Z,API-0764,auth-service,prod,,,/auth/v1/login,876,0.0018,116.8,"{""2xx"": 865, ""4xx"": 9, ""5xx"": 2}"
2026-03-21T13:46:00Z,API-0765,payments-service,prod,,,/payments/v1/payments,573,0.0056,270.5,"{""2xx"": 564, ""4xx"": 6, ""5xx"": 3}"
2026-03-21T13:46:00Z,API-0766,accounts-service,prod,,,/accounts/v1/balance,1072,0.0035,146.9,"{""2xx"": 1057, ""4xx"": 11, ""5xx"": 4}"
2026-03-21T13:46:00Z,API-0767,notification-service,prod,,,/notify/v1/send,511,0.0102,166.2,"{""2xx"": 501, ""4xx"": 5, ""5xx"": 5}"
2026-03-21T13:46:00Z,API-0768,payment-network-gateway,prod,,,/routes/card,172,0.0044,326.9,"{""2xx"": 169, ""4xx"": 2, ""5xx"": 1}"
2026-03-21T13:46:00Z,API-0769,payment-network-gateway,prod,,,/routes/upi,217,0.0045,311.5,"{""2xx"": 214, ""4xx"": 2, ""5xx"": 1}"
2026-03-21T13:46:00Z,API-0770,payment-network-gateway,prod,,,/routes/neft,58,0.0049,451.3,"{""2xx"": 57, ""4xx"": 1, ""5xx"": 0}"
2026-03-21T13:47:00Z,API-0771,mobile-app,prod,,,/app/v1/session,1223,0.0038,410.9,"{""2xx"": 1206, ""4xx"": 12, ""5xx"": 5}"
2026-03-21T13:47:00Z,API-0772,net-banking,prod,,,/web/v1/session,832,0.0043,369.1,"{""2xx"": 820, ""4xx"": 8, ""5xx"": 4}"
2026-03-21T13:47:00Z,API-0773,api-gateway,prod,,,/gw/v1/route,2710,0.0036,184.9,"{""2xx"": 2673, ""4xx"": 27, ""5xx"": 10}"
2026-03-21T13:47:00Z,API-0774,auth-service,prod,,,/auth/v1/login,879,0.0015,115.5,"{""2xx"": 869, ""4xx"": 9, ""5xx"": 1}"
2026-03-21T13:47:00Z,API-0775,payments-service,prod,,,/payments/v1/payments,627,0.0038,261.0,"{""2xx"": 619, ""4xx"": 6, ""5xx"": 2}"
2026-03-21T13:47:00Z,API-0776,accounts-service,prod,,,/accounts/v1/balance,1135,0.0032,152.3,"{""2xx"": 1120, ""4xx"": 11, ""5xx"": 4}"
2026-03-21T13:47:00Z,API-0777,notification-service,prod,,,/notify/v1/send,520,0.0101,165.2,"{""2xx"": 510, ""4xx"": 5, ""5xx"": 5}"
2026-03-21T13:47:00Z,API-0778,payment-network-gateway,prod,,,/routes/card,188,0.0046,332.2,"{""2xx"": 185, ""4xx"": 2, ""5xx"": 1}"
2026-03-21T13:47:00Z,API-0779,payment-network-gateway,prod,,,/routes/upi,213,0.003,302.4,"{""2xx"": 210, ""4xx"": 2, ""5xx"": 1}"
2026-03-21T13:47:00Z,API-0780,payment-network-gateway,prod,,,/routes/neft,60,0.0048,452.1,"{""2xx"": 59, ""4xx"": 1, ""5xx"": 0}"
2026-03-21T13:48:00Z,API-0781,mobile-app,prod,,,/app/v1/session,1143,0.003,425.2,"{""2xx"": 1129, ""4xx"": 11, ""5xx"": 3}"
2026-03-21T13:48:00Z,API-0782,net-banking,prod,,,/web/v1/session,762,0.0044,375.8,"{""2xx"": 751, ""4xx"": 8, ""5xx"": 3}"
2026-03-21T13:48:00Z,API-0783,api-gateway,prod,,,/gw/v1/route,2480,0.0037,188.0,"{""2xx"": 2446, ""4xx"": 25, ""5xx"": 9}"
2026-03-21T13:48:00Z,API-0784,auth-service,prod,,,/auth/v1/login,877,0.0024,115.2,"{""2xx"": 866, ""4xx"": 9, ""5xx"": 2}"
2026-03-21T13:48:00Z,API-0785,payments-service,prod,,,/payments/v1/payments,594,0.0047,261.2,"{""2xx"": 585, ""4xx"": 6, ""5xx"": 3}"
2026-03-21T13:48:00Z,API-0786,accounts-service,prod,,,/accounts/v1/balance,1047,0.0033,143.1,"{""2xx"": 1034, ""4xx"": 10, ""5xx"": 3}"
2026-03-21T13:48:00Z,API-0787,notification-service,prod,,,/notify/v1/send,478,0.01,167.8,"{""2xx"": 468, ""4xx"": 5, ""5xx"": 5}"
2026-03-21T13:48:00Z,API-0788,payment-network-gateway,prod,,,/routes/card,182,0.0036,328.8,"{""2xx"": 179, ""4xx"": 2, ""5xx"": 1}"
2026-03-21T13:48:00Z,API-0789,payment-network-gateway,prod,,,/routes/upi,218,0.0031,297.3,"{""2xx"": 215, ""4xx"": 2, ""5xx"": 1}"
2026-03-21T13:48:00Z,API-0790,payment-network-gateway,prod,,,/routes/neft,63,0.005,457.7,"{""2xx"": 62, ""4xx"": 1, ""5xx"": 0}"
2026-03-21T13:49:00Z,API-0791,mobile-app,prod,,,/app/v1/session,1258,0.0035,413.4,"{""2xx"": 1241, ""4xx"": 13, ""5xx"": 4}"
2026-03-21T13:49:00Z,API-0792,net-banking,prod,,,/web/v1/session,780,0.0036,369.0,"{""2xx"": 769, ""4xx"": 8, ""5xx"": 3}"
2026-03-21T13:49:00Z,API-0793,api-gateway,prod,,,/gw/v1/route,2534,0.0031,186.7,"{""2xx"": 2501, ""4xx"": 25, ""5xx"": 8}"
2026-03-21T13:49:00Z,API-0794,auth-service,prod,,,/auth/v1/login,861,0.0021,123.9,"{""2xx"": 850, ""4xx"": 9, ""5xx"": 2}"
2026-03-21T13:49:00Z,API-0795,payments-service,prod,,,/payments/v1/payments,605,0.0042,268.8,"{""2xx"": 596, ""4xx"": 6, ""5xx"": 3}"
2026-03-21T13:49:00Z,API-0796,accounts-service,prod,,,/accounts/v1/balance,1115,0.0026,142.7,"{""2xx"": 1101, ""4xx"": 11, ""5xx"": 3}"
2026-03-21T13:49:00Z,API-0797,notification-service,prod,,,/notify/v1/send,523,0.01,167.3,"{""2xx"": 513, ""4xx"": 5, ""5xx"": 5}"
2026-03-21T13:49:00Z,API-0798,payment-network-gateway,prod,,,/routes/card,173,0.0036,341.2,"{""2xx"": 170, ""4xx"": 2, ""5xx"": 1}"
2026-03-21T13:49:00Z,API-0799,payment-network-gateway,prod,,,/routes/upi,226,0.0039,298.8,"{""2xx"": 223, ""4xx"": 2, ""5xx"": 1}"
2026-03-21T13:49:00Z,API-0800,payment-network-gateway,prod,,,/routes/neft,62,0.0036,430.8,"{""2xx"": 61, ""4xx"": 1, ""5xx"": 0}"
2026-03-21T13:50:00Z,API-0801,mobile-app,prod,,,/app/v1/session,1156,0.0049,425.0,"{""2xx"": 1138, ""4xx"": 12, ""5xx"": 6}"
2026-03-21T13:50:00Z,API-0802,net-banking,prod,,,/web/v1/session,785,0.0035,370.3,"{""2xx"": 774, ""4xx"": 8, ""5xx"": 3}"
2026-03-21T13:50:00Z,API-0803,api-gateway,prod,,,/gw/v1/route,2612,0.0029,177.9,"{""2xx"": 2578, ""4xx"": 26, ""5xx"": 8}"
2026-03-21T13:50:00Z,API-0804,auth-service,prod,,,/auth/v1/login,892,0.002,124.7,"{""2xx"": 881, ""4xx"": 9, ""5xx"": 2}"
2026-03-21T13:50:00Z,API-0805,payments-service,prod,,,/payments/v1/payments,584,0.0042,265.7,"{""2xx"": 576, ""4xx"": 6, ""5xx"": 2}"
2026-03-21T13:50:00Z,API-0806,accounts-service,prod,,,/accounts/v1/balance,1119,0.0033,144.5,"{""2xx"": 1104, ""4xx"": 11, ""5xx"": 4}"
2026-03-21T13:50:00Z,API-0807,notification-service,prod,,,/notify/v1/send,487,0.0102,169.7,"{""2xx"": 477, ""4xx"": 5, ""5xx"": 5}"
2026-03-21T13:50:00Z,API-0808,payment-network-gateway,prod,,,/routes/card,172,0.0035,342.2,"{""2xx"": 169, ""4xx"": 2, ""5xx"": 1}"
2026-03-21T13:50:00Z,API-0809,payment-network-gateway,prod,,,/routes/upi,216,0.0046,292.0,"{""2xx"": 213, ""4xx"": 2, ""5xx"": 1}"
2026-03-21T13:50:00Z,API-0810,payment-network-gateway,prod,,,/routes/neft,59,0.0033,451.0,"{""2xx"": 58, ""4xx"": 1, ""5xx"": 0}"
2026-03-21T13:51:00Z,API-0811,mobile-app,prod,,,/app/v1/session,1174,0.005,420.6,"{""2xx"": 1156, ""4xx"": 12, ""5xx"": 6}"
2026-03-21T13:51:00Z,API-0812,net-banking,prod,,,/web/v1/session,762,0.0032,398.0,"{""2xx"": 752, ""4xx"": 8, ""5xx"": 2}"
2026-03-21T13:51:00Z,API-0813,api-gateway,prod,,,/gw/v1/route,2706,0.0027,183.3,"{""2xx"": 2672, ""4xx"": 27, ""5xx"": 7}"
2026-03-21T13:51:00Z,API-0814,auth-service,prod,,,/auth/v1/login,907,0.0017,119.8,"{""2xx"": 896, ""4xx"": 9, ""5xx"": 2}"
2026-03-21T13:51:00Z,API-0815,payments-service,prod,,,/payments/v1/payments,585,0.0061,262.8,"{""2xx"": 575, ""4xx"": 6, ""5xx"": 4}"
2026-03-21T13:51:00Z,API-0816,accounts-service,prod,,,/accounts/v1/balance,1074,0.0033,148.7,"{""2xx"": 1059, ""4xx"": 11, ""5xx"": 4}"
2026-03-21T13:51:00Z,API-0817,notification-service,prod,,,/notify/v1/send,482,0.0104,167.3,"{""2xx"": 472, ""4xx"": 5, ""5xx"": 5}"
2026-03-21T13:51:00Z,API-0818,payment-network-gateway,prod,,,/routes/card,182,0.0039,346.8,"{""2xx"": 179, ""4xx"": 2, ""5xx"": 1}"
2026-03-21T13:51:00Z,API-0819,payment-network-gateway,prod,,,/routes/upi,223,0.0041,288.5,"{""2xx"": 220, ""4xx"": 2, ""5xx"": 1}"
2026-03-21T13:51:00Z,API-0820,payment-network-gateway,prod,,,/routes/neft,62,0.0044,431.5,"{""2xx"": 61, ""4xx"": 1, ""5xx"": 0}"
2026-03-21T13:52:00Z,API-0821,mobile-app,prod,,,/app/v1/session,1145,0.0031,421.5,"{""2xx"": 1130, ""4xx"": 11, ""5xx"": 4}"
2026-03-21T13:52:00Z,API-0822,net-banking,prod,,,/web/v1/session,797,0.0048,382.2,"{""2xx"": 785, ""4xx"": 8, ""5xx"": 4}"
2026-03-21T13:52:00Z,API-0823,api-gateway,prod,,,/gw/v1/route,2536,0.0028,173.1,"{""2xx"": 2504, ""4xx"": 25, ""5xx"": 7}"
2026-03-21T13:52:00Z,API-0824,auth-service,prod,,,/auth/v1/login,867,0.0025,121.6,"{""2xx"": 856, ""4xx"": 9, ""5xx"": 2}"
2026-03-21T13:52:00Z,API-0825,payments-service,prod,,,/payments/v1/payments,615,0.0059,256.6,"{""2xx"": 605, ""4xx"": 6, ""5xx"": 4}"
2026-03-21T13:52:00Z,API-0826,accounts-service,prod,,,/accounts/v1/balance,1082,0.0023,145.2,"{""2xx"": 1069, ""4xx"": 11, ""5xx"": 2}"
2026-03-21T13:52:00Z,API-0827,notification-service,prod,,,/notify/v1/send,524,0.0101,168.9,"{""2xx"": 514, ""4xx"": 5, ""5xx"": 5}"
2026-03-21T13:52:00Z,API-0828,payment-network-gateway,prod,,,/routes/card,180,0.0045,335.5,"{""2xx"": 177, ""4xx"": 2, ""5xx"": 1}"
2026-03-21T13:52:00Z,API-0829,payment-network-gateway,prod,,,/routes/upi,214,0.0042,300.0,"{""2xx"": 211, ""4xx"": 2, ""5xx"": 1}"
2026-03-21T13:52:00Z,API-0830,payment-network-gateway,prod,,,/routes/neft,58,0.0036,445.5,"{""2xx"": 57, ""4xx"": 1, ""5xx"": 0}"
2026-03-21T13:53:00Z,API-0831,mobile-app,prod,,,/app/v1/session,1220,0.0047,410.9,"{""2xx"": 1202, ""4xx"": 12, ""5xx"": 6}"
2026-03-21T13:53:00Z,API-0832,net-banking,prod,,,/web/v1/session,761,0.0037,375.2,"{""2xx"": 750, ""4xx"": 8, ""5xx"": 3}"
2026-03-21T13:53:00Z,API-0833,api-gateway,prod,,,/gw/v1/route,2707,0.0026,181.7,"{""2xx"": 2673, ""4xx"": 27, ""5xx"": 7}"
2026-03-21T13:53:00Z,API-0834,auth-service,prod,,,/auth/v1/login,929,0.0022,125.7,"{""2xx"": 918, ""4xx"": 9, ""5xx"": 2}"
2026-03-21T13:53:00Z,API-0835,payments-service,prod,,,/payments/v1/payments,588,0.004,268.2,"{""2xx"": 580, ""4xx"": 6, ""5xx"": 2}"
2026-03-21T13:53:00Z,API-0836,accounts-service,prod,,,/accounts/v1/balance,1087,0.0034,152.9,"{""2xx"": 1072, ""4xx"": 11, ""5xx"": 4}"
2026-03-21T13:53:00Z,API-0837,notification-service,prod,,,/notify/v1/send,519,0.0101,162.3,"{""2xx"": 509, ""4xx"": 5, ""5xx"": 5}"
2026-03-21T13:53:00Z,API-0838,payment-network-gateway,prod,,,/routes/card,183,0.0047,339.3,"{""2xx"": 180, ""4xx"": 2, ""5xx"": 1}"
2026-03-21T13:53:00Z,API-0839,payment-network-gateway,prod,,,/routes/upi,217,0.0048,292.1,"{""2xx"": 214, ""4xx"": 2, ""5xx"": 1}"
2026-03-21T13:53:00Z,API-0840,payment-network-gateway,prod,,,/routes/neft,59,0.0035,470.5,"{""2xx"": 58, ""4xx"": 1, ""5xx"": 0}"
2026-03-21T13:54:00Z,API-0841,mobile-app,prod,,,/app/v1/session,1210,0.0032,402.6,"{""2xx"": 1194, ""4xx"": 12, ""5xx"": 4}"
2026-03-21T13:54:00Z,API-0842,net-banking,prod,,,/web/v1/session,838,0.0042,389.3,"{""2xx"": 826, ""4xx"": 8, ""5xx"": 4}"
2026-03-21T13:54:00Z,API-0843,api-gateway,prod,,,/gw/v1/route,2536,0.0028,185.0,"{""2xx"": 2504, ""4xx"": 25, ""5xx"": 7}"
2026-03-21T13:54:00Z,API-0844,auth-service,prod,,,/auth/v1/login,930,0.002,115.9,"{""2xx"": 919, ""4xx"": 9, ""5xx"": 2}"
2026-03-21T13:54:00Z,API-0845,payments-service,prod,,,/payments/v1/payments,595,0.0038,268.1,"{""2xx"": 587, ""4xx"": 6, ""5xx"": 2}"
2026-03-21T13:54:00Z,API-0846,accounts-service,prod,,,/accounts/v1/balance,1117,0.0025,144.4,"{""2xx"": 1103, ""4xx"": 11, ""5xx"": 3}"
2026-03-21T13:54:00Z,API-0847,notification-service,prod,,,/notify/v1/send,477,0.0103,162.0,"{""2xx"": 467, ""4xx"": 5, ""5xx"": 5}"
2026-03-21T13:54:00Z,API-0848,payment-network-gateway,prod,,,/routes/card,176,0.0039,352.2,"{""2xx"": 173, ""4xx"": 2, ""5xx"": 1}"
2026-03-21T13:54:00Z,API-0849,payment-network-gateway,prod,,,/routes/upi,224,0.0043,290.6,"{""2xx"": 221, ""4xx"": 2, ""5xx"": 1}"
2026-03-21T13:54:00Z,API-0850,payment-network-gateway,prod,,,/routes/neft,63,0.004,468.4,"{""2xx"": 62, ""4xx"": 1, ""5xx"": 0}"
2026-03-21T13:55:00Z,API-0851,mobile-app,prod,,,/app/v1/session,1224,0.0043,410.0,"{""2xx"": 1207, ""4xx"": 12, ""5xx"": 5}"
2026-03-21T13:55:00Z,API-0852,net-banking,prod,,,/web/v1/session,838,0.0047,372.9,"{""2xx"": 826, ""4xx"": 8, ""5xx"": 4}"
2026-03-21T13:55:00Z,API-0853,api-gateway,prod,,,/gw/v1/route,2605,0.0024,185.4,"{""2xx"": 2573, ""4xx"": 26, ""5xx"": 6}"
2026-03-21T13:55:00Z,API-0854,auth-service,prod,,,/auth/v1/login,857,0.0018,121.6,"{""2xx"": 846, ""4xx"": 9, ""5xx"": 2}"
2026-03-21T13:55:00Z,API-0855,payments-service,prod,,,/payments/v1/payments,580,0.0049,255.8,"{""2xx"": 571, ""4xx"": 6, ""5xx"": 3}"
2026-03-21T13:55:00Z,API-0856,accounts-service,prod,,,/accounts/v1/balance,1151,0.0032,149.9,"{""2xx"": 1135, ""4xx"": 12, ""5xx"": 4}"
2026-03-21T13:55:00Z,API-0857,notification-service,prod,,,/notify/v1/send,500,0.0101,168.5,"{""2xx"": 490, ""4xx"": 5, ""5xx"": 5}"
2026-03-21T13:55:00Z,API-0858,payment-network-gateway,prod,,,/routes/card,181,0.0037,336.2,"{""2xx"": 178, ""4xx"": 2, ""5xx"": 1}"
2026-03-21T13:55:00Z,API-0859,payment-network-gateway,prod,,,/routes/upi,229,0.0035,288.5,"{""2xx"": 226, ""4xx"": 2, ""5xx"": 1}"
2026-03-21T13:55:00Z,API-0860,payment-network-gateway,prod,,,/routes/neft,62,0.0036,437.9,"{""2xx"": 61, ""4xx"": 1, ""5xx"": 0}"
2026-03-21T13:56:00Z,API-0861,mobile-app,prod,,,/app/v1/session,1148,0.0046,425.8,"{""2xx"": 1132, ""4xx"": 11, ""5xx"": 5}"
2026-03-21T13:56:00Z,API-0862,net-banking,prod,,,/web/v1/session,837,0.0044,387.8,"{""2xx"": 825, ""4xx"": 8, ""5xx"": 4}"
2026-03-21T13:56:00Z,API-0863,api-gateway,prod,,,/gw/v1/route,2570,0.0031,184.2,"{""2xx"": 2536, ""4xx"": 26, ""5xx"": 8}"
2026-03-21T13:56:00Z,API-0864,auth-service,prod,,,/auth/v1/login,893,0.0016,117.8,"{""2xx"": 883, ""4xx"": 9, ""5xx"": 1}"
2026-03-21T13:56:00Z,API-0865,payments-service,prod,,,/payments/v1/payments,627,0.0057,250.5,"{""2xx"": 617, ""4xx"": 6, ""5xx"": 4}"
2026-03-21T13:56:00Z,API-0866,accounts-service,prod,,,/accounts/v1/balance,1103,0.0036,149.8,"{""2xx"": 1088, ""4xx"": 11, ""5xx"": 4}"
2026-03-21T13:56:00Z,API-0867,notification-service,prod,,,/notify/v1/send,516,0.0101,168.5,"{""2xx"": 506, ""4xx"": 5, ""5xx"": 5}"
2026-03-21T13:56:00Z,API-0868,payment-network-gateway,prod,,,/routes/card,179,0.0044,323.6,"{""2xx"": 176, ""4xx"": 2, ""5xx"": 1}"
2026-03-21T13:56:00Z,API-0869,payment-network-gateway,prod,,,/routes/upi,224,0.0046,314.7,"{""2xx"": 221, ""4xx"": 2, ""5xx"": 1}"
2026-03-21T13:56:00Z,API-0870,payment-network-gateway,prod,,,/routes/neft,59,0.005,472.0,"{""2xx"": 58, ""4xx"": 1, ""5xx"": 0}"
2026-03-21T13:57:00Z,API-0871,mobile-app,prod,,,/app/v1/session,1169,0.0034,433.8,"{""2xx"": 1153, ""4xx"": 12, ""5xx"": 4}"
2026-03-21T13:57:00Z,API-0872,net-banking,prod,,,/web/v1/session,784,0.0035,376.7,"{""2xx"": 773, ""4xx"": 8, ""5xx"": 3}"
2026-03-21T13:57:00Z,API-0873,api-gateway,prod,,,/gw/v1/route,2600,0.0026,186.2,"{""2xx"": 2567, ""4xx"": 26, ""5xx"": 7}"
2026-03-21T13:57:00Z,API-0874,auth-service,prod,,,/auth/v1/login,876,0.0016,119.8,"{""2xx"": 866, ""4xx"": 9, ""5xx"": 1}"
2026-03-21T13:57:00Z,API-0875,payments-service,prod,,,/payments/v1/payments,611,0.0049,262.4,"{""2xx"": 602, ""4xx"": 6, ""5xx"": 3}"
2026-03-21T13:57:00Z,API-0876,accounts-service,prod,,,/accounts/v1/balance,1152,0.0026,155.2,"{""2xx"": 1137, ""4xx"": 12, ""5xx"": 3}"
2026-03-21T13:57:00Z,API-0877,notification-service,prod,,,/notify/v1/send,516,0.0104,164.4,"{""2xx"": 506, ""4xx"": 5, ""5xx"": 5}"
2026-03-21T13:57:00Z,API-0878,payment-network-gateway,prod,,,/routes/card,172,0.0043,324.4,"{""2xx"": 169, ""4xx"": 2, ""5xx"": 1}"
2026-03-21T13:57:00Z,API-0879,payment-network-gateway,prod,,,/routes/upi,223,0.0041,294.9,"{""2xx"": 220, ""4xx"": 2, ""5xx"": 1}"
2026-03-21T13:57:00Z,API-0880,payment-network-gateway,prod,,,/routes/neft,62,0.0041,432.5,"{""2xx"": 61, ""4xx"": 1, ""5xx"": 0}"
2026-03-21T13:58:00Z,API-0881,mobile-app,prod,,,/app/v1/session,1177,0.0045,438.5,"{""2xx"": 1160, ""4xx"": 12, ""5xx"": 5}"
2026-03-21T13:58:00Z,API-0882,net-banking,prod,,,/web/v1/session,763,0.0044,370.3,"{""2xx"": 752, ""4xx"": 8, ""5xx"": 3}"
2026-03-21T13:58:00Z,API-0883,api-gateway,prod,,,/gw/v1/route,2677,0.0028,172.6,"{""2xx"": 2643, ""4xx"": 27, ""5xx"": 7}"
2026-03-21T13:58:00Z,API-0884,auth-service,prod,,,/auth/v1/login,876,0.0019,115.0,"{""2xx"": 865, ""4xx"": 9, ""5xx"": 2}"
2026-03-21T13:58:00Z,API-0885,payments-service,prod,,,/payments/v1/payments,577,0.0042,271.5,"{""2xx"": 569, ""4xx"": 6, ""5xx"": 2}"
2026-03-21T13:58:00Z,API-0886,accounts-service,prod,,,/accounts/v1/balance,1143,0.0029,152.0,"{""2xx"": 1129, ""4xx"": 11, ""5xx"": 3}"
2026-03-21T13:58:00Z,API-0887,notification-service,prod,,,/notify/v1/send,500,0.0102,168.7,"{""2xx"": 490, ""4xx"": 5, ""5xx"": 5}"
2026-03-21T13:58:00Z,API-0888,payment-network-gateway,prod,,,/routes/card,184,0.0041,330.8,"{""2xx"": 181, ""4xx"": 2, ""5xx"": 1}"
2026-03-21T13:58:00Z,API-0889,payment-network-gateway,prod,,,/routes/upi,231,0.005,311.7,"{""2xx"": 228, ""4xx"": 2, ""5xx"": 1}"
2026-03-21T13:58:00Z,API-0890,payment-network-gateway,prod,,,/routes/neft,62,0.0032,453.0,"{""2xx"": 61, ""4xx"": 1, ""5xx"": 0}"
2026-03-21T13:59:00Z,API-0891,mobile-app,prod,,,/app/v1/session,1224,0.0035,424.7,"{""2xx"": 1208, ""4xx"": 12, ""5xx"": 4}"
2026-03-21T13:59:00Z,API-0892,net-banking,prod,,,/web/v1/session,817,0.0047,366.0,"{""2xx"": 805, ""4xx"": 8, ""5xx"": 4}"
2026-03-21T13:59:00Z,API-0893,api-gateway,prod,,,/gw/v1/route,2678,0.0036,185.7,"{""2xx"": 2641, ""4xx"": 27, ""5xx"": 10}"
2026-03-21T13:59:00Z,API-0894,auth-service,prod,,,/auth/v1/login,884,0.0018,122.0,"{""2xx"": 873, ""4xx"": 9, ""5xx"": 2}"
2026-03-21T13:59:00Z,API-0895,payments-service,prod,,,/payments/v1/payments,605,0.0062,268.5,"{""2xx"": 595, ""4xx"": 6, ""5xx"": 4}"
2026-03-21T13:59:00Z,API-0896,accounts-service,prod,,,/accounts/v1/balance,1103,0.0036,145.7,"{""2xx"": 1088, ""4xx"": 11, ""5xx"": 4}"
2026-03-21T13:59:00Z,API-0897,notification-service,prod,,,/notify/v1/send,496,0.0101,168.2,"{""2xx"": 486, ""4xx"": 5, ""5xx"": 5}"
2026-03-21T13:59:00Z,API-0898,payment-network-gateway,prod,,,/routes/card,179,0.0035,341.8,"{""2xx"": 176, ""4xx"": 2, ""5xx"": 1}"
2026-03-21T13:59:00Z,API-0899,payment-network-gateway,prod,,,/routes/upi,223,0.0047,292.3,"{""2xx"": 220, ""4xx"": 2, ""5xx"": 1}"
2026-03-21T13:59:00Z,API-0900,payment-network-gateway,prod,,,/routes/neft,62,0.0048,433.9,"{""2xx"": 61, ""4xx"": 1, ""5xx"": 0}"
